customer_id,default,housing,loan
1,no,no,no
2,unknown,no,no
3,no,yes,no
4,no,no,no
5,no,no,yes
6,unknown,no,no
7,no,no,no
8,unknown,no,no
9,no,yes,no
10,no,yes,no
11,unknown,no,no
12,no,yes,no
13,no,no,yes
14,no,yes,no
15,no,yes,no
16,unknown,yes,yes
17,no,yes,no
18,unknown,yes,yes
19,no,yes,yes
20,unknown,no,no
21,no,no,no
22,unknown,yes,no
23,no,yes,no
24,no,yes,no
25,no,yes,no
26,no,no,yes
27,no,yes,no
28,unknown,no,no
29,unknown,no,no
30,unknown,unknown,unknown
31,no,no,no
32,no,yes,no
33,no,no,no
34,unknown,yes,no
35,no,no,no
36,unknown,yes,no
37,no,no,no
38,no,yes,no
39,no,yes,no
40,no,yes,no
41,no,yes,no
42,no,yes,no
43,no,no,no
44,no,no,yes
45,unknown,yes,no
46,unknown,no,no
47,no,yes,yes
48,no,no,yes
49,no,yes,no
50,no,yes,no
51,no,no,no
52,no,no,yes
53,no,no,no
54,no,no,no
55,unknown,no,no
56,unknown,yes,no
57,unknown,no,yes
58,unknown,yes,no
59,unknown,yes,yes
60,no,yes,no
61,unknown,no,no
62,no,yes,no
63,unknown,yes,no
64,unknown,no,no
65,no,no,no
66,no,no,no
67,no,yes,no
68,no,yes,no
69,no,yes,no
70,unknown,yes,yes
71,no,no,no
72,no,yes,no
73,unknown,yes,no
74,unknown,no,no
75,unknown,yes,no
76,unknown,yes,no
77,no,no,no
78,unknown,yes,no
79,unknown,yes,no
80,unknown,no,no
81,unknown,yes,no
82,unknown,unknown,unknown
83,unknown,no,no
84,unknown,yes,no
85,no,no,yes
86,no,no,no
87,no,no,no
88,no,yes,yes
89,no,no,no
90,no,yes,no
91,no,yes,no
92,unknown,yes,no
93,unknown,no,yes
94,no,no,no
95,no,no,yes
96,no,yes,no
97,no,no,no
98,unknown,no,no
99,no,no,no
100,no,no,no
101,no,yes,no
102,no,no,no
103,no,no,no
104,no,no,no
105,no,no,no
106,unknown,no,no
107,no,yes,no
108,no,yes,no
109,unknown,yes,no
110,unknown,yes,yes
111,unknown,no,no
112,unknown,no,no
113,no,yes,no
114,unknown,yes,no
115,no,no,no
116,no,no,no
117,no,no,no
118,unknown,yes,no
119,no,yes,no
120,unknown,yes,no
121,unknown,yes,no
122,no,no,no
123,no,no,no
124,no,yes,no
125,no,yes,yes
126,no,no,yes
127,no,no,no
128,no,yes,yes
129,no,yes,no
130,unknown,yes,no
131,no,yes,yes
132,unknown,no,no
133,no,yes,no
134,no,yes,no
135,no,no,no
136,no,no,no
137,unknown,no,no
138,unknown,no,no
139,no,yes,no
140,unknown,yes,no
141,no,yes,no
142,no,yes,no
143,no,yes,no
144,no,yes,no
145,unknown,yes,no
146,unknown,yes,no
147,unknown,no,no
148,no,yes,no
149,unknown,yes,no
150,no,yes,no
151,unknown,no,no
152,unknown,yes,no
153,unknown,yes,no
154,unknown,no,no
155,no,yes,yes
156,no,yes,yes
157,unknown,yes,no
158,unknown,no,no
159,no,yes,no
160,no,no,no
161,no,yes,no
162,unknown,yes,yes
163,unknown,no,no
164,unknown,no,no
165,unknown,no,no
166,no,no,no
167,no,yes,yes
168,unknown,no,no
169,no,no,no
170,no,yes,no
171,unknown,no,yes
172,unknown,no,no
173,no,yes,yes
174,unknown,no,no
175,no,no,no
176,no,no,no
177,no,yes,yes
178,no,no,no
179,no,yes,no
180,no,no,no
181,no,no,no
182,unknown,yes,no
183,no,yes,yes
184,no,yes,no
185,unknown,no,no
186,no,no,no
187,unknown,no,no
188,unknown,no,no
189,unknown,no,no
190,no,yes,no
191,no,no,no
192,no,yes,no
193,no,no,no
194,no,no,no
195,unknown,yes,no
196,no,yes,no
197,unknown,yes,no
198,unknown,no,no
199,unknown,yes,no
200,no,yes,no
201,no,no,no
202,no,no,no
203,no,yes,no
204,no,no,no
205,no,yes,no
206,unknown,no,no
207,unknown,yes,yes
208,no,no,no
209,no,no,no
210,unknown,yes,no
211,no,yes,no
212,no,no,no
213,no,no,no
214,unknown,no,no
215,unknown,yes,no
216,unknown,yes,no
217,no,yes,no
218,no,yes,yes
219,unknown,no,no
220,no,no,no
221,no,yes,no
222,unknown,no,no
223,unknown,yes,no
224,unknown,yes,no
225,no,no,no
226,no,no,no
227,no,no,no
228,no,no,no
229,unknown,no,no
230,no,yes,yes
231,no,yes,no
232,no,yes,no
233,unknown,yes,no
234,unknown,no,no
235,unknown,no,no
236,no,yes,no
237,no,no,no
238,no,no,no
239,unknown,no,yes
240,unknown,no,yes
241,no,no,no
242,no,no,no
243,no,yes,no
244,no,no,no
245,unknown,no,no
246,no,no,no
247,no,no,no
248,no,yes,no
249,no,no,yes
250,no,no,no
251,no,no,no
252,no,yes,no
253,no,yes,no
254,no,yes,no
255,no,no,no
256,no,yes,yes
257,unknown,yes,no
258,no,no,yes
259,no,yes,no
260,no,no,yes
261,no,no,yes
262,no,unknown,unknown
263,no,no,no
264,no,no,no
265,no,no,no
266,no,no,no
267,no,yes,no
268,unknown,no,no
269,no,no,no
270,unknown,no,no
271,unknown,yes,no
272,no,no,no
273,unknown,no,no
274,no,no,no
275,unknown,yes,yes
276,unknown,no,no
277,no,no,no
278,unknown,no,no
279,no,no,no
280,no,no,no
281,no,no,no
282,no,yes,no
283,no,no,no
284,no,yes,no
285,no,yes,no
286,no,no,no
287,no,yes,no
288,no,yes,yes
289,unknown,yes,no
290,no,no,no
291,no,yes,no
292,no,yes,yes
293,unknown,no,yes
294,no,yes,no
295,no,yes,no
296,no,no,no
297,no,no,yes
298,no,yes,no
299,no,no,no
300,unknown,no,no
301,unknown,no,no
302,unknown,no,yes
303,unknown,no,no
304,no,yes,no
305,no,yes,no
306,unknown,yes,no
307,unknown,no,no
308,no,yes,yes
309,no,yes,no
310,no,yes,no
311,no,yes,no
312,no,no,no
313,no,no,no
314,unknown,yes,no
315,unknown,yes,no
316,unknown,no,no
317,no,no,no
318,no,no,no
319,no,no,no
320,no,yes,no
321,no,yes,no
322,no,yes,yes
323,no,no,no
324,unknown,no,no
325,no,yes,yes
326,no,no,no
327,no,yes,no
328,no,no,no
329,unknown,no,no
330,no,no,no
331,no,yes,no
332,no,yes,no
333,no,yes,no
334,no,no,yes
335,unknown,yes,no
336,no,yes,no
337,unknown,yes,no
338,no,yes,yes
339,unknown,yes,no
340,unknown,no,no
341,unknown,yes,no
342,no,yes,no
343,no,no,no
344,unknown,yes,no
345,no,yes,no
346,no,yes,no
347,no,no,no
348,unknown,yes,no
349,no,yes,no
350,no,no,no
351,unknown,no,no
352,no,no,no
353,no,no,no
354,no,yes,no
355,no,yes,no
356,no,no,no
357,no,no,no
358,no,no,no
359,no,no,no
360,no,yes,no
361,unknown,no,no
362,no,yes,no
363,no,yes,no
364,unknown,yes,no
365,no,yes,no
366,no,no,no
367,no,yes,no
368,no,no,no
369,unknown,yes,no
370,no,no,no
371,no,no,no
372,no,no,yes
373,no,yes,no
374,no,yes,no
375,no,no,no
376,no,no,no
377,no,yes,no
378,no,no,no
379,no,no,no
380,no,yes,yes
381,no,no,no
382,no,yes,no
383,no,no,no
384,unknown,no,no
385,unknown,yes,yes
386,unknown,unknown,unknown
387,no,no,no
388,unknown,yes,yes
389,unknown,yes,yes
390,no,yes,no
391,unknown,no,no
392,unknown,no,no
393,no,no,no
394,no,no,no
395,no,no,no
396,no,no,no
397,unknown,no,no
398,no,no,no
399,no,yes,yes
400,unknown,no,no
401,no,no,no
402,unknown,unknown,unknown
403,unknown,yes,no
404,unknown,yes,no
405,unknown,no,no
406,no,yes,no
407,no,no,no
408,no,yes,no
409,no,no,yes
410,unknown,yes,no
411,no,no,no
412,no,no,yes
413,no,no,no
414,no,no,no
415,unknown,yes,no
416,unknown,yes,yes
417,unknown,yes,yes
418,unknown,no,no
419,no,yes,no
420,no,yes,no
421,unknown,yes,no
422,no,no,no
423,unknown,no,no
424,unknown,no,no
425,unknown,yes,no
426,no,no,no
427,no,no,no
428,no,yes,no
429,unknown,yes,no
430,unknown,no,no
431,no,no,no
432,unknown,no,no
433,no,yes,no
434,no,yes,yes
435,unknown,no,no
436,no,yes,no
437,no,yes,no
438,no,no,no
439,no,no,no
440,no,yes,no
441,unknown,no,yes
442,no,no,no
443,unknown,no,no
444,no,yes,no
445,no,no,no
446,unknown,no,no
447,no,no,no
448,unknown,no,yes
449,unknown,no,no
450,no,no,yes
451,unknown,no,no
452,unknown,yes,no
453,no,no,no
454,no,yes,no
455,no,yes,no
456,no,no,no
457,unknown,yes,no
458,no,yes,no
459,no,no,no
460,no,no,yes
461,unknown,no,no
462,no,no,no
463,no,yes,no
464,no,yes,no
465,no,no,no
466,no,yes,yes
467,unknown,no,no
468,unknown,yes,no
469,no,yes,no
470,no,no,no
471,unknown,unknown,unknown
472,no,yes,no
473,no,no,no
474,unknown,yes,no
475,no,no,no
476,unknown,no,no
477,unknown,no,no
478,unknown,no,no
479,no,no,no
480,unknown,no,no
481,unknown,no,yes
482,no,yes,no
483,no,no,no
484,unknown,yes,no
485,unknown,yes,yes
486,no,unknown,unknown
487,unknown,no,no
488,no,yes,no
489,unknown,no,no
490,no,yes,no
491,no,yes,no
492,unknown,no,no
493,no,no,no
494,unknown,no,no
495,unknown,unknown,unknown
496,unknown,unknown,unknown
497,no,yes,no
498,unknown,yes,no
499,no,yes,no
500,unknown,yes,no
501,unknown,no,no
502,no,unknown,unknown
503,no,no,no
504,unknown,yes,no
505,unknown,yes,no
506,no,no,no
507,no,no,no
508,unknown,yes,no
509,no,yes,no
510,unknown,yes,no
511,no,no,no
512,no,no,no
513,no,yes,no
514,no,yes,yes
515,no,yes,no
516,unknown,yes,no
517,unknown,yes,no
518,no,no,no
519,unknown,no,no
520,no,no,no
521,unknown,unknown,unknown
522,no,no,no
523,no,yes,no
524,no,no,no
525,no,no,no
526,unknown,yes,no
527,no,no,no
528,no,yes,yes
529,no,no,no
530,no,no,no
531,no,no,no
532,unknown,yes,yes
533,no,no,no
534,no,no,no
535,no,no,no
536,unknown,no,no
537,no,yes,yes
538,unknown,no,no
539,unknown,no,no
540,no,no,no
541,unknown,no,no
542,unknown,no,no
543,unknown,no,yes
544,no,yes,no
545,no,yes,no
546,no,yes,yes
547,no,no,no
548,no,no,yes
549,no,yes,yes
550,unknown,unknown,unknown
551,no,no,no
552,unknown,no,no
553,no,no,no
554,no,yes,no
555,unknown,no,no
556,no,no,yes
557,no,no,yes
558,no,no,no
559,unknown,no,no
560,unknown,yes,yes
561,no,no,no
562,unknown,yes,no
563,no,yes,yes
564,unknown,no,no
565,no,unknown,unknown
566,no,yes,no
567,unknown,no,no
568,no,no,no
569,no,no,no
570,unknown,unknown,unknown
571,no,unknown,unknown
572,no,unknown,unknown
573,unknown,yes,no
574,unknown,yes,yes
575,no,no,no
576,no,no,no
577,no,no,no
578,unknown,no,yes
579,no,no,no
580,no,no,no
581,unknown,no,no
582,no,no,no
583,unknown,no,no
584,no,no,yes
585,unknown,no,no
586,no,no,yes
587,unknown,no,no
588,no,yes,no
589,unknown,no,no
590,unknown,no,no
591,no,no,no
592,no,yes,no
593,no,no,no
594,no,unknown,unknown
595,no,no,no
596,no,yes,no
597,no,no,no
598,no,yes,no
599,unknown,yes,no
600,no,no,no
601,no,yes,yes
602,no,no,no
603,no,no,no
604,unknown,no,no
605,no,yes,no
606,no,no,no
607,no,no,no
608,unknown,no,yes
609,unknown,no,no
610,no,no,no
611,no,yes,no
612,no,no,no
613,no,no,no
614,no,yes,no
615,no,yes,no
616,no,yes,no
617,unknown,no,no
618,no,no,no
619,no,yes,no
620,no,yes,no
621,no,yes,yes
622,no,no,no
623,no,no,no
624,unknown,no,no
625,no,yes,yes
626,no,yes,no
627,no,no,no
628,no,no,no
629,unknown,yes,no
630,no,no,no
631,no,no,no
632,no,no,no
633,no,no,no
634,no,no,no
635,unknown,yes,no
636,no,yes,no
637,no,yes,yes
638,no,no,no
639,unknown,yes,no
640,no,yes,no
641,unknown,unknown,unknown
642,no,yes,no
643,no,yes,no
644,unknown,yes,no
645,no,no,no
646,no,yes,no
647,no,no,no
648,no,no,no
649,unknown,yes,no
650,no,no,no
651,no,yes,no
652,no,no,no
653,unknown,yes,no
654,no,no,yes
655,unknown,yes,yes
656,no,no,no
657,no,no,no
658,unknown,no,yes
659,unknown,yes,no
660,no,no,no
661,unknown,no,no
662,no,yes,no
663,no,no,yes
664,no,unknown,unknown
665,unknown,yes,no
666,no,no,yes
667,no,yes,no
668,no,no,no
669,no,yes,no
670,no,no,no
671,unknown,no,no
672,unknown,yes,no
673,no,yes,no
674,no,no,yes
675,no,yes,no
676,no,no,yes
677,unknown,no,no
678,no,yes,no
679,no,no,no
680,unknown,yes,no
681,unknown,no,no
682,unknown,yes,no
683,no,no,no
684,unknown,yes,no
685,no,no,no
686,no,yes,no
687,unknown,yes,no
688,no,yes,no
689,unknown,yes,no
690,no,yes,no
691,no,yes,no
692,no,no,no
693,no,yes,no
694,unknown,yes,no
695,unknown,yes,no
696,unknown,no,no
697,unknown,no,no
698,no,no,no
699,no,no,no
700,unknown,no,no
701,no,yes,no
702,unknown,yes,no
703,no,yes,no
704,no,no,no
705,no,yes,no
706,no,yes,yes
707,no,no,no
708,unknown,yes,yes
709,unknown,yes,no
710,unknown,yes,no
711,no,yes,no
712,unknown,no,no
713,unknown,no,no
714,no,no,no
715,no,no,no
716,no,no,no
717,no,no,no
718,no,no,no
719,no,no,no
720,no,yes,no
721,no,yes,no
722,no,no,no
723,no,yes,no
724,no,no,no
725,no,yes,no
726,no,no,no
727,no,no,no
728,no,yes,no
729,unknown,yes,no
730,no,no,no
731,unknown,yes,yes
732,unknown,no,no
733,no,yes,yes
734,unknown,yes,no
735,unknown,no,no
736,unknown,yes,no
737,no,no,no
738,no,no,no
739,no,no,no
740,unknown,yes,no
741,no,no,no
742,no,yes,yes
743,unknown,yes,no
744,no,yes,yes
745,no,no,yes
746,unknown,yes,no
747,unknown,yes,yes
748,no,yes,no
749,no,no,no
750,no,yes,no
751,no,no,yes
752,no,yes,no
753,no,no,no
754,no,yes,no
755,no,no,no
756,unknown,yes,no
757,no,yes,no
758,unknown,no,no
759,unknown,yes,no
760,unknown,yes,no
761,no,no,no
762,no,no,no
763,no,yes,no
764,unknown,no,no
765,no,no,no
766,no,yes,no
767,no,no,no
768,unknown,no,no
769,unknown,unknown,unknown
770,unknown,no,no
771,unknown,unknown,unknown
772,no,yes,no
773,unknown,yes,no
774,no,no,no
775,no,no,no
776,no,yes,no
777,unknown,no,yes
778,no,unknown,unknown
779,no,yes,no
780,unknown,no,no
781,no,yes,no
782,unknown,yes,no
783,no,no,no
784,no,unknown,unknown
785,no,yes,no
786,no,no,no
787,no,yes,no
788,unknown,no,yes
789,no,yes,no
790,unknown,no,no
791,unknown,unknown,unknown
792,unknown,yes,yes
793,no,no,no
794,no,no,no
795,unknown,no,no
796,no,yes,no
797,no,no,no
798,no,yes,no
799,no,unknown,unknown
800,unknown,yes,yes
801,unknown,yes,no
802,no,no,no
803,no,no,no
804,no,no,no
805,no,no,no
806,no,no,no
807,no,yes,no
808,unknown,yes,no
809,no,no,no
810,no,yes,yes
811,unknown,no,no
812,no,no,no
813,no,yes,no
814,no,no,no
815,unknown,unknown,unknown
816,no,no,no
817,unknown,yes,no
818,no,yes,no
819,unknown,yes,no
820,no,yes,no
821,no,no,no
822,unknown,no,no
823,no,no,no
824,no,yes,no
825,no,no,yes
826,no,yes,no
827,no,no,no
828,no,yes,no
829,unknown,yes,yes
830,no,yes,no
831,no,yes,no
832,no,no,no
833,unknown,yes,yes
834,no,yes,no
835,unknown,yes,no
836,unknown,no,no
837,unknown,yes,no
838,unknown,yes,no
839,no,yes,no
840,no,yes,no
841,no,yes,no
842,no,no,no
843,no,yes,yes
844,unknown,yes,no
845,unknown,yes,no
846,unknown,yes,yes
847,no,no,no
848,no,yes,no
849,no,yes,no
850,no,yes,no
851,unknown,yes,no
852,unknown,no,no
853,no,yes,no
854,unknown,yes,no
855,unknown,yes,no
856,no,no,no
857,no,yes,no
858,unknown,yes,no
859,no,no,no
860,no,yes,no
861,no,yes,no
862,no,no,no
863,unknown,yes,no
864,no,yes,no
865,no,yes,yes
866,no,yes,no
867,no,yes,no
868,no,yes,no
869,unknown,no,no
870,no,yes,no
871,unknown,yes,no
872,no,yes,no
873,no,yes,no
874,unknown,yes,no
875,no,no,no
876,no,yes,yes
877,no,yes,no
878,no,yes,no
879,unknown,yes,no
880,unknown,yes,no
881,no,yes,no
882,no,yes,no
883,no,yes,no
884,unknown,yes,no
885,no,yes,no
886,unknown,no,no
887,no,yes,no
888,no,no,no
889,no,no,no
890,no,no,no
891,unknown,yes,no
892,no,no,no
893,no,no,no
894,no,yes,no
895,no,no,no
896,no,yes,no
897,no,yes,no
898,no,no,no
899,no,no,no
900,no,yes,no
901,no,yes,no
902,unknown,no,no
903,unknown,no,no
904,no,unknown,unknown
905,unknown,no,yes
906,no,no,no
907,no,no,no
908,unknown,no,no
909,no,no,no
910,unknown,no,yes
911,unknown,yes,no
912,no,no,no
913,no,no,no
914,no,no,no
915,no,no,yes
916,unknown,yes,no
917,no,yes,no
918,no,yes,no
919,unknown,yes,no
920,no,yes,no
921,no,yes,no
922,unknown,no,no
923,unknown,yes,no
924,no,yes,no
925,no,yes,no
926,no,yes,no
927,no,yes,no
928,no,yes,no
929,no,yes,yes
930,unknown,yes,no
931,unknown,yes,no
932,no,yes,no
933,unknown,yes,no
934,no,yes,no
935,no,no,no
936,unknown,yes,yes
937,unknown,no,no
938,no,yes,no
939,unknown,yes,no
940,unknown,yes,no
941,unknown,yes,no
942,unknown,unknown,unknown
943,unknown,no,no
944,unknown,no,no
945,unknown,no,no
946,unknown,no,no
947,no,no,no
948,unknown,yes,no
949,no,yes,no
950,no,yes,no
951,no,yes,yes
952,no,yes,yes
953,no,no,yes
954,no,no,no
955,unknown,no,no
956,no,no,no
957,no,no,no
958,unknown,yes,no
959,unknown,no,no
960,no,yes,no
961,no,no,no
962,unknown,no,no
963,no,no,yes
964,unknown,no,no
965,no,yes,no
966,no,no,no
967,no,yes,no
968,no,yes,no
969,no,no,no
970,no,no,no
971,no,yes,no
972,no,yes,no
973,no,yes,no
974,no,yes,no
975,no,yes,no
976,no,unknown,unknown
977,unknown,yes,no
978,no,no,no
979,no,no,no
980,no,yes,no
981,no,no,no
982,no,yes,yes
983,no,unknown,unknown
984,no,no,no
985,no,yes,no
986,unknown,no,no
987,no,yes,no
988,unknown,no,no
989,no,no,no
990,no,no,no
991,unknown,yes,no
992,no,unknown,unknown
993,no,no,no
994,unknown,no,no
995,no,no,no
996,no,yes,no
997,no,yes,yes
998,no,yes,no
999,no,yes,no
1000,no,no,no
1001,no,no,no
1002,no,no,no
1003,no,no,no
1004,no,yes,no
1005,no,unknown,unknown
1006,unknown,no,no
1007,unknown,no,no
1008,unknown,yes,no
1009,no,yes,no
1010,no,yes,no
1011,no,no,no
1012,no,no,no
1013,no,no,no
1014,no,no,no
1015,no,no,no
1016,no,yes,no
1017,unknown,no,no
1018,unknown,yes,no
1019,no,no,no
1020,no,yes,no
1021,unknown,no,no
1022,unknown,no,no
1023,no,no,no
1024,no,no,no
1025,unknown,unknown,unknown
1026,unknown,yes,no
1027,unknown,no,no
1028,no,yes,no
1029,no,no,yes
1030,no,yes,no
1031,unknown,no,no
1032,no,no,yes
1033,no,yes,no
1034,unknown,unknown,unknown
1035,no,no,no
1036,unknown,yes,no
1037,unknown,no,no
1038,no,yes,no
1039,no,yes,no
1040,unknown,no,yes
1041,no,no,no
1042,no,no,no
1043,no,yes,no
1044,unknown,no,no
1045,unknown,no,no
1046,unknown,no,no
1047,unknown,yes,no
1048,no,yes,no
1049,no,no,no
1050,unknown,unknown,unknown
1051,no,unknown,unknown
1052,unknown,no,no
1053,no,yes,no
1054,no,yes,no
1055,no,no,no
1056,unknown,yes,no
1057,no,no,no
1058,no,yes,no
1059,no,no,no
1060,no,no,no
1061,unknown,yes,no
1062,unknown,no,no
1063,unknown,unknown,unknown
1064,no,yes,no
1065,no,unknown,unknown
1066,no,no,no
1067,no,yes,no
1068,unknown,yes,no
1069,no,yes,yes
1070,no,no,no
1071,unknown,no,no
1072,no,yes,no
1073,no,no,no
1074,no,no,no
1075,no,no,no
1076,no,no,no
1077,no,no,no
1078,no,yes,no
1079,unknown,no,no
1080,no,yes,no
1081,no,yes,no
1082,unknown,no,yes
1083,no,yes,no
1084,no,yes,no
1085,no,yes,no
1086,no,yes,yes
1087,unknown,yes,no
1088,no,yes,no
1089,no,yes,no
1090,unknown,no,no
1091,no,yes,no
1092,unknown,no,no
1093,no,no,no
1094,unknown,yes,no
1095,no,yes,no
1096,unknown,no,no
1097,no,yes,no
1098,unknown,yes,no
1099,no,no,no
1100,no,yes,no
1101,no,no,no
1102,unknown,no,yes
1103,no,yes,no
1104,unknown,yes,yes
1105,no,yes,no
1106,no,yes,no
1107,no,yes,no
1108,no,yes,yes
1109,no,no,no
1110,no,no,no
1111,no,unknown,unknown
1112,no,yes,no
1113,no,no,no
1114,no,no,no
1115,no,no,no
1116,no,yes,no
1117,no,yes,yes
1118,no,no,no
1119,unknown,yes,no
1120,no,no,no
1121,no,no,no
1122,no,yes,no
1123,no,no,no
1124,unknown,no,no
1125,unknown,unknown,unknown
1126,unknown,no,no
1127,no,yes,no
1128,no,no,no
1129,unknown,no,no
1130,unknown,yes,no
1131,no,yes,no
1132,unknown,no,no
1133,unknown,no,no
1134,unknown,no,no
1135,no,yes,no
1136,no,yes,no
1137,no,yes,no
1138,no,no,no
1139,no,yes,no
1140,no,yes,yes
1141,unknown,no,no
1142,unknown,no,no
1143,no,no,no
1144,no,yes,no
1145,no,no,no
1146,no,yes,no
1147,no,yes,no
1148,no,yes,no
1149,unknown,no,no
1150,no,no,no
1151,unknown,no,no
1152,no,yes,yes
1153,no,yes,no
1154,no,no,no
1155,no,no,no
1156,no,no,no
1157,no,no,yes
1158,no,no,no
1159,no,yes,no
1160,unknown,no,no
1161,no,no,no
1162,unknown,yes,no
1163,no,yes,no
1164,no,no,no
1165,no,no,no
1166,no,no,no
1167,no,yes,no
1168,unknown,no,no
1169,no,no,no
1170,no,yes,no
1171,no,yes,no
1172,no,no,yes
1173,unknown,no,yes
1174,no,no,no
1175,no,no,no
1176,no,no,yes
1177,unknown,no,no
1178,no,no,no
1179,unknown,no,no
1180,unknown,no,no
1181,unknown,no,no
1182,no,no,no
1183,no,no,yes
1184,no,yes,yes
1185,no,no,no
1186,no,yes,no
1187,no,no,no
1188,no,no,yes
1189,no,no,no
1190,no,yes,no
1191,unknown,no,no
1192,no,yes,yes
1193,unknown,no,no
1194,unknown,yes,no
1195,unknown,no,no
1196,no,yes,no
1197,no,yes,no
1198,unknown,yes,yes
1199,no,yes,no
1200,no,yes,no
1201,no,no,no
1202,no,no,no
1203,no,yes,no
1204,unknown,no,no
1205,unknown,no,no
1206,no,yes,yes
1207,unknown,no,no
1208,no,yes,no
1209,no,no,no
1210,unknown,no,no
1211,no,yes,no
1212,no,no,no
1213,unknown,no,no
1214,no,yes,yes
1215,no,yes,yes
1216,no,yes,yes
1217,no,yes,no
1218,no,yes,no
1219,unknown,yes,no
1220,unknown,no,no
1221,no,yes,no
1222,unknown,no,no
1223,no,no,no
1224,unknown,no,no
1225,no,yes,no
1226,unknown,no,no
1227,no,no,no
1228,no,no,no
1229,no,no,no
1230,unknown,no,no
1231,no,no,no
1232,no,no,no
1233,unknown,no,yes
1234,no,no,no
1235,no,no,no
1236,unknown,no,yes
1237,unknown,no,no
1238,no,yes,no
1239,unknown,yes,no
1240,no,no,no
1241,no,no,no
1242,no,no,no
1243,unknown,no,yes
1244,unknown,no,no
1245,no,no,yes
1246,unknown,no,no
1247,no,no,no
1248,no,no,no
1249,no,no,no
1250,unknown,yes,no
1251,no,yes,no
1252,unknown,no,no
1253,no,yes,no
1254,no,yes,yes
1255,no,no,yes
1256,unknown,yes,yes
1257,no,yes,no
1258,no,yes,yes
1259,unknown,yes,no
1260,unknown,yes,no
1261,unknown,yes,no
1262,no,no,no
1263,unknown,yes,no
1264,no,yes,yes
1265,no,yes,no
1266,no,no,no
1267,no,no,no
1268,no,no,no
1269,no,no,no
1270,no,no,no
1271,no,yes,yes
1272,no,no,no
1273,unknown,no,no
1274,unknown,yes,no
1275,no,yes,no
1276,no,yes,no
1277,no,yes,no
1278,no,yes,no
1279,no,no,no
1280,no,no,no
1281,unknown,yes,no
1282,no,yes,no
1283,no,no,no
1284,unknown,no,no
1285,no,no,no
1286,no,yes,no
1287,no,yes,no
1288,no,yes,yes
1289,no,yes,no
1290,no,yes,no
1291,no,yes,no
1292,unknown,no,yes
1293,no,no,no
1294,no,no,yes
1295,no,yes,no
1296,no,yes,no
1297,unknown,yes,no
1298,no,no,no
1299,no,no,no
1300,unknown,yes,no
1301,no,yes,no
1302,no,yes,no
1303,no,no,yes
1304,unknown,no,no
1305,no,yes,no
1306,no,no,no
1307,unknown,yes,no
1308,unknown,no,no
1309,no,no,no
1310,no,yes,no
1311,no,yes,no
1312,no,no,no
1313,no,no,no
1314,unknown,no,no
1315,no,yes,no
1316,unknown,yes,no
1317,no,yes,yes
1318,no,no,no
1319,no,yes,no
1320,no,no,no
1321,no,no,yes
1322,unknown,no,no
1323,unknown,yes,no
1324,no,no,no
1325,no,yes,no
1326,no,no,no
1327,no,no,no
1328,no,yes,no
1329,no,no,no
1330,no,yes,no
1331,no,yes,no
1332,no,yes,no
1333,no,yes,no
1334,unknown,no,no
1335,unknown,yes,no
1336,no,no,no
1337,no,no,no
1338,no,yes,yes
1339,no,yes,no
1340,unknown,yes,no
1341,no,no,no
1342,no,yes,yes
1343,no,no,no
1344,no,no,no
1345,no,yes,no
1346,no,yes,no
1347,no,no,no
1348,no,no,no
1349,no,yes,no
1350,no,yes,no
1351,no,no,no
1352,unknown,no,yes
1353,no,no,no
1354,no,no,no
1355,unknown,yes,no
1356,no,yes,no
1357,no,yes,no
1358,no,no,no
1359,unknown,yes,no
1360,no,yes,no
1361,no,yes,no
1362,no,no,no
1363,unknown,yes,yes
1364,no,no,no
1365,unknown,yes,no
1366,no,no,no
1367,no,no,no
1368,no,no,yes
1369,no,yes,yes
1370,unknown,yes,no
1371,unknown,yes,no
1372,no,no,no
1373,no,unknown,unknown
1374,no,no,no
1375,no,no,no
1376,no,yes,no
1377,no,no,no
1378,no,yes,no
1379,no,no,no
1380,unknown,no,no
1381,unknown,no,no
1382,unknown,no,no
1383,no,yes,no
1384,no,no,yes
1385,unknown,no,yes
1386,unknown,no,no
1387,no,no,no
1388,unknown,yes,no
1389,unknown,no,no
1390,unknown,no,no
1391,unknown,no,yes
1392,no,no,no
1393,no,no,no
1394,no,no,no
1395,unknown,no,no
1396,no,no,no
1397,no,no,no
1398,no,no,no
1399,no,no,no
1400,no,no,no
1401,unknown,no,no
1402,no,yes,no
1403,no,no,no
1404,unknown,no,no
1405,unknown,unknown,unknown
1406,no,no,no
1407,unknown,no,no
1408,no,no,no
1409,no,no,no
1410,no,no,no
1411,no,yes,yes
1412,no,yes,yes
1413,no,yes,yes
1414,no,yes,no
1415,no,no,no
1416,no,yes,no
1417,unknown,no,yes
1418,no,yes,no
1419,no,no,yes
1420,no,no,no
1421,no,yes,no
1422,unknown,yes,yes
1423,no,no,no
1424,no,yes,no
1425,no,no,no
1426,no,no,no
1427,no,no,no
1428,no,unknown,unknown
1429,unknown,no,no
1430,no,no,no
1431,unknown,no,no
1432,no,no,yes
1433,no,yes,no
1434,unknown,yes,no
1435,no,no,no
1436,no,no,no
1437,unknown,no,no
1438,no,no,no
1439,unknown,no,no
1440,no,yes,no
1441,unknown,yes,no
1442,no,yes,no
1443,unknown,yes,no
1444,no,yes,yes
1445,no,yes,no
1446,no,no,no
1447,unknown,yes,yes
1448,unknown,yes,no
1449,no,yes,no
1450,no,yes,no
1451,no,no,no
1452,no,yes,no
1453,unknown,no,no
1454,no,no,yes
1455,no,yes,yes
1456,unknown,no,yes
1457,unknown,no,yes
1458,unknown,yes,no
1459,no,no,no
1460,no,no,yes
1461,no,no,yes
1462,no,yes,no
1463,no,yes,no
1464,no,no,no
1465,unknown,no,yes
1466,no,yes,no
1467,unknown,yes,no
1468,no,no,no
1469,no,yes,no
1470,no,yes,no
1471,no,yes,no
1472,no,yes,yes
1473,no,no,no
1474,no,no,no
1475,no,yes,no
1476,no,no,no
1477,no,no,no
1478,no,no,yes
1479,no,yes,no
1480,no,yes,no
1481,unknown,yes,no
1482,no,yes,no
1483,no,no,no
1484,no,yes,no
1485,no,no,no
1486,no,yes,no
1487,no,no,no
1488,unknown,yes,no
1489,no,yes,no
1490,no,yes,no
1491,unknown,no,no
1492,no,yes,no
1493,no,no,no
1494,no,yes,yes
1495,no,yes,yes
1496,no,no,no
1497,unknown,no,no
1498,unknown,no,no
1499,no,no,yes
1500,unknown,no,no
1501,no,yes,yes
1502,no,yes,no
1503,no,no,no
1504,unknown,no,no
1505,unknown,no,no
1506,no,yes,no
1507,no,no,no
1508,unknown,no,no
1509,no,yes,yes
1510,unknown,no,no
1511,unknown,yes,no
1512,unknown,no,no
1513,unknown,yes,yes
1514,no,yes,no
1515,no,no,no
1516,no,yes,no
1517,unknown,yes,yes
1518,no,yes,no
1519,unknown,no,no
1520,no,yes,no
1521,unknown,yes,no
1522,no,yes,no
1523,no,yes,no
1524,no,yes,no
1525,no,no,no
1526,no,yes,yes
1527,no,no,yes
1528,unknown,no,no
1529,unknown,yes,yes
1530,no,yes,no
1531,no,no,yes
1532,no,yes,no
1533,no,no,no
1534,no,no,yes
1535,no,yes,yes
1536,no,yes,no
1537,no,no,yes
1538,no,yes,no
1539,no,no,no
1540,no,yes,no
1541,no,yes,yes
1542,unknown,no,no
1543,no,no,no
1544,no,yes,no
1545,no,no,no
1546,no,yes,no
1547,no,no,no
1548,no,no,no
1549,no,no,no
1550,no,yes,no
1551,no,yes,no
1552,unknown,no,no
1553,no,no,no
1554,unknown,yes,no
1555,no,yes,no
1556,no,yes,no
1557,no,yes,no
1558,no,yes,yes
1559,no,no,no
1560,no,no,no
1561,unknown,yes,no
1562,unknown,no,no
1563,no,no,no
1564,no,no,no
1565,unknown,yes,no
1566,no,yes,no
1567,no,yes,no
1568,no,yes,no
1569,no,no,no
1570,no,no,no
1571,no,no,no
1572,no,yes,no
1573,no,no,no
1574,no,yes,no
1575,no,yes,no
1576,no,yes,no
1577,no,yes,no
1578,no,no,no
1579,no,yes,no
1580,unknown,no,no
1581,no,no,no
1582,no,yes,no
1583,unknown,no,yes
1584,no,no,no
1585,unknown,yes,no
1586,unknown,no,no
1587,unknown,no,no
1588,unknown,yes,no
1589,no,no,no
1590,unknown,unknown,unknown
1591,unknown,yes,no
1592,no,no,no
1593,no,no,no
1594,no,yes,no
1595,no,no,no
1596,no,yes,no
1597,unknown,unknown,unknown
1598,no,unknown,unknown
1599,no,unknown,unknown
1600,no,yes,yes
1601,no,no,no
1602,no,yes,no
1603,no,yes,no
1604,no,yes,no
1605,no,no,no
1606,no,no,no
1607,no,no,no
1608,no,no,yes
1609,no,no,no
1610,no,yes,no
1611,no,no,no
1612,unknown,no,no
1613,unknown,yes,yes
1614,unknown,no,no
1615,no,no,no
1616,no,yes,no
1617,no,yes,no
1618,no,no,no
1619,no,yes,no
1620,no,yes,no
1621,no,yes,yes
1622,no,yes,no
1623,no,no,yes
1624,no,no,no
1625,no,no,no
1626,unknown,yes,no
1627,unknown,yes,no
1628,no,no,no
1629,no,no,no
1630,no,no,no
1631,no,no,no
1632,no,yes,no
1633,unknown,no,no
1634,unknown,no,no
1635,no,yes,no
1636,unknown,yes,no
1637,unknown,no,no
1638,no,no,no
1639,unknown,yes,no
1640,unknown,yes,yes
1641,no,no,no
1642,no,no,no
1643,no,no,no
1644,no,yes,yes
1645,unknown,no,no
1646,no,no,no
1647,no,no,no
1648,unknown,yes,no
1649,unknown,no,no
1650,unknown,yes,no
1651,no,no,no
1652,no,no,no
1653,no,no,no
1654,no,unknown,unknown
1655,unknown,no,no
1656,no,yes,yes
1657,no,no,no
1658,no,no,no
1659,no,no,no
1660,no,no,no
1661,unknown,yes,yes
1662,no,yes,yes
1663,unknown,yes,no
1664,unknown,yes,no
1665,no,yes,yes
1666,no,no,no
1667,no,no,no
1668,no,yes,yes
1669,unknown,yes,no
1670,no,no,no
1671,unknown,no,no
1672,unknown,no,no
1673,no,no,no
1674,no,yes,no
1675,unknown,no,no
1676,unknown,no,no
1677,unknown,yes,no
1678,unknown,no,no
1679,no,yes,no
1680,no,yes,no
1681,unknown,no,no
1682,no,no,no
1683,no,yes,no
1684,no,no,no
1685,no,no,no
1686,unknown,yes,no
1687,no,yes,no
1688,no,no,yes
1689,no,yes,yes
1690,no,yes,yes
1691,no,no,no
1692,unknown,yes,yes
1693,no,yes,no
1694,unknown,yes,no
1695,no,no,no
1696,unknown,no,no
1697,no,no,no
1698,no,no,no
1699,unknown,no,no
1700,no,no,no
1701,no,no,no
1702,unknown,no,no
1703,no,no,no
1704,no,no,no
1705,unknown,no,no
1706,no,no,no
1707,no,no,no
1708,no,yes,no
1709,unknown,no,no
1710,no,no,no
1711,no,no,no
1712,no,no,no
1713,unknown,no,no
1714,no,yes,no
1715,no,yes,no
1716,unknown,no,no
1717,unknown,yes,no
1718,no,no,no
1719,no,no,no
1720,no,no,no
1721,unknown,no,no
1722,no,no,no
1723,no,no,no
1724,no,yes,yes
1725,no,yes,no
1726,no,no,yes
1727,no,no,yes
1728,no,no,no
1729,unknown,no,no
1730,no,no,no
1731,no,yes,no
1732,unknown,no,no
1733,no,yes,no
1734,no,yes,no
1735,no,yes,yes
1736,unknown,no,no
1737,unknown,yes,no
1738,unknown,no,no
1739,unknown,no,no
1740,unknown,yes,no
1741,no,no,no
1742,no,yes,no
1743,no,no,no
1744,no,no,no
1745,no,yes,yes
1746,no,no,no
1747,unknown,yes,yes
1748,no,yes,yes
1749,no,yes,yes
1750,no,yes,no
1751,no,no,no
1752,no,no,no
1753,no,yes,no
1754,no,yes,no
1755,no,yes,no
1756,unknown,no,no
1757,no,no,no
1758,no,yes,no
1759,unknown,no,yes
1760,no,no,yes
1761,unknown,yes,no
1762,no,yes,no
1763,no,no,yes
1764,no,yes,no
1765,no,no,no
1766,no,yes,no
1767,no,yes,yes
1768,no,yes,yes
1769,no,no,no
1770,no,yes,no
1771,no,yes,no
1772,no,yes,yes
1773,no,no,no
1774,no,yes,no
1775,no,no,yes
1776,no,no,no
1777,unknown,yes,no
1778,no,no,no
1779,no,no,no
1780,unknown,no,no
1781,no,yes,no
1782,no,no,no
1783,unknown,yes,yes
1784,no,no,yes
1785,no,no,no
1786,no,yes,no
1787,no,yes,yes
1788,no,yes,no
1789,unknown,yes,yes
1790,no,no,no
1791,no,no,no
1792,no,no,yes
1793,unknown,yes,no
1794,unknown,no,no
1795,no,yes,no
1796,no,no,no
1797,no,yes,no
1798,no,yes,yes
1799,no,no,no
1800,unknown,no,no
1801,no,no,no
1802,no,no,no
1803,no,no,yes
1804,no,no,no
1805,no,yes,no
1806,no,yes,yes
1807,no,yes,no
1808,no,yes,no
1809,no,no,no
1810,unknown,yes,no
1811,unknown,yes,no
1812,no,no,no
1813,no,no,no
1814,no,no,no
1815,unknown,yes,no
1816,unknown,unknown,unknown
1817,no,yes,no
1818,no,no,no
1819,no,yes,no
1820,unknown,yes,no
1821,no,yes,no
1822,no,yes,no
1823,no,yes,no
1824,no,yes,no
1825,no,no,no
1826,unknown,yes,no
1827,no,yes,no
1828,no,yes,no
1829,no,no,no
1830,no,yes,no
1831,no,yes,no
1832,no,no,no
1833,no,yes,yes
1834,no,no,no
1835,no,yes,no
1836,no,yes,yes
1837,unknown,no,no
1838,unknown,yes,yes
1839,no,yes,yes
1840,no,yes,no
1841,no,no,no
1842,no,no,no
1843,no,no,no
1844,unknown,yes,no
1845,no,no,no
1846,unknown,yes,no
1847,no,yes,no
1848,no,yes,no
1849,no,yes,no
1850,no,yes,no
1851,no,no,no
1852,no,yes,no
1853,no,yes,no
1854,no,no,no
1855,unknown,no,no
1856,no,no,no
1857,no,no,no
1858,no,yes,no
1859,unknown,unknown,unknown
1860,no,no,no
1861,no,unknown,unknown
1862,no,yes,no
1863,no,no,no
1864,unknown,yes,no
1865,no,yes,no
1866,unknown,yes,no
1867,unknown,no,no
1868,no,yes,no
1869,unknown,yes,no
1870,no,yes,no
1871,no,yes,no
1872,no,yes,no
1873,no,yes,no
1874,no,yes,no
1875,no,no,yes
1876,no,yes,no
1877,no,no,no
1878,unknown,yes,no
1879,no,yes,no
1880,unknown,yes,no
1881,no,no,yes
1882,unknown,yes,no
1883,unknown,no,no
1884,unknown,no,no
1885,unknown,no,no
1886,unknown,no,no
1887,no,unknown,unknown
1888,no,no,yes
1889,no,no,no
1890,unknown,no,no
1891,no,yes,no
1892,no,yes,no
1893,no,no,no
1894,no,no,no
1895,no,no,no
1896,no,yes,no
1897,unknown,yes,no
1898,unknown,yes,no
1899,no,no,no
1900,unknown,yes,no
1901,no,yes,no
1902,unknown,yes,no
1903,unknown,no,no
1904,no,no,yes
1905,no,yes,yes
1906,unknown,yes,no
1907,no,no,no
1908,unknown,yes,no
1909,no,yes,no
1910,no,no,no
1911,unknown,no,no
1912,no,no,no
1913,unknown,yes,no
1914,unknown,no,no
1915,unknown,yes,no
1916,unknown,unknown,unknown
1917,no,no,no
1918,no,yes,no
1919,unknown,yes,yes
1920,no,no,no
1921,no,yes,no
1922,no,yes,no
1923,unknown,no,yes
1924,no,yes,no
1925,unknown,yes,yes
1926,no,no,no
1927,no,no,no
1928,no,no,no
1929,no,yes,no
1930,no,yes,no
1931,no,no,no
1932,unknown,no,no
1933,no,no,no
1934,unknown,no,no
1935,no,yes,no
1936,no,yes,no
1937,no,no,yes
1938,unknown,yes,no
1939,no,no,no
1940,no,no,no
1941,unknown,no,no
1942,no,yes,yes
1943,no,yes,no
1944,unknown,no,no
1945,no,yes,no
1946,no,no,no
1947,no,unknown,unknown
1948,no,unknown,unknown
1949,no,no,no
1950,unknown,unknown,unknown
1951,no,no,no
1952,unknown,no,no
1953,no,yes,yes
1954,no,no,no
1955,unknown,yes,yes
1956,no,no,no
1957,no,yes,no
1958,no,no,no
1959,no,no,no
1960,no,no,no
1961,no,yes,no
1962,no,no,no
1963,no,yes,no
1964,no,yes,no
1965,no,yes,no
1966,unknown,yes,no
1967,unknown,no,no
1968,unknown,no,no
1969,no,yes,no
1970,no,no,no
1971,no,no,no
1972,unknown,yes,no
1973,unknown,no,no
1974,no,no,no
1975,no,no,no
1976,no,yes,no
1977,no,yes,no
1978,no,no,yes
1979,no,no,yes
1980,no,no,no
1981,no,yes,no
1982,no,no,no
1983,no,yes,no
1984,unknown,yes,no
1985,no,yes,no
1986,unknown,no,no
1987,no,no,yes
1988,unknown,yes,yes
1989,unknown,yes,no
1990,unknown,no,no
1991,unknown,yes,yes
1992,no,no,no
1993,unknown,yes,no
1994,unknown,no,no
1995,no,yes,no
1996,unknown,yes,no
1997,no,yes,no
1998,no,yes,no
1999,no,yes,no
2000,no,yes,no
2001,no,yes,no
2002,unknown,yes,no
2003,no,no,no
2004,unknown,yes,no
2005,no,yes,no
2006,no,yes,no
2007,unknown,unknown,unknown
2008,unknown,yes,no
2009,no,yes,no
2010,unknown,yes,no
2011,unknown,no,no
2012,no,yes,no
2013,no,yes,no
2014,no,no,yes
2015,unknown,no,no
2016,no,no,no
2017,unknown,yes,no
2018,no,yes,no
2019,no,no,no
2020,unknown,no,no
2021,no,yes,yes
2022,unknown,no,no
2023,no,yes,no
2024,no,no,no
2025,no,yes,yes
2026,no,yes,no
2027,no,yes,no
2028,unknown,yes,no
2029,no,yes,no
2030,no,yes,no
2031,unknown,yes,no
2032,unknown,yes,no
2033,no,yes,no
2034,unknown,no,no
2035,unknown,unknown,unknown
2036,unknown,no,no
2037,no,no,no
2038,no,yes,no
2039,no,no,no
2040,no,no,no
2041,unknown,yes,no
2042,unknown,no,no
2043,no,no,no
2044,no,no,no
2045,unknown,no,no
2046,unknown,no,no
2047,unknown,no,no
2048,unknown,yes,no
2049,no,no,no
2050,no,no,no
2051,no,no,no
2052,no,yes,no
2053,no,no,no
2054,unknown,no,no
2055,no,yes,yes
2056,no,yes,no
2057,unknown,no,no
2058,unknown,no,no
2059,unknown,no,no
2060,no,no,no
2061,unknown,no,no
2062,no,yes,no
2063,no,yes,yes
2064,no,no,no
2065,no,no,no
2066,no,no,no
2067,unknown,yes,no
2068,no,no,no
2069,no,no,no
2070,no,no,no
2071,no,no,no
2072,unknown,no,no
2073,unknown,no,no
2074,no,no,no
2075,unknown,no,no
2076,unknown,no,no
2077,no,no,no
2078,no,yes,yes
2079,unknown,no,no
2080,no,no,no
2081,no,no,yes
2082,unknown,no,no
2083,no,no,no
2084,unknown,no,yes
2085,no,no,no
2086,no,yes,no
2087,no,no,no
2088,unknown,no,no
2089,unknown,no,no
2090,unknown,yes,no
2091,no,no,no
2092,no,yes,no
2093,unknown,yes,no
2094,no,no,no
2095,unknown,no,no
2096,unknown,no,no
2097,no,yes,no
2098,no,yes,no
2099,no,no,no
2100,unknown,yes,yes
2101,no,yes,no
2102,no,yes,yes
2103,no,no,no
2104,no,no,no
2105,no,yes,yes
2106,unknown,unknown,unknown
2107,unknown,no,no
2108,no,no,no
2109,unknown,yes,yes
2110,no,no,no
2111,no,yes,no
2112,no,yes,no
2113,no,yes,no
2114,unknown,yes,no
2115,no,yes,no
2116,no,yes,no
2117,no,no,no
2118,unknown,yes,no
2119,unknown,yes,no
2120,no,no,no
2121,no,no,no
2122,no,yes,no
2123,no,no,no
2124,no,no,no
2125,unknown,unknown,unknown
2126,unknown,no,no
2127,unknown,yes,no
2128,no,no,no
2129,unknown,no,no
2130,no,yes,yes
2131,unknown,no,no
2132,no,yes,yes
2133,no,unknown,unknown
2134,no,no,no
2135,unknown,yes,no
2136,no,no,no
2137,no,no,no
2138,unknown,no,no
2139,no,no,no
2140,no,yes,yes
2141,unknown,yes,no
2142,no,no,no
2143,unknown,no,no
2144,no,no,no
2145,no,no,no
2146,no,no,no
2147,no,yes,yes
2148,no,yes,no
2149,unknown,yes,no
2150,unknown,yes,no
2151,no,yes,no
2152,unknown,yes,no
2153,no,yes,yes
2154,no,yes,no
2155,unknown,yes,no
2156,no,unknown,unknown
2157,no,no,no
2158,no,no,no
2159,no,yes,no
2160,no,yes,no
2161,no,yes,no
2162,unknown,yes,no
2163,unknown,yes,no
2164,no,yes,no
2165,no,yes,no
2166,no,unknown,unknown
2167,no,yes,no
2168,no,yes,no
2169,no,yes,no
2170,no,no,no
2171,no,no,no
2172,no,no,no
2173,unknown,yes,yes
2174,no,no,no
2175,no,yes,no
2176,no,no,yes
2177,no,yes,no
2178,no,yes,yes
2179,no,no,no
2180,unknown,no,no
2181,no,no,yes
2182,unknown,no,no
2183,no,no,no
2184,no,no,no
2185,no,no,yes
2186,no,yes,no
2187,no,yes,no
2188,no,yes,no
2189,no,unknown,unknown
2190,unknown,no,no
2191,no,no,no
2192,unknown,no,no
2193,unknown,no,no
2194,no,yes,no
2195,no,no,no
2196,no,no,no
2197,no,yes,no
2198,no,yes,yes
2199,unknown,no,no
2200,no,unknown,unknown
2201,unknown,yes,no
2202,unknown,yes,no
2203,no,no,no
2204,unknown,yes,yes
2205,unknown,yes,no
2206,no,no,no
2207,no,no,no
2208,unknown,yes,no
2209,unknown,yes,no
2210,no,unknown,unknown
2211,no,no,no
2212,no,yes,no
2213,no,unknown,unknown
2214,no,yes,yes
2215,unknown,yes,no
2216,no,yes,no
2217,no,no,yes
2218,unknown,no,yes
2219,unknown,no,no
2220,unknown,yes,no
2221,unknown,yes,yes
2222,no,no,no
2223,no,no,no
2224,no,no,no
2225,unknown,no,no
2226,no,no,no
2227,unknown,no,no
2228,unknown,no,no
2229,unknown,yes,no
2230,unknown,yes,no
2231,unknown,yes,no
2232,no,no,no
2233,no,no,no
2234,no,no,no
2235,no,no,no
2236,no,unknown,unknown
2237,unknown,yes,no
2238,no,yes,no
2239,no,yes,no
2240,no,no,no
2241,no,yes,no
2242,unknown,yes,no
2243,no,no,no
2244,no,no,no
2245,no,yes,yes
2246,no,yes,no
2247,no,yes,no
2248,no,no,no
2249,no,no,no
2250,no,yes,no
2251,no,yes,no
2252,no,yes,no
2253,no,no,no
2254,no,yes,no
2255,no,no,no
2256,unknown,unknown,unknown
2257,unknown,no,no
2258,unknown,no,no
2259,unknown,yes,no
2260,unknown,no,no
2261,no,yes,no
2262,no,no,no
2263,no,no,no
2264,no,yes,no
2265,no,yes,no
2266,no,no,no
2267,no,yes,no
2268,unknown,yes,no
2269,unknown,no,yes
2270,no,unknown,unknown
2271,no,yes,no
2272,no,yes,no
2273,unknown,no,no
2274,no,yes,yes
2275,no,no,no
2276,unknown,no,no
2277,no,yes,no
2278,no,no,no
2279,unknown,yes,no
2280,no,yes,no
2281,no,yes,no
2282,unknown,no,no
2283,no,no,no
2284,no,yes,no
2285,no,no,no
2286,no,no,no
2287,no,yes,no
2288,no,no,yes
2289,no,yes,no
2290,no,no,yes
2291,unknown,no,no
2292,no,yes,no
2293,no,yes,no
2294,no,no,no
2295,unknown,no,no
2296,unknown,no,no
2297,unknown,no,no
2298,unknown,yes,no
2299,no,no,no
2300,no,yes,no
2301,no,yes,no
2302,no,no,no
2303,unknown,no,no
2304,unknown,no,yes
2305,no,no,no
2306,no,yes,yes
2307,unknown,unknown,unknown
2308,no,unknown,unknown
2309,unknown,unknown,unknown
2310,no,no,no
2311,no,no,no
2312,no,yes,no
2313,unknown,yes,no
2314,unknown,yes,no
2315,no,no,no
2316,no,yes,no
2317,no,yes,yes
2318,unknown,no,no
2319,unknown,no,no
2320,no,no,no
2321,unknown,yes,no
2322,no,no,yes
2323,no,no,yes
2324,unknown,yes,no
2325,no,no,no
2326,unknown,no,no
2327,unknown,no,yes
2328,no,unknown,unknown
2329,no,unknown,unknown
2330,no,yes,no
2331,no,yes,no
2332,no,yes,no
2333,no,yes,no
2334,no,no,no
2335,no,yes,no
2336,no,no,no
2337,no,yes,yes
2338,no,no,no
2339,no,yes,no
2340,no,no,no
2341,unknown,yes,no
2342,unknown,yes,no
2343,no,yes,no
2344,unknown,yes,no
2345,unknown,yes,yes
2346,unknown,yes,no
2347,no,no,no
2348,no,no,no
2349,no,no,no
2350,no,no,no
2351,no,yes,no
2352,no,no,yes
2353,unknown,no,no
2354,unknown,yes,no
2355,unknown,no,yes
2356,unknown,yes,no
2357,no,yes,yes
2358,unknown,no,no
2359,no,yes,no
2360,no,no,no
2361,no,yes,no
2362,no,yes,no
2363,no,yes,no
2364,unknown,yes,no
2365,no,no,yes
2366,no,yes,no
2367,no,no,yes
2368,no,no,no
2369,unknown,no,no
2370,no,no,no
2371,no,no,no
2372,no,no,yes
2373,no,yes,no
2374,no,no,no
2375,unknown,no,yes
2376,unknown,no,no
2377,no,yes,no
2378,unknown,no,no
2379,unknown,no,no
2380,unknown,no,no
2381,unknown,no,no
2382,no,no,no
2383,no,no,yes
2384,no,yes,no
2385,unknown,yes,yes
2386,no,yes,no
2387,no,no,yes
2388,no,yes,no
2389,unknown,no,no
2390,unknown,no,no
2391,no,no,no
2392,no,no,no
2393,unknown,no,no
2394,unknown,no,no
2395,unknown,yes,yes
2396,unknown,no,no
2397,unknown,yes,no
2398,no,yes,yes
2399,no,no,no
2400,unknown,no,no
2401,no,no,yes
2402,unknown,no,no
2403,unknown,no,no
2404,no,no,no
2405,unknown,yes,no
2406,no,no,no
2407,unknown,yes,no
2408,no,no,no
2409,no,no,no
2410,unknown,yes,no
2411,no,no,no
2412,unknown,no,no
2413,unknown,yes,no
2414,unknown,no,no
2415,no,no,no
2416,unknown,yes,yes
2417,no,yes,no
2418,no,no,no
2419,unknown,yes,no
2420,no,no,yes
2421,unknown,yes,yes
2422,no,yes,no
2423,no,no,yes
2424,no,no,no
2425,no,no,no
2426,no,no,yes
2427,unknown,no,no
2428,unknown,no,no
2429,unknown,yes,no
2430,unknown,yes,no
2431,unknown,yes,no
2432,unknown,no,no
2433,no,yes,no
2434,unknown,no,no
2435,no,no,no
2436,no,no,no
2437,no,no,no
2438,no,yes,no
2439,no,yes,no
2440,unknown,yes,no
2441,no,no,no
2442,no,no,no
2443,unknown,no,no
2444,no,yes,yes
2445,unknown,no,no
2446,no,yes,no
2447,no,yes,no
2448,no,yes,no
2449,no,yes,yes
2450,no,yes,yes
2451,no,yes,no
2452,unknown,yes,no
2453,no,no,no
2454,no,no,no
2455,unknown,no,no
2456,unknown,no,yes
2457,unknown,no,no
2458,unknown,no,no
2459,no,unknown,unknown
2460,unknown,no,no
2461,unknown,unknown,unknown
2462,no,no,no
2463,no,no,no
2464,no,no,yes
2465,unknown,no,no
2466,no,no,no
2467,no,no,no
2468,unknown,no,no
2469,no,no,no
2470,no,yes,no
2471,unknown,no,no
2472,unknown,yes,yes
2473,unknown,no,no
2474,no,no,no
2475,no,no,no
2476,unknown,no,no
2477,unknown,yes,yes
2478,no,yes,no
2479,no,no,no
2480,no,no,no
2481,unknown,yes,no
2482,no,no,no
2483,unknown,yes,no
2484,no,no,no
2485,unknown,no,no
2486,no,no,no
2487,no,yes,no
2488,no,no,no
2489,unknown,yes,no
2490,no,yes,no
2491,unknown,yes,no
2492,no,no,no
2493,no,yes,yes
2494,unknown,yes,no
2495,unknown,yes,no
2496,no,yes,no
2497,no,no,no
2498,no,no,no
2499,no,yes,no
2500,no,yes,no
2501,no,no,no
2502,unknown,no,no
2503,unknown,no,no
2504,no,yes,no
2505,unknown,no,no
2506,no,no,no
2507,no,unknown,unknown
2508,unknown,yes,no
2509,unknown,no,no
2510,unknown,yes,no
2511,unknown,no,no
2512,no,yes,no
2513,no,yes,no
2514,no,no,no
2515,no,yes,no
2516,no,yes,no
2517,no,no,yes
2518,no,no,no
2519,no,no,no
2520,no,no,yes
2521,no,no,no
2522,no,yes,yes
2523,no,yes,no
2524,no,yes,no
2525,unknown,yes,no
2526,no,unknown,unknown
2527,no,yes,no
2528,no,yes,no
2529,no,yes,no
2530,unknown,unknown,unknown
2531,no,no,no
2532,no,yes,no
2533,unknown,yes,no
2534,unknown,yes,no
2535,unknown,yes,no
2536,unknown,no,no
2537,unknown,no,no
2538,unknown,no,no
2539,unknown,yes,yes
2540,no,yes,no
2541,unknown,no,no
2542,no,no,no
2543,no,no,no
2544,unknown,no,yes
2545,no,yes,yes
2546,no,yes,yes
2547,unknown,yes,no
2548,unknown,no,yes
2549,no,unknown,unknown
2550,no,no,no
2551,no,no,no
2552,no,yes,no
2553,no,unknown,unknown
2554,unknown,no,no
2555,unknown,yes,no
2556,unknown,no,no
2557,no,no,no
2558,unknown,yes,no
2559,no,no,no
2560,no,yes,no
2561,no,no,no
2562,no,no,no
2563,no,no,no
2564,no,no,no
2565,no,no,no
2566,no,no,no
2567,no,no,yes
2568,no,no,no
2569,no,no,no
2570,no,no,no
2571,no,yes,no
2572,unknown,no,no
2573,unknown,no,no
2574,no,no,no
2575,no,no,no
2576,no,yes,no
2577,no,no,no
2578,no,no,no
2579,no,yes,no
2580,no,yes,no
2581,no,no,no
2582,unknown,yes,no
2583,no,yes,no
2584,no,yes,no
2585,no,yes,no
2586,no,no,no
2587,no,no,no
2588,no,no,no
2589,no,no,no
2590,unknown,no,yes
2591,unknown,yes,no
2592,unknown,no,no
2593,unknown,yes,yes
2594,unknown,no,no
2595,no,yes,no
2596,unknown,yes,no
2597,unknown,yes,no
2598,unknown,yes,no
2599,no,no,no
2600,unknown,yes,no
2601,no,no,no
2602,no,no,no
2603,unknown,yes,no
2604,no,yes,no
2605,unknown,yes,no
2606,unknown,yes,no
2607,no,no,yes
2608,unknown,no,no
2609,no,no,no
2610,no,yes,yes
2611,no,yes,yes
2612,no,yes,no
2613,no,no,no
2614,no,yes,no
2615,unknown,yes,no
2616,no,no,no
2617,no,no,yes
2618,no,yes,no
2619,no,yes,no
2620,no,yes,no
2621,unknown,no,no
2622,unknown,no,no
2623,no,no,no
2624,unknown,unknown,unknown
2625,no,yes,yes
2626,no,no,no
2627,unknown,yes,no
2628,no,no,no
2629,unknown,no,no
2630,no,no,no
2631,no,unknown,unknown
2632,no,unknown,unknown
2633,no,no,no
2634,no,yes,no
2635,no,no,no
2636,no,no,no
2637,unknown,yes,no
2638,no,no,no
2639,no,no,no
2640,no,yes,no
2641,no,yes,no
2642,no,yes,no
2643,no,no,no
2644,no,no,yes
2645,no,yes,no
2646,no,yes,no
2647,unknown,no,yes
2648,no,yes,no
2649,no,no,no
2650,no,yes,yes
2651,no,no,no
2652,unknown,no,no
2653,no,no,no
2654,no,no,no
2655,no,yes,no
2656,no,no,no
2657,no,yes,yes
2658,unknown,no,no
2659,no,no,no
2660,unknown,yes,no
2661,no,yes,no
2662,no,yes,no
2663,unknown,no,no
2664,no,yes,no
2665,no,no,no
2666,no,no,no
2667,no,yes,yes
2668,no,unknown,unknown
2669,no,yes,no
2670,unknown,no,no
2671,unknown,no,no
2672,unknown,yes,no
2673,no,unknown,unknown
2674,unknown,no,no
2675,no,yes,no
2676,no,no,no
2677,no,no,no
2678,unknown,yes,no
2679,no,yes,no
2680,no,no,yes
2681,no,no,no
2682,no,yes,yes
2683,unknown,yes,yes
2684,no,yes,no
2685,unknown,yes,no
2686,no,no,no
2687,no,yes,no
2688,unknown,yes,no
2689,unknown,yes,yes
2690,no,yes,no
2691,unknown,yes,no
2692,no,yes,yes
2693,unknown,yes,no
2694,unknown,no,no
2695,unknown,no,no
2696,no,no,no
2697,no,no,no
2698,unknown,yes,no
2699,no,no,no
2700,no,yes,no
2701,no,no,no
2702,no,no,no
2703,no,no,no
2704,unknown,yes,yes
2705,no,no,no
2706,no,yes,no
2707,unknown,no,yes
2708,no,yes,yes
2709,no,no,no
2710,no,no,no
2711,unknown,no,no
2712,no,no,no
2713,unknown,no,no
2714,no,yes,no
2715,no,no,yes
2716,no,yes,yes
2717,unknown,no,no
2718,unknown,unknown,unknown
2719,no,no,no
2720,no,no,no
2721,no,no,no
2722,unknown,no,no
2723,unknown,no,no
2724,unknown,unknown,unknown
2725,unknown,no,no
2726,no,yes,yes
2727,no,yes,no
2728,unknown,no,yes
2729,no,no,no
2730,no,yes,no
2731,no,no,no
2732,no,no,no
2733,no,unknown,unknown
2734,unknown,yes,no
2735,no,no,yes
2736,no,no,no
2737,no,yes,no
2738,unknown,unknown,unknown
2739,no,no,no
2740,no,no,yes
2741,no,yes,no
2742,no,yes,no
2743,unknown,yes,yes
2744,unknown,no,yes
2745,no,yes,no
2746,no,yes,no
2747,unknown,yes,no
2748,unknown,yes,no
2749,no,yes,no
2750,unknown,no,no
2751,no,no,yes
2752,no,no,no
2753,no,no,yes
2754,unknown,yes,no
2755,unknown,yes,no
2756,unknown,yes,no
2757,unknown,yes,no
2758,no,yes,no
2759,unknown,no,no
2760,unknown,yes,yes
2761,unknown,no,no
2762,unknown,yes,no
2763,no,yes,no
2764,no,no,no
2765,no,yes,no
2766,unknown,no,no
2767,no,no,no
2768,no,no,yes
2769,no,no,no
2770,no,yes,no
2771,no,yes,no
2772,unknown,yes,no
2773,unknown,yes,yes
2774,no,yes,no
2775,no,no,no
2776,no,no,no
2777,no,yes,no
2778,unknown,no,no
2779,no,yes,no
2780,no,yes,no
2781,unknown,no,no
2782,no,no,no
2783,no,no,no
2784,no,no,no
2785,no,yes,no
2786,unknown,unknown,unknown
2787,unknown,no,no
2788,no,unknown,unknown
2789,unknown,unknown,unknown
2790,no,yes,no
2791,no,no,no
2792,no,yes,no
2793,no,no,no
2794,no,no,no
2795,no,yes,no
2796,unknown,yes,no
2797,unknown,yes,no
2798,no,no,no
2799,no,no,no
2800,no,yes,no
2801,no,no,no
2802,no,yes,no
2803,no,no,no
2804,no,yes,no
2805,no,no,no
2806,no,yes,no
2807,no,yes,no
2808,no,no,no
2809,no,no,no
2810,no,no,no
2811,no,no,no
2812,no,yes,no
2813,no,no,yes
2814,no,no,no
2815,no,no,no
2816,unknown,no,no
2817,no,yes,no
2818,no,yes,no
2819,no,no,no
2820,no,no,no
2821,no,no,no
2822,no,no,no
2823,no,yes,no
2824,no,no,no
2825,no,yes,no
2826,no,no,no
2827,no,yes,no
2828,unknown,yes,no
2829,no,no,no
2830,no,no,no
2831,unknown,yes,yes
2832,unknown,yes,no
2833,no,yes,no
2834,unknown,no,no
2835,no,no,no
2836,no,yes,no
2837,no,yes,yes
2838,no,no,yes
2839,no,no,yes
2840,unknown,no,no
2841,unknown,yes,no
2842,no,yes,no
2843,no,yes,yes
2844,no,no,no
2845,unknown,unknown,unknown
2846,no,yes,no
2847,no,no,no
2848,no,no,no
2849,no,no,no
2850,no,no,no
2851,no,no,yes
2852,no,no,no
2853,no,no,no
2854,no,no,no
2855,no,no,no
2856,no,no,no
2857,no,yes,no
2858,unknown,yes,no
2859,unknown,no,no
2860,unknown,yes,no
2861,unknown,yes,no
2862,no,yes,no
2863,no,yes,no
2864,no,no,no
2865,no,no,no
2866,unknown,yes,no
2867,unknown,yes,yes
2868,no,no,no
2869,no,yes,no
2870,no,yes,no
2871,no,yes,no
2872,no,no,no
2873,unknown,no,no
2874,unknown,yes,no
2875,unknown,yes,no
2876,no,yes,no
2877,unknown,no,no
2878,no,no,no
2879,no,no,no
2880,no,yes,no
2881,no,yes,no
2882,unknown,yes,no
2883,unknown,no,no
2884,no,no,no
2885,no,yes,no
2886,no,no,no
2887,no,no,yes
2888,no,yes,no
2889,unknown,no,yes
2890,no,yes,no
2891,no,no,no
2892,unknown,yes,no
2893,unknown,no,no
2894,unknown,yes,no
2895,no,no,no
2896,unknown,no,no
2897,no,yes,no
2898,no,no,no
2899,unknown,no,no
2900,no,yes,no
2901,unknown,yes,no
2902,no,no,no
2903,no,yes,no
2904,no,no,no
2905,no,yes,no
2906,no,yes,no
2907,no,no,no
2908,no,yes,yes
2909,no,no,no
2910,unknown,no,no
2911,no,yes,no
2912,no,no,no
2913,unknown,no,no
2914,no,yes,no
2915,unknown,no,no
2916,no,no,no
2917,no,yes,yes
2918,no,no,no
2919,no,no,no
2920,no,no,no
2921,unknown,no,no
2922,no,yes,yes
2923,no,no,no
2924,no,no,no
2925,no,no,no
2926,unknown,no,no
2927,no,yes,no
2928,no,no,no
2929,no,no,no
2930,no,yes,yes
2931,no,no,no
2932,no,yes,yes
2933,no,no,no
2934,no,no,no
2935,no,unknown,unknown
2936,no,no,no
2937,unknown,no,no
2938,no,no,no
2939,no,no,no
2940,unknown,no,no
2941,no,yes,yes
2942,no,yes,no
2943,unknown,yes,no
2944,unknown,no,no
2945,no,no,no
2946,no,yes,no
2947,unknown,no,no
2948,no,yes,no
2949,no,yes,no
2950,no,no,yes
2951,unknown,no,no
2952,unknown,no,no
2953,no,yes,no
2954,no,no,no
2955,unknown,no,no
2956,no,yes,no
2957,no,yes,no
2958,no,no,no
2959,no,no,no
2960,no,yes,no
2961,no,yes,no
2962,no,no,no
2963,unknown,no,no
2964,unknown,no,no
2965,no,no,no
2966,no,no,no
2967,unknown,no,no
2968,no,no,yes
2969,no,no,no
2970,no,yes,no
2971,no,yes,no
2972,no,no,no
2973,no,no,no
2974,unknown,yes,no
2975,unknown,yes,no
2976,no,no,no
2977,no,yes,no
2978,no,yes,yes
2979,no,no,no
2980,unknown,yes,no
2981,unknown,yes,no
2982,no,no,no
2983,no,no,no
2984,unknown,no,no
2985,no,yes,no
2986,unknown,no,no
2987,unknown,yes,no
2988,unknown,no,no
2989,no,yes,yes
2990,no,no,no
2991,unknown,yes,no
2992,no,unknown,unknown
2993,no,no,no
2994,no,yes,yes
2995,no,no,no
2996,no,yes,no
2997,no,no,no
2998,no,no,no
2999,no,yes,yes
3000,no,yes,yes
3001,no,no,no
3002,unknown,no,no
3003,no,no,no
3004,no,no,no
3005,no,yes,no
3006,no,no,no
3007,no,no,no
3008,no,unknown,unknown
3009,unknown,no,no
3010,unknown,no,no
3011,no,no,no
3012,unknown,no,no
3013,no,yes,yes
3014,unknown,no,yes
3015,no,yes,no
3016,no,no,no
3017,no,yes,no
3018,no,no,no
3019,no,no,no
3020,no,yes,no
3021,no,no,no
3022,no,no,no
3023,no,no,no
3024,no,yes,no
3025,no,yes,yes
3026,no,no,no
3027,no,yes,yes
3028,no,yes,no
3029,no,yes,no
3030,no,yes,no
3031,no,no,no
3032,unknown,no,no
3033,unknown,no,no
3034,unknown,yes,no
3035,unknown,no,yes
3036,no,no,yes
3037,no,no,yes
3038,no,no,no
3039,no,yes,no
3040,no,no,no
3041,no,yes,no
3042,unknown,no,no
3043,no,yes,no
3044,no,no,no
3045,unknown,no,no
3046,unknown,no,yes
3047,unknown,no,yes
3048,no,no,no
3049,unknown,yes,no
3050,no,no,yes
3051,no,no,no
3052,unknown,no,yes
3053,unknown,no,yes
3054,unknown,no,yes
3055,no,yes,no
3056,no,no,no
3057,no,no,no
3058,no,no,no
3059,no,no,yes
3060,no,yes,no
3061,no,yes,yes
3062,unknown,yes,no
3063,unknown,yes,no
3064,no,yes,no
3065,unknown,no,no
3066,no,no,yes
3067,no,yes,yes
3068,unknown,no,no
3069,no,no,no
3070,no,yes,no
3071,unknown,yes,yes
3072,no,yes,no
3073,unknown,yes,no
3074,unknown,no,no
3075,unknown,no,no
3076,no,no,no
3077,no,no,yes
3078,no,yes,no
3079,unknown,no,no
3080,no,yes,no
3081,no,no,no
3082,no,yes,no
3083,unknown,no,no
3084,no,no,no
3085,no,yes,no
3086,unknown,no,no
3087,unknown,no,no
3088,no,yes,no
3089,no,yes,no
3090,no,no,yes
3091,no,no,no
3092,unknown,yes,no
3093,unknown,no,no
3094,unknown,yes,no
3095,unknown,no,no
3096,unknown,unknown,unknown
3097,no,no,no
3098,no,no,yes
3099,unknown,no,no
3100,no,no,no
3101,unknown,no,no
3102,no,yes,no
3103,no,yes,no
3104,no,no,no
3105,no,no,yes
3106,unknown,yes,no
3107,no,yes,no
3108,no,yes,no
3109,no,no,no
3110,no,no,no
3111,unknown,no,no
3112,no,no,no
3113,no,no,no
3114,no,no,no
3115,no,no,no
3116,unknown,unknown,unknown
3117,no,no,no
3118,no,yes,no
3119,unknown,no,no
3120,no,yes,yes
3121,no,no,no
3122,no,yes,no
3123,no,yes,yes
3124,no,no,no
3125,unknown,yes,yes
3126,no,yes,no
3127,no,no,no
3128,no,no,no
3129,unknown,yes,no
3130,no,yes,no
3131,unknown,yes,yes
3132,unknown,no,no
3133,no,no,no
3134,no,no,no
3135,no,yes,no
3136,no,no,no
3137,no,no,no
3138,unknown,no,no
3139,unknown,no,no
3140,unknown,yes,no
3141,unknown,yes,no
3142,no,yes,no
3143,no,yes,no
3144,no,yes,no
3145,no,no,no
3146,unknown,yes,no
3147,no,no,no
3148,no,no,no
3149,no,no,no
3150,no,no,no
3151,no,yes,no
3152,no,yes,no
3153,unknown,yes,no
3154,no,yes,no
3155,no,unknown,unknown
3156,no,yes,no
3157,no,no,no
3158,unknown,no,no
3159,no,yes,no
3160,unknown,no,no
3161,unknown,no,no
3162,no,yes,no
3163,unknown,yes,no
3164,no,no,no
3165,no,unknown,unknown
3166,unknown,no,no
3167,no,no,yes
3168,no,yes,no
3169,unknown,no,no
3170,unknown,yes,no
3171,no,no,no
3172,no,yes,no
3173,no,yes,no
3174,no,no,no
3175,no,yes,no
3176,unknown,no,no
3177,no,no,no
3178,no,no,no
3179,no,no,no
3180,no,yes,no
3181,unknown,no,no
3182,no,no,no
3183,unknown,yes,no
3184,no,yes,no
3185,no,yes,no
3186,no,yes,no
3187,unknown,no,no
3188,no,yes,no
3189,unknown,yes,no
3190,no,yes,no
3191,no,unknown,unknown
3192,no,yes,yes
3193,no,no,no
3194,no,no,yes
3195,no,yes,no
3196,no,no,yes
3197,no,yes,no
3198,unknown,no,no
3199,unknown,unknown,unknown
3200,no,no,no
3201,no,yes,yes
3202,unknown,yes,no
3203,no,unknown,unknown
3204,unknown,no,yes
3205,no,no,yes
3206,no,yes,no
3207,unknown,yes,no
3208,no,no,yes
3209,no,no,no
3210,no,no,no
3211,unknown,yes,no
3212,no,no,no
3213,no,no,no
3214,no,no,no
3215,unknown,yes,no
3216,no,yes,no
3217,no,no,no
3218,unknown,no,no
3219,unknown,yes,no
3220,no,no,no
3221,unknown,yes,no
3222,no,no,no
3223,no,yes,no
3224,unknown,no,no
3225,unknown,no,no
3226,no,no,no
3227,no,no,no
3228,no,no,no
3229,unknown,no,no
3230,unknown,no,no
3231,no,no,no
3232,no,yes,no
3233,no,no,no
3234,no,no,no
3235,unknown,yes,yes
3236,no,yes,yes
3237,no,no,yes
3238,no,no,no
3239,unknown,yes,no
3240,no,no,no
3241,no,yes,yes
3242,unknown,no,no
3243,no,no,no
3244,unknown,yes,no
3245,no,unknown,unknown
3246,unknown,no,no
3247,unknown,yes,no
3248,no,no,no
3249,no,no,no
3250,unknown,yes,no
3251,unknown,yes,no
3252,no,no,no
3253,no,no,no
3254,no,no,no
3255,no,yes,no
3256,no,yes,no
3257,unknown,no,no
3258,unknown,no,no
3259,no,no,no
3260,unknown,no,no
3261,no,no,no
3262,unknown,no,no
3263,no,no,no
3264,no,no,no
3265,no,no,no
3266,no,yes,no
3267,unknown,no,no
3268,no,yes,no
3269,no,yes,no
3270,unknown,yes,no
3271,no,no,no
3272,no,yes,no
3273,unknown,no,no
3274,unknown,yes,no
3275,no,no,yes
3276,unknown,yes,no
3277,no,yes,no
3278,no,yes,no
3279,no,yes,no
3280,no,no,no
3281,no,yes,no
3282,unknown,yes,no
3283,no,no,no
3284,no,yes,no
3285,unknown,yes,no
3286,unknown,yes,no
3287,no,unknown,unknown
3288,no,no,no
3289,unknown,no,no
3290,unknown,yes,no
3291,unknown,yes,no
3292,unknown,no,no
3293,no,no,no
3294,no,no,no
3295,no,no,no
3296,no,yes,no
3297,unknown,yes,no
3298,no,no,no
3299,no,no,no
3300,no,yes,no
3301,no,no,no
3302,no,yes,no
3303,no,no,no
3304,no,no,no
3305,unknown,yes,no
3306,no,yes,no
3307,no,no,no
3308,no,yes,no
3309,unknown,yes,no
3310,unknown,no,no
3311,no,yes,no
3312,unknown,yes,no
3313,no,yes,no
3314,unknown,no,no
3315,no,yes,no
3316,unknown,no,no
3317,no,no,no
3318,no,no,no
3319,no,yes,no
3320,no,yes,no
3321,unknown,no,no
3322,no,no,no
3323,unknown,yes,no
3324,unknown,yes,no
3325,unknown,yes,no
3326,no,no,yes
3327,no,no,no
3328,unknown,yes,no
3329,no,yes,no
3330,no,yes,no
3331,no,no,no
3332,no,yes,yes
3333,no,no,no
3334,no,no,no
3335,unknown,yes,no
3336,no,no,no
3337,unknown,yes,no
3338,no,yes,no
3339,no,yes,no
3340,no,yes,no
3341,no,yes,no
3342,no,yes,no
3343,no,unknown,unknown
3344,no,no,yes
3345,no,no,no
3346,no,yes,yes
3347,no,no,no
3348,no,yes,no
3349,no,no,no
3350,no,no,no
3351,unknown,unknown,unknown
3352,no,no,yes
3353,unknown,yes,no
3354,no,no,no
3355,unknown,no,no
3356,no,yes,no
3357,unknown,yes,no
3358,unknown,yes,no
3359,unknown,yes,no
3360,unknown,no,yes
3361,no,no,no
3362,no,no,yes
3363,no,no,no
3364,unknown,yes,no
3365,unknown,no,no
3366,unknown,yes,no
3367,no,yes,no
3368,unknown,no,no
3369,no,yes,yes
3370,no,yes,no
3371,no,no,no
3372,unknown,yes,yes
3373,no,no,no
3374,unknown,yes,no
3375,no,no,no
3376,no,no,no
3377,unknown,yes,yes
3378,unknown,yes,no
3379,no,yes,no
3380,no,yes,no
3381,unknown,yes,no
3382,unknown,yes,no
3383,no,no,no
3384,no,no,no
3385,unknown,no,no
3386,no,no,no
3387,no,no,yes
3388,unknown,no,no
3389,no,yes,no
3390,unknown,no,yes
3391,unknown,no,no
3392,no,yes,no
3393,no,no,no
3394,unknown,no,no
3395,no,no,no
3396,unknown,no,yes
3397,no,no,no
3398,no,no,no
3399,unknown,no,no
3400,unknown,yes,no
3401,no,no,no
3402,unknown,no,no
3403,unknown,no,no
3404,no,no,no
3405,no,no,no
3406,unknown,no,no
3407,no,no,yes
3408,unknown,no,yes
3409,no,no,no
3410,no,no,yes
3411,no,yes,no
3412,no,yes,no
3413,no,yes,no
3414,no,yes,no
3415,no,yes,no
3416,no,no,no
3417,no,yes,yes
3418,unknown,no,no
3419,unknown,yes,no
3420,no,yes,no
3421,no,yes,no
3422,no,no,yes
3423,no,unknown,unknown
3424,no,yes,no
3425,unknown,yes,no
3426,no,no,yes
3427,no,yes,no
3428,unknown,no,no
3429,no,no,no
3430,no,yes,no
3431,no,yes,yes
3432,no,yes,no
3433,no,yes,no
3434,unknown,yes,no
3435,no,yes,yes
3436,unknown,no,no
3437,unknown,yes,no
3438,no,no,yes
3439,no,no,no
3440,unknown,no,no
3441,unknown,yes,no
3442,no,no,no
3443,unknown,yes,no
3444,no,no,no
3445,no,yes,no
3446,unknown,no,no
3447,no,no,no
3448,no,no,no
3449,no,no,no
3450,no,yes,no
3451,no,yes,no
3452,unknown,no,no
3453,unknown,yes,yes
3454,no,yes,no
3455,no,no,yes
3456,unknown,no,no
3457,no,yes,yes
3458,no,no,no
3459,no,unknown,unknown
3460,unknown,no,no
3461,no,no,no
3462,no,yes,no
3463,no,no,no
3464,no,yes,no
3465,no,no,no
3466,no,yes,no
3467,unknown,yes,no
3468,no,no,no
3469,no,no,no
3470,no,yes,no
3471,unknown,no,no
3472,no,yes,no
3473,no,yes,no
3474,unknown,yes,yes
3475,no,no,no
3476,no,yes,no
3477,no,yes,no
3478,unknown,yes,no
3479,no,no,no
3480,unknown,yes,no
3481,unknown,yes,no
3482,no,no,no
3483,unknown,no,yes
3484,no,no,no
3485,unknown,no,no
3486,no,yes,no
3487,no,no,no
3488,no,yes,no
3489,unknown,no,no
3490,no,unknown,unknown
3491,unknown,no,no
3492,no,no,no
3493,no,no,no
3494,no,no,no
3495,no,no,no
3496,unknown,no,no
3497,unknown,no,no
3498,no,no,yes
3499,no,yes,yes
3500,no,no,yes
3501,unknown,yes,no
3502,unknown,no,no
3503,no,unknown,unknown
3504,no,yes,no
3505,no,no,no
3506,no,yes,no
3507,no,no,yes
3508,no,yes,no
3509,no,yes,no
3510,unknown,yes,no
3511,no,no,no
3512,no,no,no
3513,unknown,yes,no
3514,unknown,yes,no
3515,no,yes,no
3516,no,yes,no
3517,no,no,no
3518,no,yes,no
3519,no,unknown,unknown
3520,no,no,no
3521,no,yes,no
3522,no,yes,no
3523,unknown,yes,yes
3524,no,yes,yes
3525,unknown,no,no
3526,unknown,no,yes
3527,unknown,no,no
3528,no,no,no
3529,no,yes,no
3530,no,no,yes
3531,no,yes,no
3532,no,yes,no
3533,no,yes,no
3534,no,no,yes
3535,unknown,yes,no
3536,no,yes,yes
3537,no,no,no
3538,no,yes,no
3539,no,no,yes
3540,unknown,yes,yes
3541,no,yes,no
3542,no,yes,yes
3543,no,yes,no
3544,no,no,no
3545,no,yes,no
3546,no,no,yes
3547,no,yes,no
3548,no,yes,no
3549,no,no,yes
3550,unknown,yes,no
3551,no,no,no
3552,no,no,no
3553,no,no,no
3554,unknown,yes,no
3555,no,no,no
3556,unknown,no,yes
3557,no,no,no
3558,no,yes,no
3559,unknown,no,yes
3560,unknown,no,no
3561,unknown,no,no
3562,no,no,no
3563,no,no,no
3564,no,no,no
3565,no,yes,no
3566,no,yes,no
3567,unknown,yes,no
3568,no,no,no
3569,unknown,yes,no
3570,unknown,no,no
3571,unknown,unknown,unknown
3572,no,no,no
3573,unknown,yes,yes
3574,no,yes,no
3575,unknown,yes,yes
3576,unknown,no,no
3577,no,yes,no
3578,unknown,no,no
3579,no,yes,no
3580,no,no,no
3581,no,yes,no
3582,no,no,no
3583,unknown,no,no
3584,no,yes,no
3585,no,no,no
3586,no,no,no
3587,no,yes,no
3588,no,no,no
3589,no,no,no
3590,no,yes,no
3591,no,yes,no
3592,no,no,no
3593,unknown,yes,no
3594,no,unknown,unknown
3595,no,yes,no
3596,no,yes,no
3597,no,no,no
3598,no,no,no
3599,unknown,yes,no
3600,no,no,no
3601,unknown,no,no
3602,no,yes,no
3603,no,no,no
3604,no,yes,no
3605,no,yes,no
3606,unknown,yes,no
3607,no,no,no
3608,no,no,yes
3609,no,no,no
3610,unknown,unknown,unknown
3611,no,no,no
3612,no,yes,no
3613,no,no,no
3614,no,no,no
3615,unknown,no,no
3616,unknown,no,no
3617,no,no,no
3618,no,no,no
3619,no,no,no
3620,unknown,yes,no
3621,unknown,no,no
3622,no,no,no
3623,no,no,no
3624,unknown,no,no
3625,unknown,unknown,unknown
3626,no,no,no
3627,no,yes,no
3628,unknown,no,no
3629,no,no,no
3630,unknown,yes,no
3631,unknown,yes,no
3632,no,yes,no
3633,no,yes,no
3634,no,yes,no
3635,no,no,no
3636,no,yes,no
3637,no,yes,no
3638,no,yes,no
3639,unknown,no,yes
3640,unknown,no,no
3641,no,yes,no
3642,unknown,yes,no
3643,no,yes,no
3644,unknown,no,no
3645,no,no,no
3646,unknown,yes,no
3647,unknown,no,yes
3648,unknown,yes,no
3649,no,no,no
3650,unknown,yes,no
3651,no,no,no
3652,unknown,yes,yes
3653,unknown,yes,no
3654,no,yes,no
3655,no,yes,no
3656,unknown,no,no
3657,no,no,no
3658,unknown,no,no
3659,unknown,no,no
3660,no,no,no
3661,no,yes,yes
3662,no,yes,no
3663,no,no,no
3664,no,no,yes
3665,unknown,no,no
3666,no,yes,no
3667,no,yes,no
3668,unknown,no,no
3669,no,yes,yes
3670,no,no,yes
3671,no,unknown,unknown
3672,no,no,yes
3673,unknown,yes,no
3674,no,yes,no
3675,no,yes,no
3676,no,no,no
3677,no,no,no
3678,no,no,no
3679,unknown,no,no
3680,unknown,no,no
3681,no,yes,yes
3682,unknown,yes,no
3683,no,yes,no
3684,unknown,no,no
3685,unknown,yes,no
3686,unknown,no,no
3687,no,yes,no
3688,no,yes,no
3689,no,yes,no
3690,unknown,yes,no
3691,unknown,yes,no
3692,no,yes,no
3693,unknown,no,no
3694,no,yes,no
3695,no,no,no
3696,no,no,no
3697,no,no,no
3698,unknown,no,no
3699,no,yes,no
3700,no,yes,no
3701,no,no,yes
3702,no,yes,no
3703,no,no,no
3704,no,yes,no
3705,no,no,no
3706,no,yes,no
3707,unknown,no,no
3708,unknown,yes,no
3709,unknown,no,no
3710,unknown,no,no
3711,no,no,no
3712,no,no,no
3713,no,no,no
3714,unknown,no,no
3715,no,yes,no
3716,no,yes,no
3717,unknown,yes,yes
3718,no,no,no
3719,no,no,no
3720,no,yes,no
3721,no,no,no
3722,no,yes,no
3723,unknown,no,no
3724,no,no,no
3725,unknown,no,no
3726,no,no,yes
3727,no,no,no
3728,unknown,no,no
3729,unknown,yes,no
3730,no,no,no
3731,unknown,no,no
3732,unknown,no,no
3733,no,no,no
3734,unknown,yes,no
3735,no,no,no
3736,no,no,no
3737,no,no,no
3738,unknown,yes,no
3739,no,yes,no
3740,no,no,no
3741,no,no,no
3742,no,yes,no
3743,no,no,no
3744,no,yes,no
3745,no,no,no
3746,unknown,yes,no
3747,no,yes,no
3748,no,yes,no
3749,no,yes,no
3750,no,no,no
3751,unknown,no,no
3752,no,no,no
3753,no,yes,no
3754,no,no,no
3755,unknown,yes,no
3756,no,no,no
3757,unknown,yes,no
3758,no,no,no
3759,no,no,no
3760,no,no,no
3761,no,no,no
3762,unknown,unknown,unknown
3763,no,no,no
3764,unknown,no,no
3765,no,yes,no
3766,unknown,no,no
3767,unknown,no,no
3768,no,no,no
3769,no,yes,no
3770,unknown,yes,no
3771,no,no,no
3772,unknown,yes,no
3773,no,yes,no
3774,no,no,no
3775,no,no,yes
3776,unknown,unknown,unknown
3777,no,no,no
3778,no,yes,no
3779,unknown,no,no
3780,no,no,no
3781,no,no,no
3782,no,yes,no
3783,unknown,no,no
3784,no,no,no
3785,no,no,no
3786,no,yes,no
3787,no,yes,no
3788,no,yes,yes
3789,no,yes,no
3790,no,yes,no
3791,no,yes,yes
3792,no,yes,no
3793,no,yes,no
3794,no,yes,no
3795,unknown,yes,no
3796,unknown,no,no
3797,no,yes,no
3798,no,yes,no
3799,no,no,no
3800,no,yes,no
3801,no,yes,no
3802,no,yes,no
3803,unknown,yes,no
3804,no,no,no
3805,no,no,no
3806,no,no,no
3807,unknown,yes,no
3808,no,yes,no
3809,no,yes,no
3810,unknown,yes,no
3811,no,no,yes
3812,no,no,yes
3813,no,yes,no
3814,no,unknown,unknown
3815,unknown,yes,no
3816,no,no,no
3817,no,yes,no
3818,unknown,yes,no
3819,no,yes,yes
3820,no,no,no
3821,unknown,yes,yes
3822,unknown,yes,yes
3823,no,yes,no
3824,no,no,no
3825,unknown,yes,no
3826,no,yes,yes
3827,no,no,no
3828,no,yes,no
3829,no,yes,yes
3830,no,yes,no
3831,unknown,no,no
3832,no,no,no
3833,unknown,yes,yes
3834,no,no,no
3835,unknown,yes,no
3836,unknown,no,no
3837,no,no,no
3838,no,no,no
3839,no,no,no
3840,no,yes,no
3841,unknown,no,no
3842,unknown,yes,no
3843,unknown,yes,no
3844,no,yes,no
3845,no,yes,no
3846,unknown,no,no
3847,no,yes,no
3848,no,no,no
3849,no,yes,no
3850,no,yes,no
3851,unknown,yes,no
3852,no,no,yes
3853,no,no,no
3854,unknown,no,no
3855,no,yes,yes
3856,no,no,no
3857,no,yes,no
3858,no,yes,no
3859,unknown,yes,no
3860,unknown,yes,no
3861,no,no,no
3862,no,yes,no
3863,no,yes,no
3864,unknown,no,no
3865,no,no,yes
3866,no,no,no
3867,unknown,no,no
3868,no,no,no
3869,unknown,no,yes
3870,no,no,no
3871,no,no,yes
3872,no,no,no
3873,no,no,no
3874,no,yes,yes
3875,no,yes,no
3876,no,no,no
3877,unknown,no,no
3878,no,no,no
3879,no,yes,no
3880,unknown,no,no
3881,no,no,no
3882,no,yes,no
3883,no,yes,no
3884,no,no,no
3885,no,yes,no
3886,unknown,yes,yes
3887,unknown,no,yes
3888,no,no,yes
3889,no,no,no
3890,unknown,yes,no
3891,no,no,no
3892,no,no,no
3893,no,no,yes
3894,unknown,unknown,unknown
3895,no,no,yes
3896,no,yes,no
3897,no,no,yes
3898,no,no,no
3899,no,yes,no
3900,unknown,no,no
3901,no,no,no
3902,unknown,no,no
3903,unknown,no,no
3904,unknown,yes,yes
3905,no,no,yes
3906,no,yes,no
3907,no,no,yes
3908,no,yes,no
3909,no,yes,no
3910,unknown,no,no
3911,no,yes,no
3912,no,yes,no
3913,no,yes,no
3914,no,no,no
3915,unknown,yes,yes
3916,unknown,yes,no
3917,no,yes,no
3918,no,no,no
3919,unknown,yes,no
3920,no,yes,no
3921,no,yes,yes
3922,unknown,no,no
3923,no,yes,no
3924,unknown,yes,yes
3925,unknown,no,no
3926,no,no,no
3927,unknown,no,yes
3928,no,no,no
3929,unknown,no,no
3930,no,no,no
3931,unknown,yes,no
3932,no,no,no
3933,unknown,yes,no
3934,no,yes,yes
3935,no,yes,no
3936,no,no,yes
3937,unknown,yes,yes
3938,no,yes,no
3939,unknown,no,no
3940,unknown,no,no
3941,no,no,no
3942,no,no,no
3943,no,yes,no
3944,unknown,yes,yes
3945,no,yes,no
3946,no,yes,no
3947,no,no,no
3948,no,yes,no
3949,no,no,no
3950,no,yes,no
3951,no,yes,no
3952,no,no,no
3953,no,yes,no
3954,unknown,yes,no
3955,no,no,no
3956,no,unknown,unknown
3957,no,no,no
3958,unknown,no,no
3959,unknown,yes,no
3960,no,yes,yes
3961,unknown,yes,yes
3962,no,no,no
3963,no,no,no
3964,unknown,yes,no
3965,no,no,no
3966,unknown,no,no
3967,no,no,yes
3968,no,yes,no
3969,no,no,no
3970,no,yes,no
3971,unknown,yes,no
3972,unknown,yes,yes
3973,no,yes,yes
3974,no,yes,no
3975,unknown,yes,yes
3976,no,no,no
3977,no,yes,no
3978,no,unknown,unknown
3979,no,no,no
3980,no,yes,no
3981,no,yes,no
3982,no,no,no
3983,unknown,yes,no
3984,no,unknown,unknown
3985,unknown,no,yes
3986,no,no,no
3987,unknown,yes,no
3988,no,no,no
3989,no,yes,yes
3990,no,yes,no
3991,no,no,no
3992,unknown,yes,no
3993,unknown,yes,yes
3994,no,yes,no
3995,no,no,no
3996,no,yes,yes
3997,no,yes,no
3998,no,unknown,unknown
3999,unknown,no,no
4000,no,no,no
4001,unknown,unknown,unknown
4002,no,no,no
4003,no,no,yes
4004,no,no,no
4005,unknown,yes,no
4006,unknown,no,no
4007,unknown,yes,no
4008,no,yes,yes
4009,no,no,no
4010,no,yes,yes
4011,no,yes,no
4012,no,no,no
4013,no,no,no
4014,no,no,yes
4015,no,no,no
4016,unknown,no,no
4017,unknown,no,no
4018,no,yes,no
4019,unknown,yes,yes
4020,no,no,no
4021,no,no,no
4022,unknown,yes,no
4023,no,unknown,unknown
4024,no,no,no
4025,no,no,no
4026,no,no,no
4027,no,no,no
4028,no,yes,no
4029,no,yes,yes
4030,no,yes,yes
4031,no,no,no
4032,unknown,yes,no
4033,unknown,yes,yes
4034,unknown,yes,no
4035,no,no,no
4036,no,yes,yes
4037,unknown,no,yes
4038,no,no,no
4039,no,yes,no
4040,unknown,yes,no
4041,no,no,no
4042,no,no,no
4043,no,no,no
4044,no,no,no
4045,no,no,no
4046,no,yes,no
4047,unknown,no,no
4048,no,yes,yes
4049,no,no,no
4050,no,no,no
4051,no,no,no
4052,unknown,yes,no
4053,no,no,no
4054,no,no,no
4055,unknown,yes,no
4056,unknown,unknown,unknown
4057,no,no,no
4058,no,unknown,unknown
4059,unknown,no,no
4060,unknown,no,no
4061,no,no,no
4062,unknown,no,no
4063,no,no,no
4064,no,no,no
4065,no,no,no
4066,no,no,no
4067,no,unknown,unknown
4068,no,yes,yes
4069,no,no,no
4070,no,yes,no
4071,unknown,yes,yes
4072,no,yes,no
4073,no,yes,no
4074,no,no,no
4075,unknown,yes,yes
4076,no,yes,no
4077,no,no,no
4078,unknown,yes,yes
4079,unknown,no,yes
4080,no,yes,yes
4081,no,no,yes
4082,no,no,no
4083,unknown,yes,no
4084,unknown,yes,yes
4085,no,yes,no
4086,no,yes,no
4087,no,yes,no
4088,no,no,yes
4089,unknown,no,no
4090,unknown,no,no
4091,no,yes,no
4092,no,yes,no
4093,unknown,no,no
4094,no,unknown,unknown
4095,no,unknown,unknown
4096,no,yes,no
4097,unknown,yes,no
4098,unknown,yes,yes
4099,no,no,no
4100,no,no,no
4101,no,yes,yes
4102,no,yes,no
4103,unknown,no,no
4104,no,no,yes
4105,no,yes,no
4106,no,yes,no
4107,no,no,no
4108,unknown,unknown,unknown
4109,no,unknown,unknown
4110,no,unknown,unknown
4111,no,yes,no
4112,no,yes,no
4113,no,no,no
4114,unknown,yes,yes
4115,no,no,no
4116,no,no,yes
4117,no,no,no
4118,unknown,no,yes
4119,no,no,no
4120,no,no,no
4121,no,no,no
4122,unknown,yes,no
4123,no,unknown,unknown
4124,no,unknown,unknown
4125,no,yes,no
4126,no,yes,no
4127,no,no,yes
4128,no,yes,yes
4129,no,no,yes
4130,no,yes,no
4131,no,yes,no
4132,no,yes,no
4133,no,yes,yes
4134,no,unknown,unknown
4135,unknown,no,no
4136,no,yes,no
4137,no,yes,no
4138,no,yes,no
4139,no,no,no
4140,unknown,no,no
4141,no,no,no
4142,no,unknown,unknown
4143,no,yes,no
4144,no,no,no
4145,unknown,no,no
4146,no,no,no
4147,no,no,yes
4148,no,yes,no
4149,no,yes,no
4150,no,no,no
4151,no,no,yes
4152,no,no,no
4153,no,yes,no
4154,no,yes,no
4155,unknown,yes,no
4156,no,yes,no
4157,no,no,no
4158,no,yes,yes
4159,no,no,no
4160,no,yes,no
4161,no,no,no
4162,unknown,yes,no
4163,unknown,yes,no
4164,no,yes,no
4165,unknown,yes,no
4166,unknown,yes,no
4167,unknown,yes,no
4168,no,no,no
4169,no,yes,no
4170,unknown,no,no
4171,no,yes,no
4172,no,no,no
4173,unknown,no,no
4174,no,no,no
4175,no,yes,no
4176,no,yes,no
4177,unknown,no,no
4178,unknown,yes,no
4179,no,no,yes
4180,no,yes,no
4181,no,no,no
4182,no,yes,no
4183,unknown,no,no
4184,unknown,yes,no
4185,no,no,no
4186,no,no,no
4187,unknown,yes,no
4188,no,yes,no
4189,no,yes,no
4190,no,yes,no
4191,no,no,no
4192,no,yes,yes
4193,no,no,no
4194,no,yes,no
4195,no,yes,no
4196,unknown,no,no
4197,no,no,no
4198,no,no,no
4199,unknown,no,no
4200,no,no,no
4201,unknown,yes,no
4202,no,no,no
4203,no,no,no
4204,no,no,no
4205,no,no,no
4206,no,yes,no
4207,no,yes,no
4208,no,no,no
4209,no,no,no
4210,no,no,no
4211,unknown,no,yes
4212,no,yes,yes
4213,no,no,no
4214,unknown,yes,no
4215,no,no,no
4216,no,no,no
4217,unknown,no,no
4218,unknown,no,no
4219,no,yes,no
4220,unknown,yes,no
4221,no,no,no
4222,no,yes,no
4223,unknown,yes,no
4224,unknown,no,no
4225,no,no,no
4226,unknown,no,no
4227,no,yes,no
4228,no,yes,no
4229,no,no,no
4230,no,no,no
4231,unknown,yes,no
4232,no,no,no
4233,no,no,no
4234,unknown,unknown,unknown
4235,unknown,no,no
4236,no,no,no
4237,no,yes,no
4238,unknown,yes,no
4239,no,no,yes
4240,unknown,yes,no
4241,no,no,no
4242,no,no,no
4243,unknown,yes,no
4244,no,yes,yes
4245,unknown,yes,no
4246,no,yes,yes
4247,no,no,yes
4248,unknown,no,no
4249,unknown,yes,no
4250,no,no,no
4251,no,yes,yes
4252,no,yes,no
4253,no,no,yes
4254,unknown,no,no
4255,no,yes,no
4256,unknown,yes,no
4257,no,no,no
4258,unknown,yes,yes
4259,no,no,no
4260,no,yes,no
4261,no,yes,no
4262,no,no,yes
4263,no,no,no
4264,no,no,no
4265,no,no,no
4266,no,no,no
4267,no,no,no
4268,unknown,yes,no
4269,unknown,no,no
4270,no,no,no
4271,no,no,no
4272,no,yes,no
4273,no,no,no
4274,no,no,no
4275,no,yes,no
4276,unknown,no,no
4277,unknown,yes,no
4278,no,yes,no
4279,unknown,yes,no
4280,no,no,no
4281,no,yes,no
4282,no,yes,yes
4283,no,yes,no
4284,unknown,no,yes
4285,no,yes,no
4286,no,yes,no
4287,unknown,no,no
4288,no,no,no
4289,no,no,no
4290,no,no,no
4291,unknown,no,no
4292,no,no,no
4293,unknown,yes,no
4294,no,no,yes
4295,unknown,no,no
4296,no,no,no
4297,unknown,yes,yes
4298,unknown,yes,yes
4299,no,no,no
4300,unknown,no,no
4301,no,unknown,unknown
4302,no,no,yes
4303,unknown,no,no
4304,unknown,yes,yes
4305,unknown,yes,no
4306,no,yes,no
4307,no,no,no
4308,no,no,no
4309,unknown,no,no
4310,unknown,no,no
4311,no,no,no
4312,unknown,yes,no
4313,unknown,yes,no
4314,unknown,no,no
4315,no,yes,yes
4316,no,yes,yes
4317,no,yes,no
4318,unknown,yes,no
4319,no,no,yes
4320,no,yes,no
4321,unknown,yes,yes
4322,unknown,no,no
4323,unknown,no,no
4324,no,no,no
4325,no,no,no
4326,unknown,no,no
4327,no,no,no
4328,unknown,no,no
4329,no,no,no
4330,no,yes,yes
4331,no,yes,no
4332,no,no,no
4333,no,yes,no
4334,no,no,no
4335,unknown,no,no
4336,unknown,no,no
4337,no,no,no
4338,no,no,no
4339,unknown,no,no
4340,no,no,no
4341,unknown,no,no
4342,no,yes,no
4343,no,yes,no
4344,unknown,unknown,unknown
4345,no,yes,yes
4346,no,yes,no
4347,no,no,no
4348,no,no,no
4349,unknown,no,no
4350,no,no,no
4351,no,yes,no
4352,unknown,yes,no
4353,unknown,yes,no
4354,no,yes,no
4355,no,no,yes
4356,no,no,no
4357,no,yes,no
4358,unknown,no,no
4359,no,no,no
4360,unknown,no,yes
4361,no,no,yes
4362,unknown,no,no
4363,no,no,no
4364,no,no,no
4365,no,no,no
4366,no,no,no
4367,no,no,no
4368,no,yes,no
4369,no,yes,no
4370,no,no,yes
4371,no,no,no
4372,unknown,yes,no
4373,unknown,no,no
4374,no,no,no
4375,unknown,yes,no
4376,no,yes,no
4377,no,yes,no
4378,no,yes,no
4379,no,yes,no
4380,no,yes,no
4381,no,no,no
4382,unknown,yes,no
4383,unknown,no,no
4384,unknown,yes,no
4385,unknown,yes,no
4386,no,no,no
4387,no,no,no
4388,unknown,no,no
4389,no,yes,no
4390,unknown,no,no
4391,unknown,no,no
4392,no,no,yes
4393,unknown,no,yes
4394,no,no,yes
4395,no,no,no
4396,unknown,yes,yes
4397,unknown,no,yes
4398,unknown,no,no
4399,unknown,no,no
4400,no,yes,no
4401,unknown,yes,no
4402,unknown,yes,yes
4403,no,no,no
4404,no,yes,yes
4405,no,yes,no
4406,unknown,yes,no
4407,no,yes,no
4408,no,yes,no
4409,no,no,no
4410,no,no,yes
4411,unknown,no,no
4412,unknown,unknown,unknown
4413,no,no,no
4414,no,yes,no
4415,no,yes,no
4416,unknown,yes,yes
4417,unknown,yes,no
4418,no,yes,no
4419,no,yes,no
4420,unknown,yes,no
4421,no,no,no
4422,no,yes,no
4423,no,no,no
4424,no,yes,no
4425,no,no,no
4426,unknown,yes,no
4427,no,yes,no
4428,no,no,no
4429,no,no,no
4430,no,yes,no
4431,no,no,no
4432,unknown,yes,no
4433,unknown,no,no
4434,unknown,yes,no
4435,no,no,no
4436,unknown,yes,no
4437,no,no,no
4438,unknown,yes,no
4439,no,no,no
4440,no,no,no
4441,unknown,no,no
4442,unknown,no,no
4443,no,yes,no
4444,no,unknown,unknown
4445,no,yes,no
4446,no,no,yes
4447,no,no,no
4448,no,yes,no
4449,no,yes,no
4450,unknown,yes,yes
4451,no,no,no
4452,unknown,no,yes
4453,no,no,no
4454,no,yes,yes
4455,unknown,no,no
4456,no,unknown,unknown
4457,no,yes,no
4458,no,unknown,unknown
4459,no,yes,no
4460,unknown,yes,no
4461,unknown,yes,no
4462,no,yes,no
4463,no,no,no
4464,no,yes,no
4465,no,no,no
4466,no,yes,no
4467,unknown,no,no
4468,no,no,no
4469,unknown,yes,no
4470,no,yes,yes
4471,no,yes,no
4472,no,yes,no
4473,no,no,no
4474,no,yes,yes
4475,no,yes,no
4476,unknown,no,no
4477,no,no,no
4478,no,no,no
4479,no,yes,no
4480,unknown,no,no
4481,no,no,no
4482,no,yes,no
4483,unknown,no,no
4484,no,no,no
4485,no,no,no
4486,no,no,no
4487,no,no,no
4488,no,no,no
4489,no,no,no
4490,no,no,yes
4491,unknown,yes,no
4492,unknown,no,no
4493,no,no,no
4494,unknown,yes,no
4495,no,yes,yes
4496,no,yes,no
4497,no,no,no
4498,unknown,no,yes
4499,no,no,yes
4500,unknown,no,no
4501,no,yes,no
4502,no,yes,yes
4503,no,yes,no
4504,no,yes,no
4505,no,yes,yes
4506,unknown,no,no
4507,no,no,no
4508,no,yes,no
4509,no,no,no
4510,no,yes,yes
4511,unknown,yes,no
4512,unknown,yes,yes
4513,no,no,no
4514,no,unknown,unknown
4515,no,yes,no
4516,no,unknown,unknown
4517,no,yes,no
4518,unknown,yes,yes
4519,unknown,yes,no
4520,no,no,no
4521,unknown,yes,yes
4522,no,no,no
4523,unknown,unknown,unknown
4524,no,no,no
4525,no,no,no
4526,no,yes,no
4527,unknown,no,no
4528,no,yes,yes
4529,unknown,yes,yes
4530,unknown,no,no
4531,no,yes,yes
4532,no,no,no
4533,no,no,no
4534,unknown,yes,no
4535,no,yes,no
4536,no,no,no
4537,no,yes,no
4538,unknown,no,no
4539,no,no,no
4540,no,no,no
4541,no,yes,no
4542,no,unknown,unknown
4543,no,no,no
4544,no,no,no
4545,unknown,yes,yes
4546,no,no,no
4547,no,no,no
4548,no,no,no
4549,unknown,no,no
4550,no,yes,no
4551,no,yes,yes
4552,no,yes,yes
4553,unknown,no,no
4554,no,no,no
4555,no,no,no
4556,no,no,no
4557,unknown,yes,yes
4558,unknown,no,no
4559,no,no,no
4560,no,yes,no
4561,no,no,no
4562,no,yes,yes
4563,no,no,no
4564,no,yes,no
4565,no,no,no
4566,no,no,no
4567,no,yes,no
4568,no,no,no
4569,no,yes,no
4570,no,no,no
4571,no,yes,no
4572,unknown,yes,no
4573,no,yes,no
4574,no,no,no
4575,unknown,yes,no
4576,no,no,no
4577,no,yes,no
4578,no,yes,no
4579,no,no,no
4580,unknown,yes,no
4581,no,yes,no
4582,no,yes,no
4583,no,yes,yes
4584,no,no,no
4585,no,no,no
4586,no,no,no
4587,unknown,no,yes
4588,unknown,no,no
4589,no,unknown,unknown
4590,no,no,no
4591,no,no,no
4592,unknown,yes,no
4593,no,no,no
4594,no,yes,no
4595,unknown,yes,no
4596,no,no,no
4597,unknown,yes,no
4598,unknown,yes,no
4599,no,no,no
4600,unknown,yes,no
4601,unknown,yes,no
4602,no,yes,no
4603,no,yes,no
4604,no,no,no
4605,no,yes,no
4606,no,yes,no
4607,no,no,yes
4608,no,unknown,unknown
4609,no,no,no
4610,no,no,no
4611,unknown,yes,yes
4612,no,yes,no
4613,no,no,no
4614,no,no,yes
4615,no,yes,no
4616,no,no,no
4617,no,no,yes
4618,unknown,yes,no
4619,no,yes,no
4620,no,yes,yes
4621,no,no,no
4622,no,no,no
4623,no,no,no
4624,no,yes,no
4625,no,no,no
4626,no,no,no
4627,unknown,yes,no
4628,no,no,no
4629,unknown,no,yes
4630,unknown,yes,no
4631,no,no,no
4632,no,yes,yes
4633,no,yes,no
4634,no,yes,no
4635,unknown,yes,no
4636,unknown,no,yes
4637,no,no,no
4638,no,no,no
4639,no,no,no
4640,no,no,no
4641,no,no,no
4642,no,no,no
4643,no,yes,no
4644,no,yes,yes
4645,no,no,no
4646,no,yes,no
4647,no,yes,no
4648,no,yes,no
4649,unknown,no,no
4650,unknown,yes,no
4651,no,yes,no
4652,no,no,no
4653,no,yes,yes
4654,unknown,yes,no
4655,no,no,no
4656,no,yes,yes
4657,no,yes,yes
4658,unknown,yes,yes
4659,unknown,no,no
4660,no,yes,yes
4661,no,yes,no
4662,unknown,no,yes
4663,unknown,no,no
4664,unknown,yes,yes
4665,no,yes,yes
4666,unknown,yes,no
4667,no,yes,yes
4668,unknown,no,no
4669,unknown,no,yes
4670,unknown,no,no
4671,no,no,no
4672,no,no,no
4673,no,yes,no
4674,no,no,no
4675,unknown,no,no
4676,no,no,no
4677,no,no,no
4678,unknown,no,no
4679,no,yes,yes
4680,no,no,no
4681,no,no,no
4682,no,yes,no
4683,no,yes,no
4684,no,no,no
4685,no,yes,no
4686,no,yes,yes
4687,no,no,no
4688,no,yes,no
4689,no,yes,no
4690,no,yes,no
4691,unknown,yes,no
4692,no,no,no
4693,no,no,no
4694,no,no,no
4695,unknown,no,no
4696,unknown,no,no
4697,no,no,no
4698,unknown,no,no
4699,unknown,no,no
4700,unknown,yes,no
4701,unknown,no,no
4702,no,no,no
4703,unknown,yes,yes
4704,unknown,yes,yes
4705,no,yes,no
4706,unknown,no,no
4707,no,unknown,unknown
4708,no,no,no
4709,no,yes,no
4710,no,yes,no
4711,no,no,yes
4712,unknown,no,no
4713,no,yes,no
4714,no,yes,no
4715,no,no,no
4716,no,no,no
4717,no,yes,no
4718,unknown,yes,no
4719,no,yes,yes
4720,no,yes,no
4721,unknown,yes,no
4722,unknown,yes,no
4723,unknown,yes,yes
4724,no,yes,no
4725,no,no,no
4726,no,yes,no
4727,no,no,no
4728,unknown,yes,no
4729,no,yes,no
4730,no,yes,no
4731,no,yes,no
4732,no,no,no
4733,unknown,no,no
4734,no,no,no
4735,no,no,no
4736,no,no,no
4737,no,no,no
4738,no,no,no
4739,unknown,no,no
4740,unknown,no,no
4741,no,no,no
4742,no,no,no
4743,unknown,no,no
4744,unknown,no,no
4745,no,yes,no
4746,no,yes,yes
4747,no,no,yes
4748,unknown,yes,no
4749,unknown,no,yes
4750,no,no,no
4751,unknown,yes,no
4752,no,yes,yes
4753,no,yes,no
4754,no,yes,yes
4755,no,no,no
4756,no,yes,no
4757,no,yes,yes
4758,no,yes,no
4759,no,no,no
4760,no,no,no
4761,no,yes,no
4762,unknown,yes,no
4763,no,yes,no
4764,unknown,no,no
4765,unknown,yes,no
4766,no,yes,no
4767,no,no,no
4768,no,yes,no
4769,no,no,yes
4770,no,no,yes
4771,unknown,yes,no
4772,no,no,no
4773,no,yes,no
4774,no,no,no
4775,no,yes,yes
4776,no,no,yes
4777,no,no,no
4778,no,no,yes
4779,unknown,no,no
4780,no,no,no
4781,unknown,yes,no
4782,no,no,no
4783,unknown,no,no
4784,no,no,no
4785,no,no,no
4786,no,yes,no
4787,no,no,no
4788,no,no,no
4789,no,no,no
4790,unknown,no,no
4791,unknown,yes,no
4792,unknown,no,no
4793,unknown,yes,yes
4794,no,yes,yes
4795,no,yes,yes
4796,no,no,no
4797,no,yes,yes
4798,no,no,no
4799,no,no,no
4800,no,yes,no
4801,no,yes,yes
4802,no,yes,yes
4803,no,no,yes
4804,no,yes,no
4805,unknown,no,no
4806,unknown,no,no
4807,unknown,no,no
4808,no,no,no
4809,unknown,no,no
4810,unknown,yes,no
4811,no,yes,yes
4812,no,yes,no
4813,no,yes,no
4814,unknown,yes,yes
4815,unknown,yes,no
4816,unknown,no,no
4817,no,no,no
4818,no,yes,no
4819,unknown,yes,no
4820,no,no,yes
4821,no,yes,yes
4822,no,yes,yes
4823,no,no,no
4824,no,yes,no
4825,no,no,no
4826,unknown,yes,no
4827,no,no,no
4828,no,no,no
4829,no,no,no
4830,no,no,no
4831,no,yes,no
4832,no,no,no
4833,no,yes,no
4834,no,no,no
4835,no,yes,no
4836,unknown,yes,no
4837,no,unknown,unknown
4838,no,yes,no
4839,no,no,no
4840,no,yes,no
4841,no,yes,no
4842,unknown,no,no
4843,no,yes,no
4844,no,yes,yes
4845,no,yes,no
4846,no,no,no
4847,no,yes,no
4848,no,yes,no
4849,unknown,no,no
4850,unknown,yes,no
4851,no,no,no
4852,no,no,no
4853,unknown,no,no
4854,unknown,yes,yes
4855,no,unknown,unknown
4856,no,yes,yes
4857,no,yes,no
4858,no,no,no
4859,no,yes,no
4860,no,yes,yes
4861,no,yes,no
4862,no,no,no
4863,no,yes,no
4864,no,yes,yes
4865,no,yes,no
4866,unknown,no,no
4867,no,no,no
4868,no,no,no
4869,no,yes,no
4870,unknown,no,no
4871,unknown,yes,no
4872,no,no,no
4873,unknown,no,no
4874,no,yes,no
4875,no,unknown,unknown
4876,no,unknown,unknown
4877,no,no,no
4878,no,no,yes
4879,no,no,no
4880,unknown,yes,no
4881,no,yes,no
4882,no,no,no
4883,no,no,no
4884,unknown,yes,no
4885,no,no,no
4886,unknown,no,no
4887,no,yes,no
4888,no,yes,no
4889,no,no,no
4890,no,yes,no
4891,unknown,yes,no
4892,no,no,no
4893,unknown,yes,no
4894,unknown,yes,no
4895,no,yes,no
4896,no,yes,no
4897,unknown,yes,no
4898,no,no,no
4899,unknown,no,no
4900,no,no,no
4901,no,no,no
4902,no,no,no
4903,no,no,yes
4904,no,no,no
4905,no,no,no
4906,no,yes,no
4907,unknown,yes,no
4908,unknown,no,no
4909,no,yes,no
4910,no,no,no
4911,unknown,no,no
4912,unknown,yes,no
4913,unknown,yes,yes
4914,no,unknown,unknown
4915,no,no,yes
4916,unknown,yes,no
4917,unknown,no,no
4918,no,yes,no
4919,unknown,no,no
4920,no,no,no
4921,no,no,no
4922,unknown,yes,yes
4923,no,yes,no
4924,no,no,no
4925,no,no,no
4926,no,yes,no
4927,unknown,no,no
4928,no,no,no
4929,unknown,yes,no
4930,no,no,no
4931,no,no,no
4932,no,no,no
4933,no,yes,no
4934,unknown,yes,no
4935,unknown,yes,no
4936,unknown,yes,no
4937,no,yes,no
4938,unknown,yes,yes
4939,unknown,no,no
4940,no,yes,no
4941,no,yes,no
4942,no,yes,no
4943,no,no,no
4944,unknown,yes,no
4945,no,yes,no
4946,no,yes,no
4947,no,yes,no
4948,unknown,yes,no
4949,no,unknown,unknown
4950,no,unknown,unknown
4951,unknown,unknown,unknown
4952,no,yes,no
4953,no,no,no
4954,no,yes,no
4955,no,no,no
4956,unknown,no,no
4957,no,yes,no
4958,unknown,unknown,unknown
4959,no,yes,no
4960,no,no,no
4961,no,yes,no
4962,no,no,yes
4963,no,yes,no
4964,unknown,no,no
4965,unknown,no,no
4966,no,no,no
4967,unknown,yes,no
4968,no,no,no
4969,unknown,yes,no
4970,no,no,yes
4971,unknown,no,no
4972,no,no,no
4973,no,no,no
4974,no,no,no
4975,no,yes,no
4976,no,yes,no
4977,no,yes,no
4978,no,yes,no
4979,no,no,no
4980,unknown,no,no
4981,no,yes,yes
4982,no,yes,yes
4983,no,yes,yes
4984,unknown,unknown,unknown
4985,unknown,yes,no
4986,unknown,yes,no
4987,no,yes,no
4988,unknown,yes,no
4989,unknown,unknown,unknown
4990,no,unknown,unknown
4991,no,no,no
4992,no,yes,no
4993,no,no,no
4994,no,no,no
4995,no,no,no
4996,no,no,no
4997,no,yes,no
4998,unknown,yes,no
4999,no,no,no
5000,no,no,no
5001,no,no,no
5002,no,yes,yes
5003,no,no,no
5004,unknown,no,no
5005,unknown,no,no
5006,no,no,no
5007,no,no,no
5008,no,no,no
5009,no,yes,no
5010,no,no,no
5011,unknown,no,no
5012,no,yes,no
5013,unknown,no,no
5014,no,no,no
5015,unknown,yes,no
5016,no,no,no
5017,no,yes,yes
5018,no,no,no
5019,unknown,yes,no
5020,no,no,no
5021,no,no,no
5022,no,no,no
5023,no,yes,no
5024,no,no,no
5025,unknown,yes,no
5026,no,yes,yes
5027,unknown,no,no
5028,no,yes,yes
5029,unknown,no,no
5030,no,no,yes
5031,no,no,no
5032,unknown,yes,no
5033,no,no,no
5034,no,no,no
5035,unknown,yes,no
5036,unknown,yes,no
5037,no,no,no
5038,unknown,no,no
5039,no,yes,no
5040,no,no,yes
5041,unknown,yes,no
5042,unknown,no,no
5043,unknown,yes,no
5044,no,no,no
5045,unknown,no,no
5046,unknown,yes,no
5047,no,yes,no
5048,no,yes,no
5049,unknown,yes,no
5050,unknown,yes,no
5051,no,yes,no
5052,unknown,no,no
5053,no,no,no
5054,no,yes,no
5055,no,no,yes
5056,unknown,yes,no
5057,no,yes,no
5058,no,yes,no
5059,no,yes,no
5060,no,yes,no
5061,no,yes,no
5062,no,yes,no
5063,no,yes,no
5064,no,no,yes
5065,no,no,no
5066,no,no,no
5067,unknown,yes,yes
5068,no,no,no
5069,no,unknown,unknown
5070,no,no,no
5071,no,no,no
5072,no,yes,yes
5073,unknown,yes,no
5074,no,no,no
5075,unknown,yes,no
5076,unknown,no,no
5077,no,no,no
5078,no,yes,no
5079,no,no,no
5080,no,no,no
5081,no,no,yes
5082,unknown,yes,no
5083,unknown,no,no
5084,no,no,yes
5085,no,no,no
5086,unknown,no,no
5087,no,no,no
5088,no,no,yes
5089,no,no,no
5090,no,no,no
5091,unknown,no,no
5092,unknown,yes,no
5093,no,yes,no
5094,unknown,no,no
5095,no,no,no
5096,no,no,yes
5097,no,no,yes
5098,unknown,no,yes
5099,no,yes,no
5100,unknown,yes,no
5101,no,no,yes
5102,no,no,yes
5103,unknown,yes,no
5104,no,no,no
5105,no,yes,no
5106,unknown,no,yes
5107,no,no,yes
5108,unknown,no,no
5109,no,no,yes
5110,no,no,no
5111,no,no,yes
5112,no,no,no
5113,unknown,no,yes
5114,unknown,yes,no
5115,no,no,no
5116,unknown,yes,no
5117,unknown,no,no
5118,unknown,no,no
5119,no,yes,yes
5120,no,no,no
5121,no,yes,no
5122,no,yes,no
5123,no,no,no
5124,no,yes,no
5125,unknown,yes,no
5126,no,no,yes
5127,no,no,yes
5128,unknown,yes,no
5129,unknown,no,yes
5130,no,yes,no
5131,no,no,yes
5132,no,no,no
5133,no,no,no
5134,no,no,no
5135,no,yes,no
5136,no,no,no
5137,no,yes,no
5138,unknown,yes,no
5139,no,yes,no
5140,no,yes,no
5141,no,yes,no
5142,no,yes,yes
5143,no,no,no
5144,no,yes,no
5145,unknown,yes,yes
5146,no,no,no
5147,no,no,no
5148,no,unknown,unknown
5149,no,no,no
5150,no,yes,no
5151,no,no,no
5152,no,yes,no
5153,no,yes,yes
5154,no,yes,no
5155,no,yes,no
5156,no,yes,no
5157,no,yes,yes
5158,unknown,no,no
5159,unknown,no,no
5160,no,no,no
5161,unknown,yes,no
5162,no,yes,no
5163,no,yes,no
5164,no,yes,yes
5165,unknown,no,no
5166,no,yes,no
5167,unknown,no,no
5168,no,yes,no
5169,unknown,no,no
5170,no,yes,yes
5171,unknown,yes,no
5172,no,yes,no
5173,no,yes,no
5174,no,yes,no
5175,no,no,no
5176,unknown,yes,no
5177,no,yes,no
5178,no,no,no
5179,no,no,yes
5180,no,no,yes
5181,no,yes,no
5182,no,no,no
5183,no,unknown,unknown
5184,no,no,no
5185,no,yes,no
5186,unknown,no,no
5187,unknown,yes,no
5188,unknown,yes,no
5189,no,no,no
5190,no,no,no
5191,no,yes,yes
5192,no,yes,no
5193,no,yes,yes
5194,no,yes,yes
5195,no,no,no
5196,no,no,no
5197,no,no,no
5198,no,no,no
5199,unknown,no,no
5200,no,no,yes
5201,unknown,unknown,unknown
5202,unknown,yes,yes
5203,unknown,no,no
5204,unknown,yes,yes
5205,no,yes,yes
5206,no,yes,no
5207,unknown,yes,no
5208,no,yes,no
5209,no,yes,yes
5210,unknown,yes,no
5211,no,yes,yes
5212,unknown,no,no
5213,no,no,yes
5214,unknown,yes,no
5215,no,no,no
5216,no,yes,no
5217,no,yes,no
5218,no,yes,no
5219,no,yes,no
5220,no,no,no
5221,unknown,no,yes
5222,no,no,no
5223,no,yes,no
5224,no,yes,yes
5225,unknown,yes,yes
5226,no,yes,yes
5227,unknown,no,no
5228,unknown,no,no
5229,no,yes,yes
5230,unknown,yes,yes
5231,no,yes,yes
5232,no,yes,no
5233,no,no,no
5234,unknown,yes,no
5235,no,no,no
5236,unknown,no,no
5237,unknown,yes,yes
5238,no,no,no
5239,no,no,no
5240,no,yes,no
5241,unknown,yes,no
5242,no,no,no
5243,no,no,no
5244,no,no,no
5245,no,yes,no
5246,no,yes,no
5247,no,no,no
5248,no,yes,no
5249,no,no,no
5250,no,yes,no
5251,no,yes,no
5252,unknown,no,no
5253,unknown,yes,no
5254,no,no,no
5255,unknown,unknown,unknown
5256,no,no,no
5257,no,no,yes
5258,unknown,no,no
5259,no,no,yes
5260,no,no,no
5261,unknown,unknown,unknown
5262,no,no,yes
5263,unknown,no,no
5264,no,no,yes
5265,no,yes,no
5266,unknown,yes,no
5267,unknown,no,no
5268,unknown,yes,no
5269,unknown,yes,no
5270,no,yes,no
5271,no,yes,yes
5272,no,yes,no
5273,no,no,no
5274,no,yes,no
5275,no,no,no
5276,no,yes,no
5277,no,no,no
5278,unknown,no,no
5279,no,yes,no
5280,no,yes,no
5281,no,yes,no
5282,no,no,no
5283,no,yes,no
5284,no,yes,no
5285,no,no,no
5286,unknown,yes,yes
5287,no,yes,no
5288,unknown,no,no
5289,no,no,no
5290,no,yes,yes
5291,no,yes,no
5292,unknown,no,no
5293,no,no,no
5294,unknown,yes,no
5295,no,yes,no
5296,no,yes,no
5297,no,yes,no
5298,no,yes,no
5299,no,no,no
5300,no,no,no
5301,no,yes,no
5302,no,no,no
5303,unknown,unknown,unknown
5304,unknown,yes,no
5305,no,yes,no
5306,no,yes,no
5307,unknown,no,yes
5308,no,no,no
5309,no,no,no
5310,unknown,yes,no
5311,unknown,yes,no
5312,no,no,no
5313,no,no,no
5314,no,yes,no
5315,no,unknown,unknown
5316,no,no,no
5317,no,yes,no
5318,unknown,yes,yes
5319,no,yes,no
5320,no,yes,no
5321,unknown,no,no
5322,no,yes,no
5323,no,no,no
5324,no,yes,no
5325,no,no,no
5326,unknown,yes,yes
5327,no,no,no
5328,no,no,no
5329,no,yes,no
5330,no,yes,no
5331,no,no,no
5332,no,yes,no
5333,no,yes,no
5334,no,no,yes
5335,unknown,yes,yes
5336,unknown,yes,no
5337,unknown,no,yes
5338,unknown,yes,no
5339,no,yes,yes
5340,no,yes,no
5341,unknown,no,no
5342,unknown,yes,no
5343,unknown,no,no
5344,unknown,yes,no
5345,unknown,no,yes
5346,no,yes,no
5347,no,yes,no
5348,no,no,no
5349,no,yes,no
5350,unknown,yes,yes
5351,no,yes,no
5352,no,yes,yes
5353,no,no,no
5354,no,yes,no
5355,unknown,no,yes
5356,no,no,no
5357,no,no,no
5358,no,yes,no
5359,unknown,no,no
5360,no,yes,no
5361,unknown,no,no
5362,unknown,no,no
5363,no,yes,no
5364,no,no,no
5365,no,no,no
5366,no,yes,no
5367,unknown,yes,no
5368,unknown,no,yes
5369,unknown,yes,no
5370,unknown,yes,no
5371,no,no,no
5372,no,yes,no
5373,no,no,no
5374,no,yes,no
5375,no,yes,no
5376,unknown,yes,no
5377,no,no,no
5378,no,yes,no
5379,unknown,no,no
5380,no,yes,no
5381,no,yes,no
5382,no,no,yes
5383,no,no,no
5384,no,no,no
5385,unknown,yes,no
5386,unknown,no,yes
5387,no,yes,no
5388,no,no,no
5389,no,no,no
5390,no,yes,no
5391,no,no,no
5392,no,yes,no
5393,no,yes,no
5394,unknown,no,yes
5395,no,yes,no
5396,unknown,yes,no
5397,unknown,yes,no
5398,no,yes,no
5399,no,yes,no
5400,no,yes,yes
5401,no,no,no
5402,no,yes,yes
5403,no,no,no
5404,unknown,no,no
5405,no,no,yes
5406,unknown,no,no
5407,no,yes,yes
5408,no,no,no
5409,unknown,yes,no
5410,no,no,no
5411,no,yes,no
5412,unknown,no,no
5413,unknown,no,no
5414,no,no,no
5415,unknown,no,no
5416,no,yes,no
5417,unknown,no,yes
5418,unknown,no,no
5419,no,yes,no
5420,no,yes,no
5421,no,yes,yes
5422,no,yes,no
5423,no,no,no
5424,no,yes,no
5425,no,no,yes
5426,no,no,no
5427,no,no,no
5428,no,yes,no
5429,no,no,no
5430,no,no,no
5431,unknown,yes,no
5432,no,yes,no
5433,no,yes,no
5434,no,yes,no
5435,unknown,no,no
5436,no,no,no
5437,no,no,yes
5438,unknown,no,yes
5439,unknown,yes,no
5440,no,no,yes
5441,no,no,yes
5442,no,yes,no
5443,no,yes,no
5444,no,no,no
5445,no,yes,no
5446,no,yes,yes
5447,no,no,yes
5448,no,no,no
5449,no,no,no
5450,unknown,yes,no
5451,unknown,no,no
5452,no,no,yes
5453,no,no,no
5454,unknown,yes,no
5455,unknown,yes,no
5456,no,no,yes
5457,unknown,yes,no
5458,no,yes,no
5459,no,no,no
5460,no,unknown,unknown
5461,no,no,yes
5462,unknown,no,yes
5463,no,yes,yes
5464,no,no,no
5465,no,yes,yes
5466,no,no,yes
5467,no,no,no
5468,unknown,yes,no
5469,no,no,yes
5470,no,yes,yes
5471,unknown,yes,no
5472,no,no,yes
5473,unknown,yes,no
5474,no,no,no
5475,no,no,no
5476,no,no,no
5477,unknown,yes,no
5478,no,yes,no
5479,no,no,no
5480,no,no,no
5481,no,yes,no
5482,unknown,yes,no
5483,no,no,no
5484,no,yes,no
5485,no,yes,no
5486,no,yes,no
5487,unknown,no,yes
5488,no,no,no
5489,no,yes,no
5490,no,yes,no
5491,no,yes,no
5492,no,no,no
5493,no,yes,no
5494,no,no,no
5495,no,no,no
5496,no,yes,no
5497,no,no,no
5498,no,no,no
5499,no,no,no
5500,no,no,no
5501,no,no,no
5502,no,yes,no
5503,unknown,yes,no
5504,no,yes,no
5505,no,yes,no
5506,unknown,yes,no
5507,no,no,no
5508,no,no,no
5509,unknown,yes,no
5510,no,no,no
5511,no,yes,no
5512,no,yes,no
5513,no,yes,no
5514,no,yes,no
5515,unknown,yes,yes
5516,unknown,yes,yes
5517,unknown,no,no
5518,no,no,no
5519,no,no,no
5520,no,yes,no
5521,no,yes,yes
5522,no,yes,no
5523,no,no,no
5524,no,yes,no
5525,no,no,no
5526,unknown,no,no
5527,no,yes,no
5528,no,no,no
5529,unknown,no,no
5530,unknown,yes,no
5531,unknown,no,yes
5532,unknown,yes,no
5533,no,yes,yes
5534,no,no,no
5535,unknown,yes,yes
5536,no,yes,no
5537,unknown,yes,no
5538,unknown,yes,no
5539,no,yes,no
5540,unknown,yes,no
5541,no,yes,no
5542,no,no,no
5543,no,yes,no
5544,unknown,no,no
5545,no,yes,no
5546,no,yes,no
5547,no,yes,yes
5548,no,no,no
5549,no,yes,yes
5550,unknown,no,yes
5551,unknown,no,yes
5552,unknown,yes,no
5553,no,unknown,unknown
5554,unknown,yes,yes
5555,no,no,no
5556,unknown,yes,no
5557,unknown,no,no
5558,no,no,no
5559,no,no,no
5560,no,no,no
5561,no,no,yes
5562,no,no,no
5563,unknown,no,no
5564,unknown,no,no
5565,no,yes,no
5566,unknown,no,no
5567,no,yes,no
5568,no,yes,no
5569,unknown,no,no
5570,no,yes,no
5571,no,yes,yes
5572,unknown,no,no
5573,no,yes,no
5574,no,no,no
5575,no,no,no
5576,no,yes,no
5577,unknown,yes,no
5578,no,no,no
5579,no,no,no
5580,no,yes,no
5581,no,no,no
5582,no,no,no
5583,no,no,no
5584,no,no,no
5585,unknown,no,no
5586,no,yes,no
5587,no,unknown,unknown
5588,no,no,no
5589,unknown,no,no
5590,unknown,no,no
5591,no,no,no
5592,no,yes,no
5593,no,yes,no
5594,no,yes,no
5595,no,no,yes
5596,no,no,yes
5597,no,yes,no
5598,no,no,no
5599,unknown,unknown,unknown
5600,unknown,no,no
5601,no,no,no
5602,unknown,no,no
5603,no,yes,no
5604,unknown,yes,no
5605,no,no,yes
5606,no,yes,no
5607,unknown,no,no
5608,unknown,no,no
5609,unknown,yes,no
5610,no,yes,no
5611,no,no,yes
5612,no,yes,no
5613,unknown,no,no
5614,no,yes,no
5615,no,no,no
5616,no,no,yes
5617,no,yes,no
5618,unknown,no,yes
5619,unknown,yes,no
5620,no,no,no
5621,unknown,yes,no
5622,unknown,no,no
5623,unknown,no,no
5624,no,no,no
5625,no,no,yes
5626,unknown,no,no
5627,unknown,yes,no
5628,unknown,yes,yes
5629,no,yes,no
5630,no,no,no
5631,no,no,no
5632,no,no,yes
5633,unknown,yes,no
5634,no,yes,no
5635,unknown,no,yes
5636,unknown,no,yes
5637,unknown,yes,no
5638,no,yes,no
5639,no,no,yes
5640,no,yes,no
5641,no,no,yes
5642,unknown,yes,no
5643,unknown,yes,no
5644,no,no,no
5645,unknown,no,no
5646,unknown,no,no
5647,no,yes,no
5648,no,no,no
5649,no,yes,no
5650,unknown,yes,yes
5651,unknown,yes,no
5652,no,yes,yes
5653,unknown,yes,no
5654,unknown,yes,no
5655,unknown,yes,no
5656,no,yes,yes
5657,no,yes,no
5658,no,no,no
5659,unknown,yes,no
5660,no,yes,no
5661,no,yes,no
5662,unknown,no,no
5663,unknown,yes,yes
5664,unknown,no,no
5665,unknown,no,no
5666,no,no,no
5667,no,no,no
5668,unknown,yes,yes
5669,unknown,yes,no
5670,unknown,yes,yes
5671,no,no,yes
5672,no,yes,no
5673,no,no,no
5674,unknown,yes,yes
5675,no,no,yes
5676,unknown,no,no
5677,no,no,yes
5678,no,no,no
5679,no,no,no
5680,no,no,no
5681,no,no,no
5682,no,yes,no
5683,no,yes,no
5684,unknown,yes,yes
5685,unknown,no,no
5686,unknown,yes,no
5687,no,yes,yes
5688,no,yes,no
5689,no,no,no
5690,no,yes,yes
5691,no,yes,no
5692,no,no,no
5693,no,unknown,unknown
5694,unknown,no,no
5695,no,yes,yes
5696,no,yes,no
5697,no,yes,no
5698,no,no,no
5699,no,no,no
5700,no,no,no
5701,no,yes,no
5702,unknown,yes,no
5703,no,yes,no
5704,no,yes,no
5705,no,no,yes
5706,no,no,no
5707,no,no,no
5708,no,yes,yes
5709,unknown,yes,no
5710,no,yes,no
5711,no,no,no
5712,unknown,no,no
5713,no,yes,yes
5714,no,yes,no
5715,no,no,no
5716,no,no,no
5717,no,no,no
5718,unknown,no,no
5719,no,yes,no
5720,no,no,no
5721,unknown,yes,no
5722,no,no,no
5723,no,yes,no
5724,no,yes,no
5725,no,yes,no
5726,no,no,no
5727,no,no,no
5728,no,yes,no
5729,no,yes,no
5730,unknown,no,no
5731,no,no,yes
5732,unknown,yes,yes
5733,unknown,yes,yes
5734,no,no,yes
5735,no,no,yes
5736,no,no,no
5737,no,yes,no
5738,no,yes,no
5739,unknown,yes,no
5740,no,no,yes
5741,no,no,no
5742,no,yes,no
5743,unknown,yes,no
5744,no,no,yes
5745,no,no,no
5746,no,no,yes
5747,unknown,yes,no
5748,no,no,no
5749,unknown,yes,no
5750,no,no,no
5751,no,yes,no
5752,no,no,yes
5753,no,yes,no
5754,no,yes,no
5755,no,yes,no
5756,no,yes,no
5757,no,no,no
5758,no,yes,no
5759,unknown,yes,no
5760,unknown,yes,no
5761,no,yes,no
5762,no,no,no
5763,unknown,yes,yes
5764,no,no,no
5765,no,no,yes
5766,no,yes,no
5767,no,yes,no
5768,no,no,no
5769,no,yes,no
5770,unknown,no,yes
5771,no,no,no
5772,no,yes,no
5773,no,no,no
5774,no,no,no
5775,no,no,no
5776,no,no,yes
5777,unknown,yes,yes
5778,no,unknown,unknown
5779,unknown,no,no
5780,no,no,no
5781,no,no,no
5782,unknown,no,no
5783,unknown,no,no
5784,no,no,no
5785,unknown,yes,yes
5786,unknown,no,no
5787,unknown,no,no
5788,no,no,no
5789,no,no,no
5790,unknown,no,no
5791,no,yes,no
5792,no,no,no
5793,no,no,no
5794,no,yes,no
5795,no,no,no
5796,unknown,no,no
5797,unknown,no,no
5798,unknown,yes,yes
5799,no,no,yes
5800,unknown,no,no
5801,no,yes,no
5802,no,yes,no
5803,unknown,no,no
5804,no,yes,yes
5805,no,yes,no
5806,no,yes,no
5807,no,no,no
5808,no,yes,no
5809,unknown,yes,no
5810,no,no,no
5811,unknown,no,yes
5812,unknown,no,yes
5813,no,no,no
5814,no,yes,no
5815,unknown,yes,no
5816,unknown,yes,no
5817,no,yes,no
5818,no,yes,yes
5819,no,no,no
5820,no,yes,no
5821,unknown,yes,no
5822,no,yes,no
5823,no,no,no
5824,no,no,no
5825,no,yes,no
5826,no,no,no
5827,no,yes,no
5828,no,yes,no
5829,no,no,no
5830,no,no,no
5831,no,no,no
5832,unknown,yes,no
5833,no,no,no
5834,no,no,no
5835,unknown,no,no
5836,unknown,yes,no
5837,no,yes,no
5838,unknown,yes,no
5839,unknown,no,no
5840,no,yes,yes
5841,no,no,no
5842,unknown,yes,no
5843,no,no,no
5844,no,no,no
5845,no,no,no
5846,no,no,no
5847,no,no,no
5848,no,no,no
5849,no,yes,no
5850,unknown,yes,no
5851,unknown,yes,no
5852,unknown,yes,yes
5853,no,no,no
5854,no,yes,yes
5855,no,no,no
5856,unknown,yes,yes
5857,no,no,no
5858,no,yes,no
5859,unknown,yes,no
5860,no,no,no
5861,no,yes,yes
5862,no,no,no
5863,no,no,no
5864,no,yes,no
5865,no,yes,yes
5866,unknown,yes,no
5867,no,yes,no
5868,unknown,yes,no
5869,no,yes,yes
5870,no,yes,no
5871,unknown,no,no
5872,no,yes,yes
5873,no,yes,no
5874,unknown,yes,no
5875,no,yes,yes
5876,no,no,no
5877,no,no,no
5878,unknown,yes,yes
5879,no,yes,no
5880,no,no,no
5881,no,no,no
5882,unknown,no,yes
5883,unknown,no,no
5884,no,no,no
5885,no,yes,yes
5886,unknown,no,no
5887,unknown,no,no
5888,no,no,yes
5889,unknown,yes,no
5890,no,yes,no
5891,unknown,no,no
5892,unknown,yes,no
5893,no,no,no
5894,no,yes,no
5895,no,no,no
5896,no,yes,no
5897,no,no,no
5898,no,no,no
5899,unknown,yes,yes
5900,no,yes,no
5901,unknown,no,no
5902,no,no,no
5903,no,yes,no
5904,no,yes,no
5905,no,no,no
5906,no,yes,yes
5907,no,yes,no
5908,no,yes,no
5909,no,yes,no
5910,no,yes,yes
5911,no,no,no
5912,no,no,no
5913,no,yes,no
5914,no,yes,yes
5915,no,yes,no
5916,no,yes,no
5917,unknown,yes,yes
5918,unknown,yes,no
5919,no,no,yes
5920,no,no,yes
5921,no,yes,no
5922,no,yes,no
5923,unknown,yes,no
5924,no,no,no
5925,unknown,yes,yes
5926,no,no,no
5927,no,no,no
5928,unknown,yes,no
5929,no,yes,no
5930,no,yes,no
5931,no,no,no
5932,no,yes,yes
5933,no,yes,no
5934,unknown,no,no
5935,no,no,no
5936,no,yes,yes
5937,no,no,no
5938,no,yes,no
5939,unknown,no,no
5940,no,yes,no
5941,unknown,no,no
5942,no,yes,no
5943,no,no,no
5944,no,yes,no
5945,no,no,no
5946,no,no,no
5947,no,no,no
5948,no,yes,yes
5949,no,yes,no
5950,no,yes,no
5951,no,yes,yes
5952,no,no,no
5953,unknown,no,no
5954,no,yes,yes
5955,no,no,no
5956,unknown,yes,yes
5957,no,no,no
5958,no,yes,no
5959,no,yes,no
5960,no,yes,no
5961,no,no,no
5962,no,yes,no
5963,unknown,yes,yes
5964,no,yes,no
5965,no,no,no
5966,no,no,no
5967,no,yes,no
5968,no,no,no
5969,no,no,no
5970,no,no,no
5971,no,yes,no
5972,no,yes,no
5973,no,yes,no
5974,no,no,yes
5975,no,no,no
5976,no,yes,no
5977,no,no,no
5978,no,no,no
5979,no,yes,no
5980,no,yes,no
5981,no,yes,no
5982,no,yes,no
5983,no,yes,no
5984,unknown,no,no
5985,no,yes,no
5986,no,yes,no
5987,no,no,no
5988,no,no,no
5989,no,yes,no
5990,unknown,no,no
5991,unknown,yes,no
5992,no,no,no
5993,no,no,no
5994,no,no,no
5995,unknown,no,yes
5996,unknown,no,no
5997,no,yes,no
5998,unknown,no,no
5999,no,yes,no
6000,no,yes,no
6001,unknown,no,no
6002,no,yes,no
6003,no,unknown,unknown
6004,unknown,no,no
6005,no,yes,no
6006,no,no,no
6007,no,no,no
6008,no,yes,no
6009,no,no,no
6010,no,yes,yes
6011,no,yes,no
6012,no,yes,yes
6013,no,yes,no
6014,no,unknown,unknown
6015,unknown,yes,no
6016,no,no,no
6017,no,no,no
6018,no,yes,yes
6019,no,no,no
6020,no,no,no
6021,no,no,no
6022,no,no,no
6023,no,no,no
6024,unknown,no,no
6025,unknown,yes,no
6026,no,yes,no
6027,unknown,no,no
6028,no,no,no
6029,unknown,no,no
6030,no,no,no
6031,no,no,no
6032,unknown,yes,yes
6033,no,yes,no
6034,no,no,no
6035,no,no,no
6036,no,no,no
6037,no,yes,no
6038,unknown,no,no
6039,no,yes,no
6040,no,yes,no
6041,unknown,yes,no
6042,no,yes,no
6043,no,yes,no
6044,no,no,no
6045,unknown,yes,no
6046,unknown,no,no
6047,no,no,no
6048,no,yes,no
6049,no,yes,yes
6050,no,no,no
6051,no,no,no
6052,no,yes,yes
6053,no,yes,no
6054,unknown,no,no
6055,no,yes,no
6056,no,unknown,unknown
6057,no,no,no
6058,unknown,yes,yes
6059,no,yes,no
6060,no,yes,no
6061,unknown,no,no
6062,no,yes,no
6063,no,no,no
6064,no,no,no
6065,no,no,no
6066,no,no,no
6067,no,no,no
6068,unknown,no,no
6069,no,no,no
6070,no,yes,no
6071,unknown,no,no
6072,no,no,no
6073,unknown,no,no
6074,no,no,no
6075,unknown,no,yes
6076,no,yes,no
6077,no,no,no
6078,no,no,no
6079,unknown,yes,no
6080,unknown,no,yes
6081,unknown,yes,no
6082,no,yes,no
6083,unknown,yes,yes
6084,no,no,no
6085,no,no,no
6086,no,no,no
6087,unknown,no,no
6088,no,no,no
6089,unknown,yes,yes
6090,unknown,no,no
6091,unknown,no,no
6092,no,no,no
6093,no,no,no
6094,unknown,no,no
6095,no,yes,no
6096,no,no,no
6097,no,yes,no
6098,no,no,no
6099,unknown,no,no
6100,no,yes,yes
6101,no,no,no
6102,no,no,no
6103,no,yes,no
6104,unknown,yes,no
6105,no,no,no
6106,no,yes,no
6107,no,yes,yes
6108,no,no,no
6109,unknown,no,no
6110,unknown,yes,no
6111,unknown,no,no
6112,no,no,yes
6113,no,no,yes
6114,no,no,no
6115,no,yes,no
6116,no,no,no
6117,no,no,yes
6118,no,yes,no
6119,unknown,yes,no
6120,no,no,no
6121,no,no,no
6122,no,yes,yes
6123,unknown,no,no
6124,no,no,no
6125,no,yes,no
6126,unknown,yes,no
6127,no,yes,no
6128,no,yes,no
6129,unknown,yes,no
6130,no,yes,no
6131,no,no,no
6132,unknown,no,no
6133,no,no,no
6134,unknown,no,no
6135,no,no,no
6136,no,no,no
6137,no,yes,no
6138,unknown,yes,no
6139,unknown,no,no
6140,no,no,no
6141,no,yes,no
6142,unknown,no,no
6143,no,no,no
6144,no,no,no
6145,no,yes,yes
6146,no,no,no
6147,no,no,no
6148,unknown,yes,no
6149,no,no,no
6150,no,no,no
6151,unknown,no,no
6152,no,no,no
6153,no,yes,no
6154,no,no,yes
6155,no,yes,no
6156,unknown,no,no
6157,no,no,no
6158,no,unknown,unknown
6159,no,no,no
6160,no,no,no
6161,unknown,yes,no
6162,unknown,yes,no
6163,no,no,no
6164,unknown,yes,no
6165,no,yes,no
6166,no,yes,no
6167,no,yes,no
6168,no,yes,no
6169,unknown,no,no
6170,unknown,no,no
6171,no,yes,no
6172,no,no,no
6173,unknown,yes,no
6174,no,yes,no
6175,no,no,yes
6176,no,yes,no
6177,unknown,no,no
6178,no,no,yes
6179,no,yes,no
6180,no,yes,no
6181,no,yes,no
6182,unknown,no,no
6183,no,no,no
6184,unknown,no,no
6185,no,no,yes
6186,unknown,yes,yes
6187,no,yes,no
6188,no,no,no
6189,no,no,no
6190,no,no,no
6191,no,no,no
6192,no,yes,no
6193,unknown,no,no
6194,no,no,no
6195,no,yes,no
6196,no,no,no
6197,no,no,no
6198,no,no,no
6199,no,no,yes
6200,no,yes,no
6201,no,yes,no
6202,no,no,no
6203,no,yes,no
6204,no,no,yes
6205,no,yes,no
6206,unknown,yes,no
6207,no,no,no
6208,no,no,no
6209,unknown,no,no
6210,no,yes,no
6211,no,yes,yes
6212,unknown,no,no
6213,no,yes,no
6214,no,yes,no
6215,no,no,no
6216,no,no,no
6217,no,yes,no
6218,unknown,no,yes
6219,unknown,yes,yes
6220,no,yes,no
6221,no,no,no
6222,no,no,no
6223,unknown,no,no
6224,no,yes,no
6225,unknown,yes,no
6226,unknown,yes,no
6227,unknown,yes,no
6228,no,no,no
6229,no,yes,no
6230,no,yes,no
6231,no,yes,no
6232,no,yes,no
6233,no,no,no
6234,no,yes,no
6235,no,yes,no
6236,unknown,no,no
6237,no,no,no
6238,unknown,yes,no
6239,no,no,no
6240,no,yes,no
6241,no,yes,no
6242,no,no,no
6243,no,no,no
6244,unknown,yes,no
6245,unknown,no,no
6246,no,yes,no
6247,no,yes,yes
6248,no,yes,no
6249,no,no,no
6250,no,no,no
6251,no,unknown,unknown
6252,no,yes,no
6253,no,yes,no
6254,no,no,no
6255,unknown,no,yes
6256,no,yes,yes
6257,no,yes,no
6258,unknown,no,yes
6259,no,yes,no
6260,no,no,no
6261,no,yes,no
6262,no,yes,no
6263,no,yes,no
6264,no,yes,no
6265,no,yes,no
6266,unknown,no,no
6267,no,no,yes
6268,no,no,yes
6269,no,yes,yes
6270,unknown,no,no
6271,unknown,yes,no
6272,unknown,yes,no
6273,no,no,no
6274,no,no,no
6275,unknown,no,no
6276,unknown,no,no
6277,no,yes,no
6278,unknown,yes,no
6279,unknown,yes,no
6280,no,no,yes
6281,no,no,no
6282,no,no,no
6283,no,no,yes
6284,no,no,no
6285,no,yes,no
6286,unknown,yes,no
6287,no,yes,no
6288,no,no,no
6289,no,no,yes
6290,no,yes,no
6291,no,no,yes
6292,no,yes,no
6293,unknown,unknown,unknown
6294,unknown,yes,no
6295,no,no,no
6296,no,no,no
6297,no,no,no
6298,no,yes,no
6299,unknown,no,no
6300,no,yes,no
6301,no,no,no
6302,no,no,no
6303,no,yes,no
6304,unknown,yes,no
6305,no,yes,no
6306,unknown,yes,no
6307,no,yes,no
6308,unknown,no,no
6309,unknown,yes,no
6310,no,no,no
6311,no,no,no
6312,no,yes,no
6313,no,unknown,unknown
6314,no,yes,no
6315,no,yes,no
6316,no,yes,no
6317,no,no,no
6318,no,no,no
6319,no,no,no
6320,no,no,no
6321,no,no,no
6322,no,yes,no
6323,no,no,no
6324,no,no,yes
6325,no,yes,no
6326,no,yes,no
6327,no,yes,no
6328,unknown,no,no
6329,unknown,no,no
6330,no,yes,no
6331,no,no,no
6332,no,yes,no
6333,no,yes,no
6334,unknown,no,no
6335,no,no,no
6336,unknown,no,no
6337,no,no,no
6338,no,yes,no
6339,unknown,no,no
6340,unknown,no,no
6341,no,yes,no
6342,unknown,yes,no
6343,unknown,yes,no
6344,no,yes,no
6345,no,yes,yes
6346,no,yes,no
6347,unknown,yes,no
6348,no,yes,no
6349,no,yes,no
6350,no,yes,no
6351,unknown,yes,no
6352,no,yes,no
6353,no,no,no
6354,no,no,no
6355,unknown,yes,no
6356,unknown,yes,no
6357,no,yes,no
6358,no,yes,no
6359,no,no,no
6360,no,yes,no
6361,no,no,no
6362,no,no,no
6363,unknown,no,no
6364,no,no,no
6365,unknown,no,no
6366,no,yes,no
6367,no,yes,no
6368,no,no,no
6369,unknown,no,no
6370,no,yes,no
6371,no,no,no
6372,no,no,no
6373,no,yes,no
6374,no,no,no
6375,unknown,yes,no
6376,unknown,yes,no
6377,no,no,no
6378,no,yes,no
6379,unknown,no,no
6380,no,no,no
6381,no,no,no
6382,unknown,yes,no
6383,no,yes,no
6384,unknown,yes,no
6385,no,yes,no
6386,no,unknown,unknown
6387,no,yes,no
6388,no,no,no
6389,no,yes,no
6390,no,no,no
6391,no,no,no
6392,no,yes,no
6393,unknown,no,no
6394,no,no,no
6395,no,no,no
6396,unknown,yes,no
6397,no,yes,no
6398,no,yes,no
6399,no,no,yes
6400,no,no,no
6401,unknown,no,no
6402,no,no,no
6403,no,yes,no
6404,no,no,yes
6405,unknown,yes,no
6406,unknown,yes,no
6407,unknown,yes,yes
6408,unknown,no,no
6409,unknown,yes,no
6410,no,yes,yes
6411,unknown,no,no
6412,no,yes,no
6413,unknown,yes,no
6414,unknown,yes,no
6415,unknown,yes,no
6416,unknown,no,no
6417,no,yes,no
6418,no,no,no
6419,no,unknown,unknown
6420,unknown,yes,no
6421,no,no,no
6422,unknown,unknown,unknown
6423,unknown,no,no
6424,no,no,no
6425,unknown,no,no
6426,no,yes,no
6427,unknown,no,no
6428,no,no,no
6429,unknown,no,no
6430,no,no,no
6431,unknown,yes,no
6432,no,no,no
6433,unknown,yes,no
6434,no,yes,no
6435,no,yes,no
6436,no,no,no
6437,no,yes,no
6438,no,yes,no
6439,unknown,yes,no
6440,no,no,no
6441,no,no,no
6442,no,no,no
6443,no,no,yes
6444,no,yes,no
6445,unknown,no,no
6446,no,yes,no
6447,unknown,yes,no
6448,no,no,no
6449,unknown,yes,no
6450,no,no,no
6451,unknown,yes,no
6452,unknown,no,no
6453,unknown,yes,no
6454,no,yes,yes
6455,no,no,no
6456,no,yes,no
6457,no,no,no
6458,no,yes,no
6459,no,unknown,unknown
6460,unknown,no,no
6461,unknown,yes,no
6462,no,no,no
6463,no,yes,no
6464,no,no,no
6465,no,no,no
6466,no,yes,no
6467,unknown,no,no
6468,no,yes,no
6469,unknown,no,no
6470,no,no,no
6471,no,no,no
6472,no,yes,no
6473,no,yes,no
6474,no,no,no
6475,no,yes,no
6476,no,no,no
6477,no,yes,no
6478,unknown,yes,no
6479,no,no,no
6480,unknown,yes,yes
6481,no,yes,yes
6482,no,yes,no
6483,no,yes,no
6484,no,yes,no
6485,no,no,no
6486,unknown,yes,no
6487,no,yes,no
6488,no,yes,no
6489,no,no,no
6490,no,no,no
6491,no,yes,no
6492,no,yes,yes
6493,unknown,no,no
6494,no,no,no
6495,unknown,no,no
6496,unknown,yes,yes
6497,no,no,no
6498,no,yes,no
6499,no,no,no
6500,no,no,no
6501,no,no,yes
6502,no,yes,yes
6503,no,yes,no
6504,no,no,no
6505,no,no,no
6506,no,no,no
6507,unknown,yes,no
6508,no,yes,no
6509,no,yes,no
6510,no,yes,no
6511,no,yes,no
6512,unknown,yes,no
6513,unknown,yes,no
6514,no,no,no
6515,no,no,no
6516,no,yes,no
6517,no,yes,no
6518,no,no,yes
6519,no,no,yes
6520,no,no,no
6521,no,yes,no
6522,unknown,no,no
6523,no,no,no
6524,no,no,no
6525,no,yes,yes
6526,no,no,no
6527,unknown,yes,no
6528,unknown,no,no
6529,no,no,no
6530,unknown,yes,yes
6531,no,no,no
6532,no,yes,yes
6533,no,no,no
6534,no,yes,no
6535,unknown,yes,no
6536,no,yes,no
6537,no,yes,no
6538,no,no,no
6539,no,yes,yes
6540,no,no,yes
6541,unknown,yes,yes
6542,no,yes,no
6543,no,no,no
6544,no,yes,no
6545,no,yes,yes
6546,no,yes,no
6547,no,yes,no
6548,no,yes,no
6549,no,yes,no
6550,no,yes,yes
6551,no,yes,no
6552,unknown,no,no
6553,no,no,no
6554,unknown,yes,no
6555,no,yes,no
6556,no,no,no
6557,no,no,yes
6558,no,yes,no
6559,unknown,no,no
6560,unknown,no,no
6561,no,no,no
6562,no,yes,no
6563,no,yes,no
6564,no,yes,no
6565,no,yes,yes
6566,no,yes,no
6567,no,no,yes
6568,no,no,no
6569,no,yes,no
6570,unknown,no,no
6571,no,yes,no
6572,no,no,no
6573,no,no,no
6574,unknown,no,yes
6575,unknown,yes,no
6576,no,no,yes
6577,no,yes,no
6578,no,no,yes
6579,no,no,no
6580,unknown,unknown,unknown
6581,no,yes,no
6582,no,yes,no
6583,no,yes,no
6584,no,yes,no
6585,unknown,no,no
6586,no,yes,no
6587,unknown,no,no
6588,no,no,no
6589,no,yes,no
6590,no,yes,no
6591,unknown,yes,no
6592,no,yes,no
6593,no,yes,no
6594,no,yes,no
6595,unknown,yes,yes
6596,no,yes,no
6597,no,yes,no
6598,no,no,no
6599,no,no,no
6600,no,no,no
6601,no,yes,no
6602,unknown,no,no
6603,no,yes,no
6604,no,no,no
6605,unknown,yes,no
6606,unknown,yes,no
6607,no,no,no
6608,no,no,no
6609,no,yes,yes
6610,no,yes,no
6611,unknown,yes,no
6612,unknown,no,no
6613,no,no,no
6614,no,yes,no
6615,no,no,no
6616,no,no,no
6617,no,no,no
6618,no,no,no
6619,no,no,no
6620,no,no,no
6621,unknown,no,no
6622,unknown,no,no
6623,unknown,unknown,unknown
6624,no,yes,no
6625,no,no,no
6626,no,no,no
6627,no,yes,no
6628,no,no,no
6629,no,no,no
6630,unknown,no,no
6631,no,no,no
6632,no,no,no
6633,no,yes,no
6634,unknown,yes,no
6635,unknown,no,no
6636,unknown,yes,no
6637,no,no,no
6638,no,yes,no
6639,no,yes,no
6640,unknown,no,no
6641,no,yes,no
6642,no,no,no
6643,unknown,no,no
6644,no,no,no
6645,unknown,no,no
6646,no,no,no
6647,no,yes,no
6648,unknown,no,yes
6649,no,no,no
6650,no,yes,no
6651,no,no,no
6652,unknown,no,no
6653,no,no,yes
6654,no,no,no
6655,no,no,no
6656,no,yes,no
6657,no,no,no
6658,no,no,no
6659,no,yes,no
6660,no,no,no
6661,no,unknown,unknown
6662,no,yes,no
6663,no,no,no
6664,unknown,no,no
6665,unknown,yes,yes
6666,unknown,yes,no
6667,no,no,no
6668,unknown,yes,no
6669,no,no,yes
6670,no,no,no
6671,no,no,no
6672,no,no,no
6673,no,no,no
6674,unknown,no,no
6675,unknown,no,no
6676,unknown,no,yes
6677,unknown,no,no
6678,unknown,no,no
6679,no,yes,no
6680,unknown,yes,no
6681,no,yes,no
6682,no,yes,no
6683,unknown,no,no
6684,unknown,no,no
6685,no,yes,no
6686,no,no,yes
6687,unknown,no,no
6688,no,yes,no
6689,no,yes,no
6690,no,yes,yes
6691,unknown,no,no
6692,no,yes,no
6693,unknown,no,no
6694,no,no,yes
6695,no,no,no
6696,unknown,no,no
6697,no,no,no
6698,unknown,no,yes
6699,no,no,no
6700,no,yes,no
6701,unknown,no,no
6702,no,no,no
6703,unknown,no,no
6704,unknown,no,no
6705,no,no,no
6706,no,no,no
6707,no,no,no
6708,no,yes,yes
6709,no,yes,no
6710,unknown,yes,no
6711,no,yes,no
6712,no,yes,no
6713,no,yes,no
6714,no,no,no
6715,unknown,yes,yes
6716,unknown,yes,no
6717,no,yes,no
6718,no,unknown,unknown
6719,no,no,no
6720,no,no,no
6721,no,no,no
6722,unknown,yes,no
6723,no,yes,no
6724,no,no,yes
6725,unknown,yes,no
6726,unknown,no,no
6727,unknown,yes,no
6728,unknown,no,no
6729,no,yes,no
6730,no,no,no
6731,unknown,yes,yes
6732,no,no,no
6733,no,no,no
6734,no,yes,yes
6735,no,yes,yes
6736,unknown,no,no
6737,unknown,no,no
6738,unknown,yes,no
6739,unknown,no,no
6740,no,no,no
6741,no,no,no
6742,no,no,no
6743,no,no,no
6744,unknown,yes,no
6745,no,no,yes
6746,no,no,no
6747,no,no,no
6748,unknown,no,no
6749,no,yes,no
6750,no,no,no
6751,no,no,no
6752,no,yes,no
6753,no,no,no
6754,unknown,no,yes
6755,no,no,no
6756,no,no,no
6757,unknown,yes,no
6758,no,yes,no
6759,no,yes,no
6760,no,unknown,unknown
6761,unknown,yes,yes
6762,unknown,no,no
6763,no,no,yes
6764,unknown,yes,yes
6765,no,yes,no
6766,no,no,no
6767,no,no,no
6768,no,no,no
6769,no,yes,yes
6770,unknown,no,no
6771,unknown,yes,no
6772,no,yes,no
6773,unknown,no,no
6774,unknown,no,no
6775,unknown,no,yes
6776,no,no,no
6777,no,yes,no
6778,no,yes,no
6779,no,no,no
6780,no,yes,no
6781,unknown,yes,no
6782,no,yes,no
6783,unknown,yes,no
6784,no,yes,no
6785,no,no,yes
6786,unknown,no,yes
6787,unknown,yes,no
6788,no,no,yes
6789,no,no,no
6790,no,no,no
6791,unknown,no,no
6792,unknown,no,no
6793,no,no,no
6794,no,yes,no
6795,no,no,yes
6796,no,yes,no
6797,no,yes,no
6798,no,yes,no
6799,unknown,no,no
6800,unknown,yes,no
6801,no,no,no
6802,no,no,no
6803,unknown,no,no
6804,no,yes,no
6805,no,no,yes
6806,unknown,yes,no
6807,no,yes,no
6808,no,unknown,unknown
6809,no,no,no
6810,no,yes,no
6811,no,yes,no
6812,unknown,yes,no
6813,no,no,yes
6814,no,no,no
6815,no,no,no
6816,no,no,yes
6817,unknown,no,no
6818,unknown,unknown,unknown
6819,unknown,yes,no
6820,no,no,no
6821,no,yes,no
6822,no,no,yes
6823,no,yes,no
6824,no,no,yes
6825,unknown,yes,no
6826,no,no,no
6827,unknown,no,no
6828,no,yes,yes
6829,no,no,yes
6830,no,no,no
6831,no,yes,yes
6832,unknown,no,no
6833,no,no,yes
6834,no,no,yes
6835,unknown,no,no
6836,no,no,no
6837,no,yes,no
6838,unknown,no,no
6839,no,no,no
6840,no,yes,no
6841,no,no,no
6842,no,no,no
6843,no,no,no
6844,unknown,no,no
6845,unknown,yes,no
6846,no,no,no
6847,no,no,no
6848,no,no,no
6849,no,no,no
6850,no,no,no
6851,no,no,no
6852,no,yes,no
6853,no,no,no
6854,no,yes,no
6855,no,yes,yes
6856,no,unknown,unknown
6857,no,no,yes
6858,no,no,no
6859,no,no,no
6860,no,no,yes
6861,no,no,no
6862,no,no,no
6863,no,yes,no
6864,no,no,no
6865,unknown,no,yes
6866,unknown,yes,no
6867,unknown,yes,no
6868,unknown,no,no
6869,no,no,no
6870,no,yes,no
6871,no,yes,no
6872,no,no,no
6873,unknown,no,no
6874,unknown,yes,no
6875,no,no,no
6876,no,yes,yes
6877,unknown,yes,yes
6878,no,no,no
6879,unknown,yes,no
6880,no,no,no
6881,no,no,yes
6882,unknown,yes,no
6883,no,yes,no
6884,no,no,no
6885,unknown,no,yes
6886,no,no,no
6887,no,yes,yes
6888,no,no,yes
6889,unknown,no,yes
6890,no,yes,no
6891,no,no,no
6892,unknown,no,no
6893,no,no,no
6894,no,no,yes
6895,no,no,no
6896,unknown,no,no
6897,no,no,no
6898,no,yes,no
6899,no,no,no
6900,no,yes,no
6901,no,yes,no
6902,no,yes,no
6903,unknown,no,no
6904,unknown,no,no
6905,no,no,yes
6906,no,yes,yes
6907,unknown,no,no
6908,no,yes,no
6909,unknown,yes,no
6910,unknown,no,no
6911,unknown,no,yes
6912,unknown,no,yes
6913,no,yes,no
6914,unknown,yes,no
6915,unknown,yes,no
6916,no,yes,no
6917,unknown,no,no
6918,unknown,yes,no
6919,unknown,no,no
6920,no,yes,no
6921,no,no,no
6922,no,yes,no
6923,unknown,no,yes
6924,no,yes,no
6925,no,yes,no
6926,no,no,no
6927,unknown,yes,no
6928,no,yes,no
6929,unknown,no,no
6930,no,yes,no
6931,no,no,no
6932,no,yes,no
6933,no,yes,no
6934,no,yes,no
6935,unknown,yes,no
6936,no,no,no
6937,no,yes,no
6938,unknown,yes,no
6939,no,yes,no
6940,no,yes,no
6941,unknown,no,no
6942,no,no,no
6943,no,no,no
6944,unknown,no,no
6945,no,yes,no
6946,unknown,yes,no
6947,no,yes,no
6948,no,no,no
6949,unknown,yes,no
6950,unknown,no,no
6951,no,unknown,unknown
6952,unknown,no,no
6953,no,no,no
6954,no,no,yes
6955,no,no,no
6956,no,no,no
6957,no,no,no
6958,no,no,no
6959,no,yes,no
6960,unknown,yes,no
6961,no,yes,no
6962,no,yes,no
6963,no,yes,no
6964,no,yes,yes
6965,no,yes,no
6966,unknown,no,no
6967,unknown,yes,no
6968,no,yes,no
6969,no,yes,no
6970,unknown,yes,no
6971,no,yes,no
6972,no,yes,no
6973,no,no,no
6974,unknown,no,no
6975,unknown,yes,no
6976,no,no,no
6977,no,no,no
6978,no,yes,no
6979,unknown,no,no
6980,unknown,yes,no
6981,no,yes,no
6982,unknown,yes,no
6983,no,no,no
6984,unknown,no,no
6985,unknown,no,no
6986,no,unknown,unknown
6987,unknown,no,no
6988,no,yes,no
6989,no,yes,no
6990,no,no,no
6991,no,yes,no
6992,no,unknown,unknown
6993,no,unknown,unknown
6994,unknown,unknown,unknown
6995,no,no,yes
6996,no,no,no
6997,no,no,no
6998,unknown,yes,yes
6999,no,yes,no
7000,no,yes,no
7001,no,no,no
7002,no,yes,no
7003,unknown,no,no
7004,no,no,no
7005,no,no,no
7006,no,no,no
7007,unknown,no,no
7008,no,yes,no
7009,unknown,yes,no
7010,unknown,no,no
7011,no,no,no
7012,unknown,yes,no
7013,no,unknown,unknown
7014,unknown,yes,no
7015,unknown,no,no
7016,no,yes,no
7017,no,yes,no
7018,no,no,no
7019,unknown,yes,no
7020,no,yes,no
7021,no,no,no
7022,unknown,no,no
7023,unknown,yes,no
7024,no,yes,no
7025,no,yes,no
7026,unknown,no,no
7027,no,no,no
7028,unknown,no,yes
7029,no,yes,no
7030,no,yes,no
7031,unknown,yes,no
7032,no,no,no
7033,no,yes,no
7034,no,yes,no
7035,no,yes,no
7036,no,yes,no
7037,no,yes,no
7038,no,no,no
7039,no,yes,yes
7040,no,yes,no
7041,no,yes,no
7042,no,no,no
7043,no,no,no
7044,no,no,no
7045,no,yes,no
7046,no,yes,no
7047,no,yes,no
7048,no,no,no
7049,no,no,yes
7050,no,no,no
7051,unknown,no,no
7052,no,no,no
7053,no,yes,no
7054,unknown,yes,no
7055,no,no,no
7056,no,no,no
7057,no,no,no
7058,unknown,no,no
7059,no,yes,no
7060,unknown,yes,no
7061,unknown,yes,no
7062,no,yes,no
7063,unknown,no,no
7064,no,yes,no
7065,no,yes,no
7066,unknown,no,no
7067,no,yes,yes
7068,no,no,no
7069,unknown,no,no
7070,no,yes,no
7071,no,no,no
7072,no,yes,no
7073,no,no,no
7074,no,yes,no
7075,no,no,no
7076,no,no,no
7077,unknown,no,no
7078,unknown,yes,no
7079,unknown,yes,no
7080,no,no,no
7081,no,no,no
7082,no,no,no
7083,unknown,no,no
7084,no,no,no
7085,no,no,no
7086,no,no,no
7087,unknown,no,no
7088,no,no,no
7089,unknown,yes,no
7090,unknown,yes,no
7091,unknown,no,no
7092,no,yes,no
7093,no,no,no
7094,no,yes,no
7095,no,no,no
7096,no,no,no
7097,unknown,unknown,unknown
7098,unknown,yes,no
7099,unknown,no,no
7100,no,yes,yes
7101,no,no,yes
7102,no,yes,no
7103,unknown,yes,no
7104,no,yes,no
7105,no,no,no
7106,unknown,yes,yes
7107,no,no,no
7108,unknown,yes,no
7109,no,no,no
7110,unknown,yes,no
7111,no,yes,no
7112,no,no,no
7113,no,yes,no
7114,unknown,yes,yes
7115,no,no,no
7116,no,unknown,unknown
7117,unknown,no,no
7118,no,yes,yes
7119,unknown,no,no
7120,no,no,no
7121,no,no,no
7122,no,yes,no
7123,no,no,no
7124,no,yes,no
7125,unknown,yes,no
7126,no,no,no
7127,unknown,no,no
7128,no,no,no
7129,no,yes,no
7130,no,no,no
7131,unknown,no,no
7132,no,yes,no
7133,no,no,no
7134,unknown,no,no
7135,unknown,yes,no
7136,no,yes,no
7137,no,no,no
7138,no,yes,no
7139,unknown,yes,no
7140,no,no,yes
7141,unknown,yes,yes
7142,no,no,no
7143,no,yes,yes
7144,unknown,no,no
7145,no,yes,yes
7146,no,yes,yes
7147,no,yes,no
7148,unknown,no,yes
7149,no,no,no
7150,unknown,no,no
7151,no,no,yes
7152,no,yes,no
7153,unknown,yes,no
7154,no,yes,no
7155,no,yes,no
7156,no,no,no
7157,unknown,no,no
7158,no,yes,no
7159,no,yes,no
7160,no,yes,no
7161,no,no,no
7162,unknown,no,yes
7163,no,no,no
7164,unknown,yes,no
7165,unknown,yes,no
7166,no,yes,no
7167,unknown,yes,yes
7168,unknown,yes,yes
7169,unknown,yes,no
7170,no,yes,no
7171,unknown,yes,no
7172,no,no,no
7173,unknown,yes,no
7174,unknown,unknown,unknown
7175,unknown,yes,no
7176,unknown,yes,no
7177,no,yes,no
7178,no,no,no
7179,no,yes,no
7180,no,no,no
7181,no,yes,no
7182,no,yes,no
7183,no,no,no
7184,no,yes,no
7185,unknown,yes,no
7186,no,no,no
7187,no,no,no
7188,no,yes,no
7189,no,yes,no
7190,no,no,no
7191,no,yes,no
7192,unknown,no,yes
7193,no,no,no
7194,no,yes,no
7195,no,no,yes
7196,no,no,no
7197,no,no,no
7198,unknown,no,no
7199,no,yes,no
7200,unknown,yes,no
7201,unknown,yes,no
7202,no,yes,no
7203,unknown,yes,no
7204,no,yes,no
7205,no,no,no
7206,no,no,no
7207,no,no,no
7208,unknown,yes,no
7209,unknown,yes,no
7210,no,no,no
7211,no,no,no
7212,no,yes,no
7213,unknown,yes,no
7214,no,yes,no
7215,no,yes,no
7216,unknown,yes,no
7217,unknown,yes,no
7218,no,no,yes
7219,no,yes,no
7220,unknown,no,no
7221,unknown,no,no
7222,no,no,no
7223,unknown,no,no
7224,no,no,no
7225,unknown,no,no
7226,unknown,yes,no
7227,no,yes,no
7228,unknown,yes,no
7229,unknown,no,no
7230,no,yes,no
7231,no,yes,no
7232,no,yes,no
7233,no,no,no
7234,unknown,yes,no
7235,no,yes,no
7236,no,yes,no
7237,unknown,no,no
7238,no,yes,yes
7239,unknown,no,no
7240,no,yes,yes
7241,no,yes,no
7242,unknown,no,no
7243,no,yes,no
7244,no,yes,no
7245,unknown,yes,no
7246,no,no,no
7247,unknown,no,no
7248,no,yes,no
7249,no,yes,no
7250,unknown,unknown,unknown
7251,no,yes,no
7252,no,yes,no
7253,unknown,no,no
7254,unknown,yes,no
7255,unknown,no,no
7256,no,yes,no
7257,unknown,no,no
7258,no,yes,no
7259,no,yes,yes
7260,unknown,no,no
7261,unknown,yes,no
7262,no,no,no
7263,no,no,no
7264,unknown,yes,no
7265,no,yes,no
7266,unknown,yes,no
7267,unknown,yes,no
7268,no,yes,no
7269,unknown,yes,yes
7270,unknown,yes,no
7271,unknown,no,no
7272,unknown,no,yes
7273,no,yes,yes
7274,no,no,no
7275,no,no,no
7276,no,yes,no
7277,unknown,no,yes
7278,unknown,no,no
7279,no,no,yes
7280,no,yes,no
7281,no,no,no
7282,no,yes,no
7283,no,no,no
7284,no,yes,yes
7285,unknown,no,yes
7286,no,no,yes
7287,no,yes,no
7288,no,no,yes
7289,unknown,yes,no
7290,unknown,yes,no
7291,no,no,yes
7292,unknown,no,no
7293,no,yes,no
7294,no,yes,yes
7295,no,yes,yes
7296,no,no,no
7297,no,no,no
7298,unknown,no,no
7299,unknown,no,no
7300,no,yes,no
7301,no,yes,no
7302,no,no,no
7303,no,no,no
7304,unknown,no,no
7305,unknown,yes,no
7306,unknown,no,no
7307,no,no,no
7308,unknown,yes,yes
7309,no,no,yes
7310,no,no,no
7311,no,no,no
7312,no,no,no
7313,no,yes,no
7314,unknown,yes,no
7315,no,yes,yes
7316,no,no,no
7317,no,yes,no
7318,no,yes,no
7319,no,yes,yes
7320,unknown,yes,no
7321,no,yes,no
7322,unknown,no,no
7323,no,yes,no
7324,unknown,no,no
7325,unknown,no,no
7326,no,yes,yes
7327,no,no,no
7328,unknown,yes,no
7329,no,no,yes
7330,unknown,unknown,unknown
7331,no,no,no
7332,no,yes,no
7333,no,yes,no
7334,unknown,no,no
7335,no,no,no
7336,no,yes,no
7337,no,yes,no
7338,no,no,no
7339,no,yes,no
7340,unknown,yes,yes
7341,unknown,no,no
7342,no,yes,no
7343,no,no,no
7344,no,yes,yes
7345,no,no,no
7346,unknown,no,no
7347,no,no,no
7348,no,yes,no
7349,unknown,no,no
7350,unknown,no,no
7351,no,yes,no
7352,no,no,no
7353,no,no,no
7354,unknown,no,no
7355,no,yes,no
7356,no,no,no
7357,no,yes,yes
7358,no,no,no
7359,no,yes,no
7360,no,no,no
7361,no,yes,no
7362,no,no,yes
7363,unknown,no,no
7364,unknown,no,no
7365,no,yes,no
7366,no,no,no
7367,no,yes,no
7368,no,no,no
7369,unknown,no,yes
7370,no,yes,no
7371,no,yes,no
7372,no,yes,yes
7373,no,no,no
7374,no,no,no
7375,no,yes,no
7376,no,yes,no
7377,no,no,no
7378,no,no,no
7379,no,no,no
7380,no,no,no
7381,no,no,yes
7382,unknown,no,no
7383,no,no,yes
7384,unknown,yes,no
7385,no,no,no
7386,no,yes,no
7387,no,yes,no
7388,no,no,no
7389,unknown,no,no
7390,no,yes,no
7391,unknown,no,no
7392,unknown,no,no
7393,unknown,yes,yes
7394,unknown,no,no
7395,unknown,yes,no
7396,unknown,no,no
7397,no,yes,yes
7398,no,no,yes
7399,unknown,no,no
7400,unknown,yes,no
7401,no,yes,no
7402,no,yes,no
7403,no,yes,no
7404,unknown,yes,no
7405,no,yes,no
7406,no,yes,no
7407,no,no,yes
7408,unknown,yes,no
7409,unknown,yes,no
7410,no,no,no
7411,unknown,no,no
7412,no,yes,no
7413,no,no,no
7414,no,yes,no
7415,unknown,no,no
7416,no,no,no
7417,unknown,no,no
7418,unknown,unknown,unknown
7419,no,yes,no
7420,no,no,no
7421,no,yes,no
7422,no,no,no
7423,no,no,no
7424,no,no,no
7425,no,no,no
7426,unknown,no,no
7427,no,yes,no
7428,no,no,no
7429,no,no,no
7430,no,no,no
7431,no,yes,yes
7432,unknown,no,no
7433,unknown,no,no
7434,no,no,no
7435,no,no,no
7436,no,unknown,unknown
7437,no,no,no
7438,unknown,yes,no
7439,unknown,yes,no
7440,no,yes,no
7441,no,no,no
7442,no,no,no
7443,no,yes,yes
7444,no,yes,no
7445,unknown,yes,no
7446,unknown,no,no
7447,no,no,no
7448,no,no,no
7449,no,yes,no
7450,unknown,no,no
7451,no,no,no
7452,no,no,no
7453,unknown,no,yes
7454,no,yes,no
7455,unknown,no,no
7456,no,no,no
7457,unknown,yes,no
7458,unknown,yes,yes
7459,unknown,yes,no
7460,no,yes,no
7461,no,no,no
7462,no,no,no
7463,no,no,no
7464,unknown,yes,no
7465,no,no,no
7466,no,no,yes
7467,no,yes,no
7468,no,no,no
7469,no,yes,no
7470,no,no,no
7471,unknown,yes,no
7472,no,no,no
7473,unknown,no,no
7474,no,yes,no
7475,unknown,yes,yes
7476,unknown,unknown,unknown
7477,no,yes,no
7478,no,yes,yes
7479,no,yes,no
7480,unknown,no,no
7481,no,no,no
7482,no,no,no
7483,no,no,no
7484,unknown,yes,no
7485,unknown,yes,no
7486,no,no,no
7487,no,no,no
7488,no,no,no
7489,unknown,no,no
7490,no,no,no
7491,no,yes,no
7492,no,no,no
7493,no,yes,no
7494,unknown,yes,no
7495,no,no,no
7496,no,no,no
7497,no,yes,no
7498,no,yes,no
7499,no,no,no
7500,unknown,yes,no
7501,no,yes,no
7502,no,no,no
7503,unknown,yes,no
7504,no,no,no
7505,no,unknown,unknown
7506,unknown,yes,no
7507,no,no,no
7508,no,no,no
7509,no,yes,no
7510,unknown,no,no
7511,no,yes,no
7512,no,no,no
7513,unknown,yes,yes
7514,no,no,no
7515,no,no,no
7516,no,no,no
7517,no,no,no
7518,no,no,no
7519,no,no,no
7520,no,yes,no
7521,no,no,no
7522,no,yes,no
7523,no,no,no
7524,no,yes,no
7525,unknown,yes,no
7526,unknown,yes,yes
7527,no,no,yes
7528,unknown,yes,no
7529,no,no,no
7530,no,yes,yes
7531,no,no,no
7532,no,no,yes
7533,unknown,yes,no
7534,no,no,no
7535,no,no,no
7536,unknown,unknown,unknown
7537,unknown,no,no
7538,no,no,no
7539,no,yes,no
7540,unknown,unknown,unknown
7541,unknown,yes,no
7542,no,no,no
7543,no,yes,no
7544,no,yes,no
7545,unknown,no,no
7546,no,yes,no
7547,no,no,yes
7548,no,no,no
7549,no,yes,no
7550,no,no,no
7551,unknown,no,no
7552,no,yes,no
7553,unknown,no,no
7554,no,no,no
7555,no,no,no
7556,no,no,no
7557,no,no,no
7558,unknown,yes,no
7559,no,no,no
7560,unknown,no,no
7561,unknown,yes,no
7562,unknown,yes,no
7563,unknown,no,no
7564,unknown,yes,no
7565,no,yes,no
7566,unknown,no,yes
7567,no,no,no
7568,unknown,yes,no
7569,no,yes,no
7570,no,yes,no
7571,no,no,no
7572,no,no,no
7573,no,no,no
7574,unknown,yes,no
7575,no,unknown,unknown
7576,no,no,no
7577,no,no,no
7578,no,unknown,unknown
7579,no,no,no
7580,no,yes,no
7581,no,no,no
7582,no,yes,no
7583,unknown,no,no
7584,no,no,yes
7585,no,yes,no
7586,no,no,no
7587,no,yes,no
7588,no,no,no
7589,unknown,no,no
7590,no,no,no
7591,unknown,no,no
7592,no,yes,no
7593,no,yes,no
7594,no,yes,no
7595,no,no,no
7596,no,yes,no
7597,unknown,yes,no
7598,no,yes,no
7599,no,yes,no
7600,unknown,no,no
7601,unknown,yes,no
7602,no,no,no
7603,no,yes,no
7604,no,yes,no
7605,no,no,no
7606,unknown,yes,no
7607,no,yes,no
7608,no,no,no
7609,no,no,no
7610,no,yes,no
7611,no,unknown,unknown
7612,unknown,yes,yes
7613,no,no,no
7614,no,yes,no
7615,unknown,no,no
7616,no,yes,no
7617,no,yes,yes
7618,no,no,no
7619,unknown,no,no
7620,no,yes,no
7621,no,yes,no
7622,no,no,no
7623,no,no,no
7624,no,yes,no
7625,no,no,no
7626,no,yes,no
7627,no,no,no
7628,no,no,no
7629,unknown,yes,yes
7630,no,no,no
7631,unknown,yes,no
7632,unknown,no,no
7633,unknown,no,no
7634,unknown,no,no
7635,no,no,no
7636,no,yes,yes
7637,unknown,no,no
7638,no,no,no
7639,no,yes,no
7640,no,no,no
7641,no,no,no
7642,no,no,no
7643,no,yes,no
7644,no,yes,no
7645,no,yes,yes
7646,no,no,no
7647,no,no,no
7648,no,yes,no
7649,unknown,yes,no
7650,unknown,yes,yes
7651,no,yes,no
7652,unknown,no,no
7653,no,no,no
7654,no,yes,no
7655,no,yes,no
7656,no,no,no
7657,no,yes,no
7658,no,no,no
7659,no,yes,no
7660,unknown,no,no
7661,no,yes,no
7662,no,no,no
7663,no,no,no
7664,no,no,no
7665,no,yes,no
7666,no,yes,yes
7667,no,yes,no
7668,no,yes,no
7669,no,no,no
7670,unknown,no,no
7671,unknown,no,no
7672,no,no,no
7673,unknown,yes,no
7674,no,no,no
7675,no,no,no
7676,no,yes,yes
7677,no,no,no
7678,no,yes,no
7679,no,yes,no
7680,no,no,no
7681,no,no,no
7682,no,yes,no
7683,no,yes,no
7684,no,no,no
7685,no,yes,yes
7686,no,no,no
7687,unknown,no,no
7688,no,no,no
7689,no,no,no
7690,no,yes,no
7691,no,no,no
7692,no,no,no
7693,no,no,no
7694,no,yes,no
7695,unknown,yes,no
7696,no,yes,no
7697,no,no,yes
7698,unknown,yes,no
7699,no,no,no
7700,no,yes,no
7701,no,no,yes
7702,no,yes,no
7703,unknown,yes,no
7704,no,no,no
7705,no,no,no
7706,unknown,yes,no
7707,no,yes,no
7708,unknown,yes,no
7709,no,no,no
7710,no,no,no
7711,unknown,no,no
7712,no,no,no
7713,no,yes,no
7714,no,yes,no
7715,no,yes,no
7716,no,yes,no
7717,no,yes,yes
7718,no,yes,no
7719,no,no,no
7720,unknown,no,no
7721,no,yes,no
7722,no,no,no
7723,unknown,no,no
7724,unknown,yes,no
7725,unknown,no,no
7726,no,yes,no
7727,no,no,no
7728,no,yes,no
7729,no,no,no
7730,no,yes,no
7731,no,no,no
7732,no,no,no
7733,unknown,no,yes
7734,unknown,yes,no
7735,no,yes,no
7736,unknown,no,yes
7737,unknown,no,no
7738,no,no,no
7739,no,yes,no
7740,no,yes,no
7741,no,yes,no
7742,unknown,no,no
7743,no,yes,no
7744,unknown,yes,no
7745,no,no,no
7746,no,no,no
7747,no,yes,no
7748,no,no,no
7749,unknown,no,yes
7750,unknown,yes,no
7751,no,yes,no
7752,no,yes,yes
7753,no,yes,no
7754,no,yes,no
7755,unknown,no,yes
7756,no,no,no
7757,no,no,no
7758,no,no,no
7759,no,no,yes
7760,unknown,no,yes
7761,unknown,no,no
7762,unknown,no,yes
7763,no,no,no
7764,no,no,no
7765,unknown,no,no
7766,no,no,no
7767,no,no,no
7768,no,yes,no
7769,no,no,no
7770,no,no,no
7771,unknown,yes,no
7772,no,no,no
7773,unknown,yes,no
7774,no,yes,no
7775,no,yes,no
7776,unknown,yes,no
7777,no,no,no
7778,unknown,unknown,unknown
7779,no,no,yes
7780,no,no,yes
7781,no,yes,yes
7782,no,no,no
7783,no,no,yes
7784,no,yes,no
7785,unknown,yes,no
7786,unknown,no,no
7787,no,no,no
7788,no,no,no
7789,no,yes,yes
7790,unknown,yes,no
7791,no,unknown,unknown
7792,no,yes,no
7793,unknown,no,no
7794,no,yes,no
7795,no,yes,no
7796,no,yes,no
7797,no,yes,no
7798,unknown,no,no
7799,no,no,no
7800,no,no,no
7801,unknown,no,no
7802,no,no,no
7803,unknown,no,no
7804,no,no,no
7805,unknown,no,no
7806,no,no,no
7807,no,no,no
7808,no,no,yes
7809,no,no,no
7810,no,yes,no
7811,no,yes,no
7812,no,yes,yes
7813,unknown,no,no
7814,unknown,no,no
7815,no,no,no
7816,no,no,no
7817,no,no,no
7818,no,no,no
7819,no,no,no
7820,no,no,no
7821,unknown,yes,no
7822,unknown,yes,no
7823,unknown,yes,no
7824,no,no,no
7825,unknown,yes,no
7826,no,yes,yes
7827,no,no,no
7828,no,yes,no
7829,unknown,no,no
7830,unknown,yes,no
7831,unknown,yes,no
7832,no,no,yes
7833,no,yes,yes
7834,unknown,yes,no
7835,unknown,yes,no
7836,no,yes,no
7837,no,no,no
7838,no,yes,no
7839,unknown,no,no
7840,no,yes,yes
7841,no,yes,no
7842,unknown,yes,no
7843,unknown,yes,yes
7844,no,no,no
7845,no,yes,yes
7846,no,yes,no
7847,unknown,no,no
7848,unknown,yes,no
7849,no,no,no
7850,no,yes,no
7851,no,no,no
7852,unknown,no,no
7853,unknown,no,no
7854,no,no,no
7855,unknown,yes,no
7856,unknown,no,no
7857,no,yes,no
7858,no,no,no
7859,no,unknown,unknown
7860,no,yes,no
7861,unknown,yes,no
7862,no,no,no
7863,no,no,no
7864,no,no,no
7865,no,no,no
7866,unknown,yes,no
7867,no,yes,no
7868,no,yes,no
7869,no,no,no
7870,no,yes,yes
7871,no,no,yes
7872,no,yes,no
7873,unknown,no,no
7874,no,no,no
7875,no,no,no
7876,no,yes,yes
7877,unknown,yes,no
7878,no,no,no
7879,no,no,no
7880,no,no,no
7881,no,unknown,unknown
7882,unknown,yes,yes
7883,no,yes,yes
7884,unknown,yes,yes
7885,no,no,no
7886,no,no,no
7887,no,yes,no
7888,no,no,no
7889,unknown,yes,no
7890,unknown,yes,yes
7891,unknown,no,no
7892,no,yes,no
7893,no,no,no
7894,no,unknown,unknown
7895,no,no,yes
7896,unknown,no,no
7897,unknown,yes,no
7898,no,no,no
7899,no,no,no
7900,no,yes,yes
7901,unknown,yes,yes
7902,no,yes,no
7903,unknown,yes,no
7904,no,yes,yes
7905,no,no,no
7906,unknown,no,no
7907,no,yes,no
7908,unknown,yes,no
7909,no,no,no
7910,no,no,no
7911,unknown,no,no
7912,unknown,no,no
7913,no,no,yes
7914,no,unknown,unknown
7915,no,no,no
7916,no,yes,no
7917,unknown,no,no
7918,unknown,no,no
7919,unknown,yes,no
7920,no,yes,no
7921,no,yes,no
7922,unknown,yes,no
7923,no,no,no
7924,no,no,no
7925,unknown,yes,no
7926,no,yes,no
7927,no,no,yes
7928,unknown,yes,no
7929,no,yes,no
7930,no,no,no
7931,no,no,no
7932,no,yes,no
7933,no,no,no
7934,no,yes,no
7935,no,no,no
7936,unknown,yes,no
7937,no,yes,no
7938,no,no,no
7939,unknown,no,no
7940,no,yes,no
7941,unknown,no,no
7942,no,no,yes
7943,unknown,yes,no
7944,unknown,no,no
7945,no,yes,no
7946,unknown,yes,no
7947,unknown,no,yes
7948,no,no,yes
7949,no,yes,yes
7950,no,yes,no
7951,no,no,no
7952,unknown,no,no
7953,no,no,no
7954,no,no,no
7955,unknown,no,no
7956,unknown,yes,no
7957,no,yes,no
7958,no,no,no
7959,no,yes,no
7960,no,yes,no
7961,no,yes,no
7962,no,no,no
7963,unknown,yes,no
7964,unknown,yes,yes
7965,no,no,no
7966,no,yes,no
7967,unknown,yes,no
7968,no,yes,no
7969,no,yes,yes
7970,unknown,yes,yes
7971,unknown,yes,no
7972,no,yes,yes
7973,no,no,no
7974,no,yes,no
7975,no,no,no
7976,no,no,no
7977,no,no,no
7978,no,yes,no
7979,no,no,no
7980,unknown,no,no
7981,no,no,no
7982,no,yes,no
7983,no,yes,no
7984,unknown,no,no
7985,no,no,no
7986,unknown,yes,no
7987,no,no,no
7988,no,no,no
7989,no,yes,no
7990,no,no,no
7991,no,no,no
7992,no,no,no
7993,no,no,no
7994,unknown,yes,no
7995,no,no,no
7996,no,no,no
7997,no,yes,no
7998,no,yes,no
7999,unknown,no,no
8000,unknown,yes,no
8001,unknown,no,no
8002,unknown,no,no
8003,no,no,no
8004,unknown,yes,no
8005,unknown,no,no
8006,no,no,no
8007,no,no,no
8008,no,yes,no
8009,no,yes,no
8010,unknown,yes,no
8011,no,yes,no
8012,no,no,yes
8013,no,no,no
8014,no,yes,no
8015,no,yes,no
8016,no,no,no
8017,no,no,yes
8018,no,no,no
8019,no,no,yes
8020,no,no,no
8021,no,no,no
8022,no,no,no
8023,no,yes,no
8024,no,no,yes
8025,no,no,no
8026,no,no,yes
8027,no,yes,no
8028,no,yes,no
8029,no,yes,yes
8030,no,no,no
8031,unknown,no,no
8032,unknown,no,no
8033,no,yes,no
8034,no,no,yes
8035,unknown,yes,no
8036,unknown,yes,no
8037,unknown,yes,no
8038,no,yes,no
8039,no,no,no
8040,unknown,yes,no
8041,no,yes,no
8042,no,yes,yes
8043,no,yes,yes
8044,no,no,yes
8045,no,no,no
8046,no,yes,no
8047,no,yes,yes
8048,no,no,no
8049,unknown,yes,no
8050,unknown,no,no
8051,unknown,no,no
8052,unknown,no,no
8053,no,yes,no
8054,no,no,no
8055,no,no,no
8056,no,yes,yes
8057,no,yes,no
8058,no,yes,no
8059,no,yes,no
8060,no,yes,no
8061,no,no,no
8062,unknown,yes,no
8063,unknown,no,no
8064,no,yes,no
8065,unknown,yes,no
8066,unknown,no,no
8067,unknown,no,no
8068,no,no,no
8069,unknown,yes,no
8070,no,yes,yes
8071,no,no,no
8072,no,no,no
8073,no,no,no
8074,no,no,no
8075,no,yes,yes
8076,no,yes,no
8077,no,no,no
8078,no,no,yes
8079,no,yes,no
8080,no,no,no
8081,unknown,no,no
8082,unknown,yes,yes
8083,unknown,yes,no
8084,unknown,no,no
8085,unknown,unknown,unknown
8086,unknown,no,no
8087,unknown,yes,no
8088,unknown,yes,no
8089,no,yes,no
8090,no,yes,no
8091,no,no,no
8092,no,yes,no
8093,unknown,no,no
8094,unknown,no,no
8095,no,yes,no
8096,no,yes,no
8097,no,no,no
8098,unknown,yes,no
8099,no,no,no
8100,no,yes,no
8101,no,no,no
8102,unknown,yes,no
8103,no,no,yes
8104,no,yes,no
8105,unknown,yes,no
8106,no,yes,yes
8107,no,no,no
8108,no,no,no
8109,no,yes,no
8110,unknown,no,yes
8111,unknown,no,yes
8112,no,no,yes
8113,unknown,yes,yes
8114,no,unknown,unknown
8115,no,no,yes
8116,unknown,no,no
8117,no,yes,yes
8118,unknown,no,no
8119,unknown,no,yes
8120,no,no,no
8121,no,no,no
8122,no,no,no
8123,no,no,no
8124,unknown,no,no
8125,no,no,no
8126,no,no,no
8127,unknown,yes,no
8128,no,yes,no
8129,no,yes,no
8130,no,no,yes
8131,no,no,no
8132,no,no,no
8133,unknown,yes,no
8134,no,no,no
8135,no,no,no
8136,unknown,no,no
8137,no,no,no
8138,unknown,no,no
8139,unknown,no,no
8140,no,no,no
8141,no,no,no
8142,no,no,no
8143,unknown,no,no
8144,unknown,yes,no
8145,no,yes,no
8146,unknown,yes,no
8147,no,yes,no
8148,unknown,yes,no
8149,no,no,no
8150,unknown,no,yes
8151,no,yes,no
8152,no,no,no
8153,unknown,no,no
8154,no,no,no
8155,unknown,yes,no
8156,no,yes,no
8157,unknown,no,no
8158,unknown,no,no
8159,no,yes,no
8160,no,yes,no
8161,unknown,no,no
8162,unknown,no,no
8163,unknown,yes,no
8164,no,no,no
8165,no,no,no
8166,no,no,no
8167,unknown,no,yes
8168,no,yes,no
8169,no,yes,no
8170,no,yes,no
8171,unknown,no,no
8172,no,no,no
8173,no,no,no
8174,no,no,no
8175,no,no,no
8176,no,yes,no
8177,no,no,yes
8178,no,no,no
8179,no,no,no
8180,no,no,no
8181,no,no,no
8182,no,unknown,unknown
8183,unknown,no,no
8184,no,no,no
8185,unknown,yes,no
8186,no,yes,no
8187,unknown,no,no
8188,no,yes,no
8189,unknown,yes,no
8190,no,yes,no
8191,no,yes,no
8192,no,yes,no
8193,unknown,no,no
8194,unknown,no,no
8195,no,no,yes
8196,no,no,no
8197,no,no,no
8198,no,no,yes
8199,no,no,no
8200,no,no,no
8201,no,yes,no
8202,no,unknown,unknown
8203,unknown,yes,no
8204,no,no,no
8205,no,yes,no
8206,unknown,yes,no
8207,no,no,no
8208,unknown,no,no
8209,unknown,no,no
8210,unknown,yes,no
8211,no,yes,no
8212,unknown,no,no
8213,no,no,yes
8214,no,yes,no
8215,no,yes,yes
8216,unknown,no,yes
8217,unknown,yes,no
8218,no,yes,no
8219,no,yes,yes
8220,no,no,yes
8221,no,no,no
8222,unknown,no,no
8223,no,no,no
8224,unknown,yes,no
8225,unknown,no,no
8226,no,yes,no
8227,no,yes,no
8228,no,no,no
8229,unknown,yes,no
8230,unknown,yes,no
8231,no,no,yes
8232,no,yes,no
8233,unknown,no,no
8234,no,yes,no
8235,no,yes,no
8236,unknown,yes,no
8237,no,yes,no
8238,no,yes,yes
8239,no,no,yes
8240,no,yes,no
8241,unknown,yes,no
8242,no,yes,no
8243,no,yes,no
8244,unknown,yes,no
8245,no,no,no
8246,unknown,yes,no
8247,no,yes,yes
8248,no,yes,no
8249,no,no,no
8250,unknown,yes,no
8251,no,yes,no
8252,unknown,yes,yes
8253,unknown,yes,no
8254,unknown,yes,no
8255,no,no,yes
8256,no,yes,no
8257,unknown,no,yes
8258,no,yes,no
8259,no,yes,no
8260,unknown,yes,no
8261,no,no,no
8262,unknown,no,no
8263,no,yes,no
8264,no,no,yes
8265,no,no,yes
8266,no,no,yes
8267,no,yes,no
8268,unknown,no,yes
8269,no,no,yes
8270,no,no,yes
8271,unknown,no,no
8272,no,no,no
8273,no,no,no
8274,no,no,yes
8275,unknown,yes,no
8276,no,yes,no
8277,unknown,yes,no
8278,unknown,yes,no
8279,no,no,no
8280,no,yes,no
8281,no,no,no
8282,unknown,no,no
8283,unknown,no,no
8284,unknown,no,no
8285,unknown,yes,no
8286,no,yes,no
8287,no,yes,no
8288,no,no,no
8289,unknown,yes,no
8290,no,yes,no
8291,no,no,no
8292,no,yes,yes
8293,no,no,no
8294,no,no,no
8295,unknown,no,no
8296,unknown,no,no
8297,unknown,no,no
8298,no,no,no
8299,unknown,yes,no
8300,no,no,no
8301,no,no,no
8302,no,no,no
8303,no,yes,no
8304,no,no,no
8305,no,no,no
8306,no,yes,yes
8307,unknown,yes,no
8308,no,yes,no
8309,no,yes,yes
8310,unknown,yes,no
8311,unknown,yes,yes
8312,no,no,no
8313,unknown,no,no
8314,no,unknown,unknown
8315,no,yes,yes
8316,unknown,no,no
8317,unknown,no,no
8318,no,no,no
8319,unknown,yes,no
8320,no,yes,no
8321,unknown,yes,no
8322,no,no,no
8323,no,yes,no
8324,unknown,no,yes
8325,unknown,yes,no
8326,no,no,no
8327,unknown,no,yes
8328,no,no,no
8329,no,yes,no
8330,no,no,no
8331,no,no,yes
8332,no,no,no
8333,no,yes,no
8334,no,yes,yes
8335,unknown,no,no
8336,no,yes,no
8337,no,yes,no
8338,no,no,yes
8339,unknown,no,no
8340,no,no,no
8341,no,no,no
8342,no,no,no
8343,unknown,yes,no
8344,no,yes,no
8345,no,no,no
8346,unknown,no,no
8347,no,yes,no
8348,unknown,no,no
8349,no,no,no
8350,unknown,yes,no
8351,no,no,no
8352,no,no,no
8353,unknown,yes,no
8354,unknown,yes,no
8355,no,no,no
8356,no,yes,no
8357,no,unknown,unknown
8358,unknown,yes,no
8359,no,no,no
8360,no,yes,no
8361,unknown,yes,no
8362,unknown,no,no
8363,no,no,yes
8364,unknown,no,no
8365,no,no,no
8366,unknown,no,no
8367,unknown,no,no
8368,no,yes,no
8369,unknown,no,no
8370,no,no,yes
8371,no,no,no
8372,no,yes,no
8373,no,no,no
8374,no,yes,no
8375,no,yes,yes
8376,unknown,no,no
8377,no,no,no
8378,no,no,no
8379,no,no,no
8380,no,no,no
8381,unknown,no,no
8382,no,yes,no
8383,unknown,no,no
8384,unknown,no,no
8385,no,no,no
8386,no,yes,yes
8387,no,yes,no
8388,unknown,yes,no
8389,unknown,no,no
8390,no,no,no
8391,no,yes,no
8392,no,no,yes
8393,no,yes,no
8394,no,no,no
8395,no,yes,no
8396,no,no,no
8397,no,no,no
8398,no,no,yes
8399,no,yes,yes
8400,no,no,no
8401,no,yes,no
8402,no,no,no
8403,unknown,yes,no
8404,unknown,no,no
8405,unknown,yes,no
8406,unknown,yes,no
8407,no,no,no
8408,no,no,no
8409,unknown,no,no
8410,no,yes,no
8411,unknown,no,no
8412,no,no,no
8413,unknown,no,no
8414,no,no,yes
8415,no,no,no
8416,unknown,no,no
8417,unknown,yes,no
8418,unknown,no,yes
8419,no,no,no
8420,no,yes,no
8421,no,no,no
8422,no,yes,no
8423,no,yes,no
8424,no,no,no
8425,unknown,no,no
8426,no,yes,no
8427,unknown,yes,no
8428,no,no,no
8429,no,yes,no
8430,unknown,no,yes
8431,no,no,no
8432,no,yes,yes
8433,unknown,no,no
8434,no,no,no
8435,no,no,no
8436,no,no,no
8437,unknown,no,yes
8438,no,no,no
8439,no,yes,no
8440,unknown,no,no
8441,no,yes,no
8442,no,yes,no
8443,no,no,no
8444,no,no,yes
8445,no,yes,no
8446,unknown,unknown,unknown
8447,unknown,no,no
8448,no,yes,no
8449,no,yes,no
8450,no,no,no
8451,unknown,yes,no
8452,unknown,yes,no
8453,unknown,no,yes
8454,unknown,yes,no
8455,no,yes,no
8456,no,no,yes
8457,no,no,no
8458,unknown,yes,no
8459,no,no,no
8460,no,yes,no
8461,no,no,no
8462,no,no,no
8463,no,yes,no
8464,no,no,no
8465,unknown,no,no
8466,unknown,yes,no
8467,no,no,no
8468,no,yes,no
8469,unknown,no,no
8470,no,no,no
8471,unknown,no,no
8472,no,no,no
8473,no,no,no
8474,no,yes,yes
8475,no,no,no
8476,unknown,yes,no
8477,no,no,no
8478,no,no,no
8479,unknown,no,no
8480,no,no,no
8481,no,no,no
8482,no,yes,no
8483,no,no,no
8484,unknown,no,no
8485,unknown,no,no
8486,unknown,no,no
8487,unknown,no,no
8488,unknown,no,no
8489,no,yes,no
8490,unknown,no,yes
8491,unknown,no,no
8492,no,no,no
8493,unknown,yes,no
8494,no,yes,no
8495,no,yes,no
8496,unknown,no,no
8497,no,yes,yes
8498,no,no,no
8499,unknown,no,no
8500,no,yes,no
8501,no,yes,no
8502,no,yes,no
8503,no,no,no
8504,no,no,yes
8505,no,no,no
8506,no,yes,no
8507,unknown,no,no
8508,unknown,yes,no
8509,unknown,yes,yes
8510,unknown,yes,no
8511,no,yes,no
8512,unknown,no,yes
8513,no,yes,no
8514,no,yes,no
8515,no,no,no
8516,no,unknown,unknown
8517,no,no,no
8518,no,no,no
8519,no,no,no
8520,no,unknown,unknown
8521,no,yes,no
8522,unknown,yes,no
8523,no,yes,no
8524,unknown,yes,yes
8525,unknown,no,no
8526,no,no,no
8527,no,yes,no
8528,no,no,no
8529,unknown,yes,yes
8530,no,yes,no
8531,unknown,no,no
8532,no,no,no
8533,no,no,no
8534,unknown,no,no
8535,no,yes,no
8536,no,no,yes
8537,no,yes,yes
8538,no,no,no
8539,unknown,no,no
8540,unknown,yes,no
8541,no,yes,no
8542,no,yes,yes
8543,no,no,no
8544,no,no,yes
8545,no,yes,yes
8546,no,yes,no
8547,no,yes,yes
8548,no,no,no
8549,unknown,no,no
8550,no,no,no
8551,no,no,no
8552,no,no,no
8553,no,yes,no
8554,no,yes,no
8555,no,yes,no
8556,no,no,no
8557,no,no,no
8558,no,yes,no
8559,no,no,no
8560,no,yes,yes
8561,unknown,yes,no
8562,no,no,yes
8563,no,yes,no
8564,no,yes,no
8565,no,yes,yes
8566,no,no,no
8567,no,no,yes
8568,no,yes,no
8569,no,no,no
8570,no,yes,no
8571,no,no,no
8572,no,yes,yes
8573,no,no,no
8574,unknown,yes,yes
8575,no,yes,no
8576,no,yes,yes
8577,no,no,no
8578,no,no,no
8579,no,no,no
8580,unknown,no,no
8581,no,no,yes
8582,no,no,no
8583,no,no,no
8584,no,no,no
8585,no,yes,yes
8586,no,yes,no
8587,no,no,no
8588,no,yes,yes
8589,no,yes,yes
8590,unknown,yes,no
8591,no,no,no
8592,no,yes,yes
8593,no,yes,yes
8594,no,yes,yes
8595,unknown,yes,yes
8596,no,no,no
8597,no,no,no
8598,no,no,no
8599,unknown,no,no
8600,unknown,yes,no
8601,no,yes,no
8602,unknown,yes,no
8603,no,no,no
8604,no,no,no
8605,unknown,no,no
8606,no,yes,no
8607,no,yes,yes
8608,no,no,no
8609,no,yes,yes
8610,no,no,yes
8611,no,yes,no
8612,no,yes,no
8613,no,yes,no
8614,no,no,no
8615,unknown,yes,no
8616,no,no,no
8617,no,no,no
8618,no,no,no
8619,no,no,yes
8620,no,no,no
8621,no,unknown,unknown
8622,no,no,yes
8623,no,no,no
8624,no,yes,no
8625,unknown,yes,no
8626,no,no,yes
8627,no,no,no
8628,no,unknown,unknown
8629,no,no,no
8630,no,no,no
8631,no,no,no
8632,no,no,no
8633,no,yes,no
8634,no,no,no
8635,no,no,no
8636,unknown,no,no
8637,no,no,no
8638,unknown,yes,no
8639,no,no,no
8640,unknown,no,no
8641,unknown,yes,no
8642,unknown,yes,no
8643,unknown,yes,no
8644,no,no,no
8645,unknown,yes,no
8646,no,unknown,unknown
8647,no,no,yes
8648,no,no,no
8649,no,no,no
8650,no,yes,no
8651,no,no,no
8652,no,yes,no
8653,no,yes,no
8654,no,yes,no
8655,unknown,no,no
8656,no,no,no
8657,no,yes,no
8658,no,no,no
8659,no,no,no
8660,unknown,no,no
8661,no,no,no
8662,no,unknown,unknown
8663,no,unknown,unknown
8664,no,yes,no
8665,no,no,no
8666,no,no,no
8667,no,no,no
8668,no,no,no
8669,no,no,no
8670,no,yes,no
8671,no,yes,no
8672,no,no,no
8673,no,no,no
8674,no,no,no
8675,no,no,no
8676,no,no,no
8677,no,yes,no
8678,unknown,no,no
8679,no,no,no
8680,no,no,no
8681,unknown,unknown,unknown
8682,unknown,no,no
8683,no,yes,yes
8684,no,yes,no
8685,unknown,no,no
8686,unknown,no,no
8687,no,no,no
8688,no,yes,yes
8689,no,yes,no
8690,no,yes,no
8691,unknown,yes,no
8692,no,no,no
8693,unknown,no,no
8694,no,no,no
8695,no,no,no
8696,no,yes,no
8697,unknown,no,yes
8698,unknown,yes,no
8699,no,yes,no
8700,unknown,yes,no
8701,no,no,no
8702,no,no,no
8703,no,no,no
8704,no,no,no
8705,no,no,yes
8706,unknown,no,yes
8707,no,no,no
8708,unknown,yes,no
8709,no,no,no
8710,no,yes,no
8711,no,no,no
8712,no,yes,no
8713,unknown,yes,no
8714,unknown,no,no
8715,unknown,no,no
8716,no,yes,no
8717,no,yes,yes
8718,no,yes,no
8719,no,no,yes
8720,no,no,no
8721,unknown,yes,no
8722,unknown,no,no
8723,no,yes,no
8724,no,yes,no
8725,unknown,yes,no
8726,no,no,no
8727,no,no,no
8728,unknown,yes,no
8729,no,yes,yes
8730,no,yes,yes
8731,no,no,no
8732,unknown,no,no
8733,no,yes,no
8734,no,yes,no
8735,no,no,no
8736,no,no,no
8737,no,no,no
8738,no,no,yes
8739,unknown,no,no
8740,no,no,no
8741,no,no,yes
8742,no,no,no
8743,no,no,yes
8744,no,no,yes
8745,no,yes,no
8746,no,yes,no
8747,unknown,yes,no
8748,no,no,no
8749,unknown,no,no
8750,no,no,no
8751,unknown,yes,no
8752,no,no,no
8753,no,no,no
8754,no,yes,no
8755,no,yes,no
8756,no,no,no
8757,unknown,no,no
8758,unknown,no,yes
8759,no,no,no
8760,no,no,no
8761,no,no,no
8762,no,yes,no
8763,unknown,yes,no
8764,unknown,no,no
8765,no,no,no
8766,no,yes,no
8767,no,yes,no
8768,no,yes,no
8769,no,no,no
8770,no,no,no
8771,no,no,no
8772,no,no,no
8773,no,no,no
8774,no,no,no
8775,no,no,no
8776,unknown,yes,no
8777,no,no,no
8778,no,yes,no
8779,no,no,no
8780,no,yes,no
8781,unknown,yes,no
8782,no,no,yes
8783,no,no,no
8784,no,no,no
8785,no,yes,yes
8786,no,no,no
8787,no,yes,no
8788,no,yes,no
8789,no,no,no
8790,no,yes,no
8791,unknown,yes,no
8792,no,yes,no
8793,unknown,no,no
8794,no,yes,no
8795,no,no,no
8796,no,yes,no
8797,no,no,no
8798,no,yes,yes
8799,no,yes,no
8800,no,yes,no
8801,unknown,no,no
8802,unknown,no,no
8803,no,no,yes
8804,unknown,no,no
8805,unknown,yes,no
8806,no,yes,yes
8807,no,no,no
8808,no,no,no
8809,unknown,no,no
8810,unknown,yes,no
8811,no,yes,no
8812,unknown,no,no
8813,unknown,no,no
8814,no,no,no
8815,no,unknown,unknown
8816,unknown,no,yes
8817,no,no,no
8818,no,no,no
8819,no,no,no
8820,no,yes,yes
8821,unknown,no,no
8822,no,no,no
8823,no,no,no
8824,unknown,no,no
8825,no,yes,no
8826,unknown,yes,no
8827,unknown,no,no
8828,unknown,yes,no
8829,no,yes,no
8830,no,no,no
8831,no,no,yes
8832,no,no,no
8833,no,yes,no
8834,no,no,no
8835,no,yes,no
8836,no,yes,no
8837,unknown,yes,no
8838,no,no,no
8839,no,no,yes
8840,unknown,unknown,unknown
8841,no,no,yes
8842,no,yes,no
8843,no,no,no
8844,unknown,yes,no
8845,unknown,yes,no
8846,unknown,no,no
8847,no,yes,no
8848,no,no,no
8849,no,yes,no
8850,no,no,no
8851,no,no,no
8852,no,no,no
8853,no,yes,yes
8854,unknown,no,no
8855,no,no,no
8856,no,yes,no
8857,unknown,no,no
8858,no,yes,no
8859,unknown,no,no
8860,no,no,no
8861,unknown,no,no
8862,no,no,no
8863,no,no,no
8864,no,yes,no
8865,unknown,no,no
8866,unknown,no,no
8867,no,no,no
8868,no,unknown,unknown
8869,no,yes,yes
8870,unknown,yes,no
8871,unknown,yes,no
8872,unknown,yes,no
8873,unknown,no,no
8874,no,yes,no
8875,no,no,yes
8876,unknown,no,yes
8877,unknown,yes,no
8878,no,no,no
8879,unknown,yes,no
8880,no,no,no
8881,no,no,no
8882,unknown,yes,no
8883,no,no,no
8884,no,no,no
8885,unknown,yes,no
8886,unknown,no,no
8887,no,yes,no
8888,no,yes,no
8889,no,no,no
8890,unknown,no,no
8891,no,no,no
8892,no,no,no
8893,no,unknown,unknown
8894,unknown,no,yes
8895,unknown,yes,no
8896,unknown,no,no
8897,no,yes,no
8898,unknown,no,yes
8899,no,yes,no
8900,no,no,no
8901,unknown,no,no
8902,no,no,no
8903,unknown,yes,no
8904,no,no,no
8905,no,yes,yes
8906,no,yes,no
8907,unknown,no,no
8908,no,yes,no
8909,no,no,no
8910,no,no,no
8911,no,no,no
8912,no,yes,no
8913,no,no,no
8914,no,no,no
8915,unknown,no,no
8916,no,unknown,unknown
8917,no,no,no
8918,no,yes,no
8919,unknown,no,no
8920,unknown,yes,no
8921,unknown,no,no
8922,no,unknown,unknown
8923,unknown,yes,no
8924,no,no,no
8925,unknown,no,no
8926,unknown,no,no
8927,no,no,no
8928,unknown,no,no
8929,no,yes,no
8930,no,yes,no
8931,no,yes,no
8932,unknown,yes,no
8933,unknown,no,no
8934,unknown,no,no
8935,no,yes,no
8936,unknown,yes,no
8937,no,no,no
8938,no,no,no
8939,no,yes,no
8940,no,yes,no
8941,no,no,no
8942,unknown,yes,no
8943,no,no,no
8944,unknown,yes,no
8945,no,yes,no
8946,no,no,no
8947,no,no,no
8948,unknown,no,yes
8949,unknown,yes,no
8950,no,no,no
8951,no,yes,no
8952,no,yes,no
8953,no,no,no
8954,no,no,no
8955,unknown,no,no
8956,no,no,yes
8957,unknown,yes,no
8958,unknown,no,yes
8959,no,no,no
8960,no,no,no
8961,unknown,no,no
8962,no,no,no
8963,no,no,no
8964,unknown,no,no
8965,no,no,no
8966,no,no,no
8967,no,no,no
8968,no,yes,no
8969,no,no,no
8970,no,unknown,unknown
8971,no,unknown,unknown
8972,unknown,unknown,unknown
8973,no,yes,no
8974,no,yes,no
8975,unknown,yes,no
8976,unknown,no,yes
8977,no,no,no
8978,unknown,yes,no
8979,no,no,no
8980,no,yes,no
8981,unknown,no,no
8982,no,no,no
8983,no,no,no
8984,unknown,yes,no
8985,no,no,no
8986,no,yes,no
8987,no,unknown,unknown
8988,unknown,yes,no
8989,unknown,yes,no
8990,no,no,no
8991,unknown,no,no
8992,unknown,no,no
8993,no,no,no
8994,no,no,no
8995,no,no,no
8996,unknown,no,no
8997,no,no,no
8998,unknown,no,no
8999,no,no,no
9000,unknown,no,no
9001,unknown,no,no
9002,no,yes,no
9003,no,yes,no
9004,no,yes,no
9005,unknown,no,no
9006,no,no,no
9007,no,yes,no
9008,no,yes,no
9009,no,yes,no
9010,no,unknown,unknown
9011,no,no,no
9012,unknown,yes,no
9013,no,yes,no
9014,no,no,no
9015,no,no,no
9016,no,no,no
9017,no,no,no
9018,unknown,unknown,unknown
9019,no,unknown,unknown
9020,no,yes,yes
9021,no,no,yes
9022,no,yes,no
9023,unknown,yes,no
9024,unknown,no,no
9025,unknown,no,no
9026,no,no,no
9027,no,yes,yes
9028,no,yes,no
9029,no,no,no
9030,no,no,no
9031,no,no,no
9032,no,yes,no
9033,no,no,no
9034,unknown,yes,no
9035,unknown,yes,yes
9036,unknown,no,yes
9037,no,no,no
9038,unknown,no,no
9039,unknown,yes,no
9040,no,yes,no
9041,no,no,no
9042,no,no,no
9043,unknown,yes,no
9044,unknown,no,no
9045,no,no,no
9046,unknown,no,no
9047,no,yes,no
9048,unknown,no,no
9049,no,no,no
9050,unknown,no,no
9051,no,yes,no
9052,no,no,no
9053,no,yes,yes
9054,no,yes,yes
9055,unknown,yes,no
9056,no,yes,no
9057,no,no,no
9058,unknown,no,no
9059,no,unknown,unknown
9060,no,yes,no
9061,no,no,no
9062,no,no,no
9063,no,no,yes
9064,unknown,no,no
9065,unknown,yes,no
9066,no,no,no
9067,no,yes,yes
9068,no,yes,no
9069,unknown,yes,no
9070,no,yes,no
9071,no,no,no
9072,no,yes,no
9073,unknown,yes,no
9074,no,yes,no
9075,no,no,no
9076,unknown,no,no
9077,no,no,yes
9078,unknown,no,no
9079,unknown,no,no
9080,no,no,no
9081,no,no,no
9082,no,yes,no
9083,unknown,no,no
9084,unknown,unknown,unknown
9085,unknown,no,yes
9086,no,yes,no
9087,no,no,no
9088,no,yes,no
9089,no,no,no
9090,no,no,no
9091,unknown,yes,yes
9092,unknown,no,no
9093,no,yes,no
9094,no,no,yes
9095,no,unknown,unknown
9096,no,yes,no
9097,unknown,yes,no
9098,unknown,no,no
9099,no,no,no
9100,unknown,no,no
9101,no,no,yes
9102,no,yes,no
9103,no,no,no
9104,no,no,no
9105,no,no,no
9106,no,no,no
9107,no,yes,no
9108,no,no,no
9109,no,unknown,unknown
9110,unknown,no,no
9111,no,no,yes
9112,no,no,yes
9113,unknown,no,no
9114,unknown,no,no
9115,no,yes,no
9116,no,no,no
9117,no,yes,no
9118,unknown,no,no
9119,no,no,no
9120,no,yes,no
9121,unknown,no,no
9122,no,no,no
9123,unknown,yes,no
9124,unknown,yes,no
9125,unknown,no,no
9126,no,no,no
9127,no,yes,no
9128,unknown,yes,yes
9129,no,yes,no
9130,no,yes,no
9131,unknown,no,no
9132,no,yes,no
9133,no,no,no
9134,no,no,no
9135,unknown,yes,no
9136,no,no,yes
9137,unknown,yes,no
9138,no,no,no
9139,no,yes,yes
9140,no,no,no
9141,no,no,no
9142,no,no,no
9143,no,yes,no
9144,no,no,no
9145,unknown,yes,no
9146,no,yes,yes
9147,no,yes,yes
9148,no,yes,no
9149,no,no,no
9150,unknown,no,no
9151,no,no,yes
9152,no,no,no
9153,unknown,no,no
9154,no,no,no
9155,unknown,yes,no
9156,unknown,no,no
9157,no,no,no
9158,unknown,no,yes
9159,no,no,no
9160,unknown,yes,no
9161,no,no,no
9162,no,no,no
9163,no,no,no
9164,unknown,no,no
9165,no,no,no
9166,unknown,yes,no
9167,no,no,no
9168,no,no,no
9169,unknown,no,yes
9170,no,no,yes
9171,no,no,no
9172,no,yes,no
9173,no,yes,no
9174,no,no,no
9175,unknown,no,yes
9176,no,yes,yes
9177,unknown,no,no
9178,no,yes,no
9179,unknown,yes,no
9180,unknown,yes,no
9181,no,no,no
9182,no,no,yes
9183,no,yes,no
9184,unknown,yes,no
9185,no,yes,no
9186,unknown,no,no
9187,no,yes,no
9188,unknown,no,no
9189,no,no,no
9190,no,yes,no
9191,no,no,no
9192,no,no,no
9193,unknown,yes,yes
9194,no,no,no
9195,no,yes,no
9196,no,yes,no
9197,no,yes,no
9198,no,no,no
9199,no,no,no
9200,unknown,no,no
9201,no,yes,no
9202,unknown,yes,no
9203,no,no,yes
9204,no,no,no
9205,no,no,no
9206,unknown,yes,no
9207,no,no,no
9208,no,yes,yes
9209,no,no,no
9210,no,yes,yes
9211,unknown,yes,yes
9212,unknown,no,no
9213,no,no,no
9214,unknown,yes,no
9215,no,no,yes
9216,no,no,no
9217,no,no,yes
9218,unknown,no,no
9219,unknown,no,yes
9220,no,unknown,unknown
9221,unknown,yes,no
9222,unknown,no,no
9223,no,yes,no
9224,unknown,unknown,unknown
9225,unknown,yes,no
9226,unknown,no,yes
9227,no,no,no
9228,no,unknown,unknown
9229,unknown,unknown,unknown
9230,unknown,no,no
9231,no,no,yes
9232,unknown,no,yes
9233,no,yes,no
9234,no,yes,yes
9235,unknown,unknown,unknown
9236,unknown,yes,no
9237,no,unknown,unknown
9238,no,yes,no
9239,unknown,no,no
9240,unknown,no,no
9241,no,no,no
9242,no,unknown,unknown
9243,no,no,no
9244,no,no,no
9245,no,no,no
9246,no,no,yes
9247,unknown,no,no
9248,no,no,no
9249,no,yes,no
9250,unknown,unknown,unknown
9251,no,no,no
9252,no,yes,no
9253,no,yes,no
9254,unknown,no,no
9255,no,no,no
9256,no,no,no
9257,no,no,no
9258,no,no,no
9259,no,no,no
9260,no,no,no
9261,no,no,no
9262,no,yes,no
9263,unknown,no,no
9264,no,no,no
9265,no,no,no
9266,no,no,no
9267,no,yes,yes
9268,unknown,yes,no
9269,no,no,no
9270,no,yes,no
9271,no,no,no
9272,no,no,yes
9273,unknown,no,yes
9274,no,yes,yes
9275,unknown,no,no
9276,no,no,no
9277,no,yes,no
9278,no,no,yes
9279,no,yes,yes
9280,no,no,no
9281,unknown,yes,no
9282,no,unknown,unknown
9283,no,yes,no
9284,no,yes,yes
9285,no,yes,no
9286,no,yes,no
9287,no,no,no
9288,no,no,no
9289,no,no,no
9290,no,no,no
9291,no,yes,no
9292,no,no,no
9293,no,no,yes
9294,no,yes,no
9295,no,yes,no
9296,unknown,no,yes
9297,no,yes,no
9298,no,yes,no
9299,unknown,yes,yes
9300,no,yes,no
9301,no,unknown,unknown
9302,no,no,no
9303,no,unknown,unknown
9304,unknown,yes,no
9305,unknown,no,yes
9306,no,yes,yes
9307,no,yes,no
9308,no,no,no
9309,unknown,yes,no
9310,no,yes,yes
9311,no,no,no
9312,unknown,no,no
9313,no,no,no
9314,no,no,yes
9315,no,yes,no
9316,unknown,no,yes
9317,unknown,unknown,unknown
9318,no,no,no
9319,unknown,no,no
9320,no,yes,no
9321,no,yes,no
9322,no,no,yes
9323,unknown,yes,no
9324,no,no,no
9325,no,no,no
9326,unknown,no,no
9327,no,no,no
9328,no,no,no
9329,no,unknown,unknown
9330,no,no,no
9331,unknown,no,no
9332,unknown,unknown,unknown
9333,unknown,no,no
9334,unknown,unknown,unknown
9335,unknown,no,no
9336,unknown,yes,yes
9337,no,yes,yes
9338,unknown,yes,no
9339,no,no,no
9340,unknown,yes,no
9341,unknown,no,no
9342,unknown,yes,no
9343,no,no,yes
9344,unknown,yes,no
9345,no,no,no
9346,no,no,no
9347,no,no,no
9348,no,no,no
9349,no,no,no
9350,no,yes,no
9351,no,no,yes
9352,no,no,no
9353,no,no,no
9354,no,yes,no
9355,no,yes,no
9356,unknown,unknown,unknown
9357,unknown,unknown,unknown
9358,no,yes,no
9359,unknown,yes,no
9360,no,yes,no
9361,no,no,no
9362,no,no,no
9363,no,no,no
9364,no,yes,yes
9365,unknown,no,no
9366,no,no,no
9367,no,no,no
9368,no,no,no
9369,no,no,no
9370,unknown,yes,no
9371,unknown,yes,no
9372,no,yes,no
9373,unknown,no,no
9374,unknown,no,no
9375,no,no,yes
9376,unknown,yes,no
9377,no,no,no
9378,no,no,no
9379,unknown,no,no
9380,no,unknown,unknown
9381,no,no,no
9382,unknown,no,no
9383,no,yes,no
9384,no,no,no
9385,unknown,no,no
9386,no,no,no
9387,no,yes,yes
9388,unknown,unknown,unknown
9389,unknown,no,no
9390,unknown,no,no
9391,unknown,no,no
9392,unknown,no,no
9393,no,no,yes
9394,unknown,no,no
9395,no,yes,no
9396,no,yes,no
9397,no,no,no
9398,unknown,no,no
9399,no,yes,no
9400,no,no,no
9401,no,no,yes
9402,no,no,no
9403,no,yes,no
9404,no,no,no
9405,no,yes,no
9406,no,yes,no
9407,unknown,yes,no
9408,unknown,no,no
9409,unknown,no,no
9410,no,yes,no
9411,unknown,no,no
9412,no,no,no
9413,no,yes,no
9414,no,yes,yes
9415,no,no,no
9416,no,no,no
9417,no,no,yes
9418,no,yes,no
9419,unknown,yes,no
9420,no,no,no
9421,no,no,no
9422,no,yes,no
9423,no,no,no
9424,no,yes,no
9425,unknown,no,no
9426,no,no,no
9427,no,yes,no
9428,no,yes,no
9429,unknown,no,no
9430,no,yes,no
9431,no,no,yes
9432,no,no,yes
9433,unknown,no,no
9434,unknown,no,yes
9435,no,no,no
9436,unknown,no,no
9437,no,no,no
9438,unknown,no,no
9439,no,unknown,unknown
9440,no,no,no
9441,unknown,no,no
9442,no,no,no
9443,unknown,no,no
9444,no,no,no
9445,no,yes,no
9446,no,no,no
9447,no,yes,no
9448,no,yes,no
9449,no,no,no
9450,no,no,no
9451,no,yes,no
9452,no,yes,no
9453,unknown,no,yes
9454,unknown,no,no
9455,no,no,no
9456,unknown,no,no
9457,no,yes,yes
9458,unknown,yes,no
9459,no,yes,yes
9460,no,yes,no
9461,unknown,yes,no
9462,no,yes,no
9463,no,yes,no
9464,no,no,no
9465,no,no,no
9466,no,yes,no
9467,no,no,yes
9468,no,yes,no
9469,unknown,no,no
9470,no,yes,no
9471,no,yes,no
9472,no,yes,no
9473,no,no,no
9474,no,yes,no
9475,no,yes,yes
9476,no,no,yes
9477,no,yes,no
9478,no,yes,no
9479,no,yes,no
9480,no,no,no
9481,no,yes,no
9482,unknown,no,no
9483,no,yes,no
9484,no,yes,yes
9485,no,yes,no
9486,unknown,no,no
9487,no,no,no
9488,unknown,no,no
9489,unknown,yes,yes
9490,no,yes,no
9491,no,yes,no
9492,no,yes,no
9493,unknown,no,no
9494,no,yes,no
9495,unknown,yes,no
9496,unknown,yes,no
9497,no,yes,no
9498,no,no,no
9499,unknown,no,no
9500,no,no,no
9501,unknown,no,no
9502,no,yes,no
9503,unknown,no,no
9504,no,yes,no
9505,no,yes,no
9506,unknown,yes,no
9507,no,no,yes
9508,unknown,yes,no
9509,no,unknown,unknown
9510,no,no,no
9511,no,no,yes
9512,unknown,yes,no
9513,unknown,unknown,unknown
9514,no,yes,no
9515,no,yes,no
9516,no,no,no
9517,no,no,no
9518,no,no,yes
9519,no,no,no
9520,no,yes,no
9521,no,yes,no
9522,no,yes,no
9523,no,unknown,unknown
9524,unknown,unknown,unknown
9525,no,no,no
9526,no,yes,no
9527,unknown,yes,no
9528,unknown,yes,no
9529,unknown,yes,no
9530,no,no,yes
9531,unknown,no,no
9532,unknown,yes,yes
9533,unknown,no,yes
9534,unknown,no,yes
9535,no,no,yes
9536,unknown,no,yes
9537,unknown,yes,no
9538,no,yes,no
9539,unknown,yes,no
9540,no,yes,no
9541,unknown,no,yes
9542,no,yes,yes
9543,no,yes,yes
9544,no,no,no
9545,no,yes,yes
9546,no,yes,no
9547,no,no,no
9548,unknown,no,no
9549,no,no,no
9550,no,no,no
9551,no,yes,no
9552,no,yes,no
9553,no,yes,no
9554,no,no,no
9555,unknown,no,no
9556,no,yes,no
9557,no,no,yes
9558,no,yes,no
9559,no,yes,yes
9560,no,yes,yes
9561,unknown,yes,no
9562,unknown,no,yes
9563,unknown,no,no
9564,no,yes,no
9565,no,yes,no
9566,no,no,no
9567,unknown,no,no
9568,no,no,no
9569,no,yes,no
9570,unknown,yes,no
9571,no,yes,yes
9572,no,yes,no
9573,no,no,no
9574,unknown,yes,no
9575,unknown,yes,no
9576,no,no,no
9577,no,no,no
9578,no,yes,no
9579,no,no,no
9580,no,yes,no
9581,no,no,no
9582,no,yes,no
9583,no,no,no
9584,unknown,yes,yes
9585,unknown,no,no
9586,no,no,no
9587,no,yes,yes
9588,no,yes,no
9589,unknown,no,no
9590,unknown,yes,no
9591,no,no,no
9592,unknown,yes,no
9593,no,yes,no
9594,unknown,yes,no
9595,no,yes,yes
9596,no,no,no
9597,no,yes,no
9598,no,yes,yes
9599,no,no,no
9600,no,no,no
9601,no,no,no
9602,no,yes,no
9603,unknown,yes,no
9604,unknown,no,no
9605,unknown,no,no
9606,no,yes,yes
9607,no,yes,no
9608,unknown,no,no
9609,no,no,no
9610,no,yes,no
9611,no,no,no
9612,unknown,yes,yes
9613,unknown,yes,no
9614,no,yes,yes
9615,unknown,yes,no
9616,no,no,no
9617,unknown,no,no
9618,no,yes,yes
9619,no,yes,no
9620,unknown,no,no
9621,no,no,no
9622,unknown,no,no
9623,no,no,yes
9624,unknown,yes,yes
9625,unknown,no,yes
9626,no,yes,yes
9627,no,no,no
9628,no,no,no
9629,no,no,yes
9630,no,yes,no
9631,no,yes,yes
9632,no,yes,yes
9633,no,yes,no
9634,no,yes,no
9635,no,yes,no
9636,no,no,no
9637,no,yes,no
9638,no,yes,no
9639,no,no,yes
9640,no,no,yes
9641,no,no,yes
9642,unknown,no,no
9643,no,no,no
9644,no,no,no
9645,no,yes,no
9646,unknown,no,no
9647,unknown,yes,no
9648,no,yes,yes
9649,no,yes,no
9650,unknown,no,yes
9651,no,no,no
9652,no,no,yes
9653,no,yes,no
9654,no,yes,no
9655,no,no,no
9656,no,yes,no
9657,no,no,no
9658,no,no,no
9659,no,no,no
9660,no,no,no
9661,no,yes,yes
9662,no,no,no
9663,unknown,no,no
9664,no,yes,no
9665,no,no,no
9666,unknown,no,no
9667,no,no,no
9668,no,no,no
9669,no,yes,no
9670,no,no,yes
9671,unknown,no,no
9672,no,no,no
9673,no,yes,no
9674,no,unknown,unknown
9675,no,no,no
9676,no,no,no
9677,no,yes,no
9678,no,yes,no
9679,no,yes,no
9680,no,no,no
9681,no,yes,no
9682,no,no,no
9683,no,no,no
9684,unknown,no,no
9685,no,yes,no
9686,unknown,no,no
9687,no,no,no
9688,no,yes,no
9689,no,yes,no
9690,no,no,no
9691,no,no,no
9692,no,no,no
9693,unknown,no,no
9694,no,no,no
9695,no,no,no
9696,unknown,yes,no
9697,no,no,yes
9698,no,no,no
9699,no,yes,no
9700,unknown,yes,no
9701,unknown,yes,no
9702,no,yes,no
9703,unknown,yes,no
9704,no,no,yes
9705,unknown,no,no
9706,no,yes,no
9707,no,no,no
9708,no,yes,no
9709,no,yes,no
9710,unknown,yes,no
9711,no,yes,no
9712,no,yes,no
9713,no,no,no
9714,no,no,no
9715,unknown,no,no
9716,no,unknown,unknown
9717,no,yes,no
9718,unknown,no,no
9719,no,no,no
9720,unknown,no,no
9721,unknown,yes,no
9722,unknown,yes,no
9723,no,no,no
9724,unknown,no,no
9725,unknown,yes,no
9726,unknown,yes,no
9727,no,yes,no
9728,no,no,no
9729,no,no,no
9730,no,yes,no
9731,no,yes,no
9732,no,yes,no
9733,unknown,yes,no
9734,no,yes,no
9735,unknown,yes,no
9736,no,no,no
9737,unknown,yes,no
9738,unknown,yes,no
9739,unknown,yes,no
9740,no,yes,no
9741,unknown,yes,no
9742,unknown,no,no
9743,no,no,no
9744,no,no,no
9745,no,yes,yes
9746,unknown,yes,no
9747,no,no,no
9748,unknown,yes,no
9749,no,yes,no
9750,no,no,yes
9751,no,no,no
9752,unknown,yes,yes
9753,unknown,yes,no
9754,no,no,no
9755,unknown,yes,yes
9756,no,no,no
9757,no,yes,yes
9758,unknown,no,no
9759,no,yes,no
9760,unknown,yes,no
9761,no,no,no
9762,no,no,yes
9763,no,no,no
9764,unknown,no,yes
9765,unknown,no,no
9766,unknown,no,no
9767,unknown,no,no
9768,unknown,no,no
9769,no,yes,no
9770,no,no,no
9771,unknown,yes,no
9772,no,no,no
9773,no,no,no
9774,unknown,no,no
9775,unknown,yes,yes
9776,no,yes,no
9777,no,no,no
9778,no,yes,no
9779,unknown,yes,no
9780,no,yes,no
9781,no,no,no
9782,no,yes,no
9783,no,yes,no
9784,no,yes,no
9785,no,yes,no
9786,no,yes,no
9787,unknown,yes,no
9788,no,yes,no
9789,no,yes,no
9790,no,no,no
9791,no,no,no
9792,unknown,no,no
9793,unknown,no,no
9794,no,no,no
9795,no,no,no
9796,unknown,no,no
9797,no,yes,no
9798,no,no,no
9799,unknown,no,no
9800,no,yes,no
9801,no,no,no
9802,unknown,yes,no
9803,unknown,no,no
9804,no,yes,no
9805,no,no,no
9806,unknown,yes,no
9807,no,yes,no
9808,no,yes,no
9809,unknown,no,no
9810,no,yes,no
9811,no,yes,no
9812,no,no,no
9813,unknown,no,no
9814,no,no,no
9815,unknown,yes,yes
9816,no,yes,no
9817,no,no,no
9818,unknown,yes,no
9819,no,no,no
9820,no,no,no
9821,no,no,no
9822,unknown,yes,no
9823,unknown,yes,no
9824,no,yes,no
9825,no,no,no
9826,no,no,no
9827,no,yes,no
9828,no,yes,no
9829,no,no,no
9830,unknown,yes,no
9831,no,no,no
9832,no,yes,no
9833,no,yes,yes
9834,unknown,no,no
9835,no,no,no
9836,no,yes,no
9837,unknown,no,no
9838,no,no,no
9839,no,yes,no
9840,no,no,no
9841,no,no,no
9842,no,no,no
9843,unknown,no,no
9844,no,no,no
9845,no,yes,yes
9846,no,no,no
9847,no,no,no
9848,no,no,no
9849,unknown,no,yes
9850,no,no,yes
9851,unknown,no,no
9852,unknown,no,yes
9853,no,no,no
9854,no,yes,no
9855,no,no,no
9856,no,yes,no
9857,no,yes,no
9858,no,yes,no
9859,no,yes,no
9860,no,yes,no
9861,no,no,no
9862,no,yes,no
9863,unknown,yes,no
9864,no,yes,no
9865,no,yes,no
9866,unknown,no,no
9867,no,no,no
9868,unknown,yes,no
9869,unknown,no,no
9870,unknown,no,no
9871,unknown,yes,no
9872,no,no,no
9873,no,yes,no
9874,no,yes,no
9875,unknown,yes,no
9876,no,yes,no
9877,no,no,no
9878,unknown,no,no
9879,no,yes,no
9880,no,no,no
9881,unknown,yes,no
9882,no,unknown,unknown
9883,unknown,no,no
9884,unknown,no,no
9885,unknown,yes,no
9886,no,yes,no
9887,no,yes,no
9888,no,no,no
9889,unknown,yes,no
9890,no,no,no
9891,no,yes,no
9892,no,no,no
9893,no,no,no
9894,no,yes,no
9895,unknown,yes,no
9896,no,no,no
9897,unknown,no,no
9898,no,no,no
9899,unknown,yes,yes
9900,no,yes,yes
9901,unknown,yes,no
9902,unknown,no,no
9903,unknown,no,no
9904,no,yes,no
9905,unknown,no,no
9906,unknown,yes,no
9907,unknown,no,no
9908,no,yes,no
9909,no,no,no
9910,unknown,no,no
9911,no,no,no
9912,no,yes,yes
9913,no,no,no
9914,no,yes,no
9915,unknown,no,no
9916,no,no,no
9917,no,no,no
9918,no,yes,yes
9919,no,unknown,unknown
9920,unknown,yes,no
9921,no,yes,no
9922,no,yes,no
9923,no,yes,no
9924,no,no,no
9925,no,yes,yes
9926,unknown,yes,no
9927,unknown,no,no
9928,no,yes,no
9929,no,no,no
9930,no,yes,yes
9931,unknown,no,no
9932,no,no,no
9933,no,no,no
9934,no,no,no
9935,no,no,no
9936,unknown,yes,no
9937,no,no,no
9938,no,no,no
9939,no,yes,no
9940,no,no,no
9941,no,yes,no
9942,unknown,no,no
9943,no,no,no
9944,no,no,no
9945,no,no,no
9946,no,no,yes
9947,unknown,no,no
9948,no,yes,no
9949,no,no,no
9950,unknown,yes,no
9951,unknown,no,no
9952,no,yes,no
9953,no,no,no
9954,no,no,no
9955,no,no,no
9956,no,no,yes
9957,no,yes,no
9958,no,no,no
9959,no,no,no
9960,no,yes,yes
9961,unknown,yes,no
9962,no,no,no
9963,unknown,no,no
9964,unknown,no,no
9965,unknown,yes,no
9966,unknown,no,no
9967,no,yes,no
9968,unknown,yes,yes
9969,no,no,no
9970,no,yes,no
9971,no,yes,no
9972,no,no,no
9973,unknown,no,no
9974,no,no,no
9975,no,no,no
9976,unknown,no,no
9977,no,yes,no
9978,no,yes,no
9979,no,yes,no
9980,no,yes,no
9981,no,no,no
9982,unknown,no,no
9983,no,no,no
9984,no,yes,no
9985,no,yes,yes
9986,no,yes,no
9987,no,unknown,unknown
9988,no,no,no
9989,no,yes,no
9990,no,no,no
9991,no,no,no
9992,unknown,no,no
9993,no,no,no
9994,unknown,yes,no
9995,unknown,yes,no
9996,unknown,yes,no
9997,no,yes,no
9998,no,unknown,unknown
9999,unknown,yes,no
10000,no,yes,yes
10001,no,no,no
10002,no,yes,no
10003,no,no,no
10004,unknown,no,no
10005,no,no,yes
10006,unknown,yes,no
10007,unknown,no,no
10008,unknown,no,no
10009,no,no,no
10010,unknown,yes,no
10011,no,no,no
10012,no,yes,no
10013,unknown,yes,no
10014,no,unknown,unknown
10015,unknown,no,no
10016,no,no,no
10017,unknown,no,no
10018,no,no,no
10019,unknown,no,no
10020,unknown,no,no
10021,no,yes,no
10022,no,no,no
10023,no,yes,no
10024,no,no,no
10025,no,yes,no
10026,no,no,no
10027,no,yes,no
10028,no,yes,no
10029,no,no,no
10030,no,yes,no
10031,no,yes,no
10032,no,no,no
10033,no,yes,no
10034,unknown,yes,no
10035,no,yes,no
10036,no,no,no
10037,no,no,no
10038,unknown,no,no
10039,no,yes,no
10040,no,no,no
10041,no,no,no
10042,no,yes,no
10043,no,yes,no
10044,no,no,yes
10045,no,yes,no
10046,no,no,no
10047,no,no,no
10048,unknown,yes,no
10049,no,yes,yes
10050,unknown,no,no
10051,no,no,no
10052,unknown,no,no
10053,unknown,no,no
10054,no,yes,no
10055,unknown,unknown,unknown
10056,unknown,no,yes
10057,no,no,no
10058,no,no,no
10059,no,no,no
10060,no,no,no
10061,no,no,yes
10062,unknown,no,no
10063,no,no,no
10064,unknown,yes,no
10065,no,no,no
10066,no,yes,no
10067,no,no,yes
10068,no,no,no
10069,no,yes,no
10070,no,yes,no
10071,no,no,no
10072,unknown,no,no
10073,no,no,no
10074,no,no,no
10075,no,yes,no
10076,no,no,no
10077,no,no,no
10078,no,no,no
10079,no,no,no
10080,no,yes,no
10081,unknown,no,no
10082,no,yes,yes
10083,no,no,no
10084,unknown,no,no
10085,no,no,no
10086,unknown,no,no
10087,no,yes,no
10088,no,yes,yes
10089,no,no,no
10090,unknown,yes,yes
10091,no,yes,no
10092,no,no,no
10093,no,yes,no
10094,unknown,no,no
10095,no,no,no
10096,no,yes,no
10097,no,no,no
10098,no,no,no
10099,unknown,no,no
10100,unknown,yes,yes
10101,no,yes,no
10102,no,yes,no
10103,no,no,no
10104,no,yes,no
10105,no,yes,no
10106,no,yes,no
10107,unknown,no,yes
10108,unknown,no,no
10109,no,no,no
10110,no,no,no
10111,no,no,no
10112,no,yes,no
10113,unknown,no,no
10114,no,yes,yes
10115,unknown,no,no
10116,no,no,yes
10117,no,yes,no
10118,no,yes,yes
10119,no,no,no
10120,no,no,no
10121,no,no,no
10122,unknown,no,no
10123,no,no,no
10124,no,yes,no
10125,unknown,no,yes
10126,no,yes,no
10127,no,no,yes
10128,no,no,yes
10129,no,no,no
10130,unknown,no,no
10131,unknown,no,no
10132,no,yes,no
10133,unknown,no,no
10134,no,no,no
10135,no,no,no
10136,unknown,no,no
10137,no,no,yes
10138,no,no,no
10139,no,no,yes
10140,unknown,no,no
10141,no,yes,no
10142,no,no,yes
10143,no,yes,no
10144,unknown,no,no
10145,no,no,no
10146,no,yes,no
10147,unknown,no,no
10148,unknown,no,no
10149,no,no,no
10150,no,no,no
10151,no,yes,no
10152,no,no,no
10153,unknown,no,no
10154,no,yes,yes
10155,unknown,no,no
10156,no,yes,yes
10157,no,yes,no
10158,no,no,no
10159,unknown,yes,no
10160,no,yes,yes
10161,no,yes,no
10162,no,yes,no
10163,no,yes,no
10164,no,yes,no
10165,no,no,yes
10166,no,no,no
10167,unknown,yes,no
10168,unknown,yes,no
10169,no,no,no
10170,no,unknown,unknown
10171,no,yes,no
10172,no,unknown,unknown
10173,unknown,no,no
10174,no,no,no
10175,unknown,no,no
10176,unknown,yes,no
10177,unknown,no,no
10178,no,yes,no
10179,no,yes,no
10180,no,yes,no
10181,unknown,yes,no
10182,no,no,no
10183,unknown,yes,no
10184,unknown,yes,no
10185,no,yes,no
10186,no,yes,no
10187,unknown,yes,no
10188,no,no,no
10189,no,no,yes
10190,no,no,no
10191,no,no,yes
10192,unknown,no,no
10193,unknown,unknown,unknown
10194,no,yes,no
10195,unknown,yes,no
10196,unknown,yes,no
10197,no,no,no
10198,no,yes,no
10199,no,yes,no
10200,no,yes,no
10201,unknown,no,no
10202,unknown,no,no
10203,no,no,no
10204,unknown,no,no
10205,no,yes,no
10206,no,yes,no
10207,no,yes,no
10208,no,yes,no
10209,unknown,yes,no
10210,no,no,no
10211,no,no,no
10212,no,no,no
10213,unknown,no,no
10214,no,no,no
10215,unknown,unknown,unknown
10216,unknown,yes,no
10217,no,yes,no
10218,unknown,yes,no
10219,unknown,yes,no
10220,no,no,no
10221,no,no,no
10222,no,no,no
10223,no,no,no
10224,no,yes,no
10225,no,no,no
10226,no,no,no
10227,no,no,no
10228,no,no,no
10229,no,yes,no
10230,no,no,no
10231,no,no,no
10232,no,no,no
10233,no,no,no
10234,no,no,no
10235,unknown,no,yes
10236,no,yes,no
10237,unknown,yes,no
10238,unknown,no,yes
10239,no,yes,no
10240,no,no,no
10241,no,yes,no
10242,no,yes,yes
10243,unknown,no,no
10244,no,yes,no
10245,no,yes,no
10246,no,no,no
10247,no,yes,no
10248,no,no,no
10249,unknown,no,no
10250,no,no,no
10251,unknown,yes,no
10252,unknown,no,no
10253,no,no,no
10254,no,no,no
10255,no,no,no
10256,no,yes,no
10257,no,no,no
10258,no,yes,no
10259,no,yes,no
10260,no,no,no
10261,unknown,yes,no
10262,unknown,unknown,unknown
10263,no,unknown,unknown
10264,no,no,no
10265,no,no,no
10266,unknown,no,no
10267,no,no,no
10268,no,no,no
10269,no,no,no
10270,no,no,no
10271,no,no,no
10272,unknown,yes,no
10273,unknown,no,no
10274,no,yes,no
10275,no,no,no
10276,no,no,no
10277,no,no,no
10278,no,no,no
10279,unknown,no,no
10280,unknown,no,no
10281,unknown,no,no
10282,no,no,no
10283,no,no,no
10284,unknown,no,no
10285,no,yes,yes
10286,no,yes,yes
10287,unknown,yes,no
10288,no,yes,yes
10289,unknown,no,no
10290,no,yes,no
10291,no,no,no
10292,no,yes,yes
10293,unknown,no,no
10294,no,no,no
10295,no,no,no
10296,unknown,yes,no
10297,unknown,no,no
10298,no,no,no
10299,unknown,no,yes
10300,unknown,yes,no
10301,unknown,yes,no
10302,no,no,no
10303,unknown,no,no
10304,no,yes,yes
10305,no,no,no
10306,no,no,no
10307,no,no,no
10308,no,no,no
10309,no,no,yes
10310,no,unknown,unknown
10311,unknown,no,no
10312,unknown,no,no
10313,unknown,yes,no
10314,unknown,yes,no
10315,no,no,yes
10316,no,no,no
10317,no,no,no
10318,no,no,no
10319,unknown,yes,no
10320,no,no,no
10321,no,no,no
10322,unknown,yes,no
10323,unknown,yes,no
10324,no,yes,no
10325,no,no,no
10326,no,no,no
10327,no,yes,no
10328,no,yes,yes
10329,unknown,yes,no
10330,unknown,no,no
10331,no,no,no
10332,no,yes,no
10333,no,no,no
10334,no,yes,no
10335,no,no,no
10336,no,no,no
10337,no,yes,no
10338,no,no,no
10339,unknown,no,no
10340,no,no,no
10341,unknown,yes,no
10342,no,no,no
10343,no,yes,no
10344,no,yes,no
10345,no,no,no
10346,no,no,no
10347,no,yes,no
10348,no,no,no
10349,no,no,no
10350,unknown,yes,no
10351,no,no,no
10352,no,no,yes
10353,unknown,unknown,unknown
10354,no,no,no
10355,unknown,no,no
10356,no,no,no
10357,unknown,yes,no
10358,no,yes,no
10359,no,yes,no
10360,no,yes,no
10361,no,no,no
10362,no,yes,no
10363,no,yes,yes
10364,unknown,yes,no
10365,no,no,no
10366,no,no,no
10367,no,no,no
10368,no,no,no
10369,no,yes,no
10370,no,yes,no
10371,no,no,no
10372,no,unknown,unknown
10373,no,yes,no
10374,unknown,yes,no
10375,unknown,yes,no
10376,no,no,no
10377,no,no,no
10378,unknown,no,yes
10379,no,yes,no
10380,unknown,yes,no
10381,unknown,no,no
10382,no,yes,no
10383,no,no,no
10384,no,no,no
10385,no,yes,no
10386,unknown,no,no
10387,no,yes,no
10388,unknown,yes,no
10389,no,no,yes
10390,no,yes,yes
10391,no,yes,yes
10392,no,yes,yes
10393,no,yes,no
10394,unknown,yes,no
10395,no,yes,no
10396,no,yes,no
10397,unknown,yes,no
10398,no,yes,no
10399,no,yes,no
10400,no,yes,no
10401,no,no,no
10402,no,yes,no
10403,no,no,no
10404,no,yes,no
10405,no,no,no
10406,no,no,no
10407,no,no,no
10408,no,no,no
10409,unknown,yes,no
10410,unknown,no,no
10411,no,no,no
10412,no,no,no
10413,no,yes,yes
10414,no,no,yes
10415,unknown,no,no
10416,no,no,no
10417,no,no,no
10418,no,no,no
10419,no,yes,no
10420,no,no,yes
10421,unknown,no,no
10422,no,yes,no
10423,no,no,no
10424,no,no,no
10425,no,no,no
10426,unknown,yes,no
10427,unknown,no,no
10428,no,no,yes
10429,unknown,no,no
10430,no,yes,no
10431,unknown,yes,no
10432,no,yes,no
10433,unknown,no,no
10434,no,no,no
10435,no,no,no
10436,no,no,no
10437,unknown,no,no
10438,no,yes,no
10439,unknown,no,no
10440,no,yes,no
10441,no,yes,no
10442,no,no,no
10443,no,unknown,unknown
10444,no,no,no
10445,no,no,yes
10446,unknown,no,yes
10447,no,no,no
10448,no,no,no
10449,unknown,no,no
10450,no,no,no
10451,unknown,no,no
10452,no,no,no
10453,unknown,no,no
10454,unknown,yes,no
10455,unknown,no,no
10456,no,yes,no
10457,no,yes,no
10458,no,yes,no
10459,no,no,no
10460,no,no,no
10461,unknown,yes,no
10462,no,unknown,unknown
10463,unknown,no,no
10464,no,yes,no
10465,unknown,no,no
10466,unknown,yes,no
10467,no,no,no
10468,no,yes,no
10469,no,unknown,unknown
10470,no,no,no
10471,no,yes,no
10472,unknown,no,no
10473,no,no,no
10474,no,no,no
10475,no,yes,no
10476,no,no,no
10477,no,yes,no
10478,no,no,no
10479,no,no,no
10480,unknown,no,no
10481,no,no,yes
10482,no,yes,no
10483,no,no,no
10484,no,yes,no
10485,unknown,no,no
10486,no,no,no
10487,no,yes,no
10488,no,no,no
10489,no,no,no
10490,unknown,no,no
10491,no,yes,no
10492,no,yes,yes
10493,unknown,yes,no
10494,no,no,no
10495,no,no,no
10496,no,yes,no
10497,no,no,no
10498,no,no,no
10499,no,no,no
10500,unknown,unknown,unknown
10501,no,yes,yes
10502,no,yes,yes
10503,no,no,no
10504,unknown,yes,yes
10505,no,no,yes
10506,no,no,no
10507,no,no,yes
10508,no,yes,no
10509,no,no,no
10510,unknown,yes,no
10511,unknown,yes,no
10512,no,yes,no
10513,no,yes,no
10514,no,no,no
10515,no,yes,no
10516,unknown,no,yes
10517,no,no,no
10518,no,yes,no
10519,no,yes,no
10520,no,yes,no
10521,no,no,no
10522,no,no,no
10523,no,no,no
10524,no,yes,no
10525,no,no,no
10526,no,unknown,unknown
10527,no,yes,yes
10528,no,no,no
10529,no,no,no
10530,unknown,yes,no
10531,no,yes,no
10532,no,no,no
10533,no,no,no
10534,no,yes,no
10535,no,no,yes
10536,no,no,no
10537,no,yes,no
10538,no,yes,no
10539,no,no,no
10540,unknown,no,no
10541,no,no,yes
10542,no,yes,no
10543,no,yes,yes
10544,unknown,yes,no
10545,unknown,no,no
10546,no,no,no
10547,no,no,no
10548,no,yes,no
10549,no,no,no
10550,unknown,no,no
10551,unknown,no,no
10552,no,no,no
10553,no,no,no
10554,no,no,no
10555,no,no,no
10556,unknown,no,no
10557,no,no,no
10558,unknown,no,no
10559,unknown,no,yes
10560,no,no,no
10561,no,no,no
10562,no,no,no
10563,unknown,no,no
10564,unknown,no,no
10565,no,yes,yes
10566,no,no,no
10567,no,no,no
10568,unknown,no,no
10569,no,no,no
10570,no,no,yes
10571,unknown,no,no
10572,unknown,yes,no
10573,no,no,no
10574,no,yes,no
10575,no,unknown,unknown
10576,no,no,no
10577,unknown,no,no
10578,unknown,no,no
10579,unknown,yes,no
10580,no,no,no
10581,unknown,yes,no
10582,no,yes,yes
10583,no,no,no
10584,unknown,unknown,unknown
10585,no,yes,yes
10586,no,no,no
10587,no,yes,no
10588,no,yes,no
10589,no,no,no
10590,no,unknown,unknown
10591,no,unknown,unknown
10592,unknown,no,no
10593,no,yes,no
10594,no,yes,no
10595,unknown,yes,no
10596,unknown,no,yes
10597,no,no,no
10598,unknown,yes,no
10599,no,no,yes
10600,no,yes,no
10601,unknown,yes,no
10602,no,no,no
10603,no,yes,no
10604,no,yes,no
10605,no,yes,yes
10606,no,no,no
10607,no,unknown,unknown
10608,unknown,yes,no
10609,no,yes,no
10610,unknown,yes,no
10611,no,yes,no
10612,no,no,yes
10613,no,yes,no
10614,no,unknown,unknown
10615,no,no,no
10616,no,yes,no
10617,unknown,no,yes
10618,unknown,yes,yes
10619,no,no,no
10620,no,yes,no
10621,no,yes,no
10622,no,no,no
10623,no,no,no
10624,no,yes,no
10625,unknown,no,no
10626,no,yes,no
10627,no,yes,no
10628,unknown,yes,no
10629,no,yes,no
10630,no,no,no
10631,no,yes,no
10632,unknown,yes,no
10633,no,no,no
10634,unknown,yes,no
10635,no,no,yes
10636,unknown,no,yes
10637,unknown,no,no
10638,no,yes,no
10639,unknown,yes,yes
10640,no,yes,no
10641,no,yes,no
10642,unknown,unknown,unknown
10643,no,no,yes
10644,no,no,yes
10645,no,no,no
10646,unknown,no,no
10647,unknown,yes,no
10648,no,no,no
10649,unknown,no,no
10650,unknown,yes,no
10651,no,yes,no
10652,no,no,no
10653,no,yes,no
10654,unknown,yes,yes
10655,no,no,no
10656,unknown,yes,no
10657,unknown,yes,no
10658,no,no,no
10659,no,yes,no
10660,no,yes,no
10661,no,no,yes
10662,no,no,no
10663,no,no,no
10664,unknown,yes,no
10665,unknown,yes,no
10666,unknown,yes,no
10667,no,unknown,unknown
10668,unknown,no,no
10669,unknown,yes,no
10670,unknown,yes,no
10671,no,yes,no
10672,unknown,yes,no
10673,unknown,no,no
10674,no,no,yes
10675,unknown,no,no
10676,no,yes,no
10677,unknown,yes,no
10678,no,no,yes
10679,unknown,no,no
10680,no,yes,no
10681,unknown,yes,no
10682,no,yes,no
10683,no,no,yes
10684,no,yes,no
10685,unknown,no,no
10686,no,no,no
10687,no,yes,no
10688,no,no,yes
10689,unknown,yes,no
10690,no,yes,no
10691,no,yes,no
10692,no,yes,yes
10693,no,yes,no
10694,no,no,no
10695,unknown,no,no
10696,no,yes,no
10697,no,yes,no
10698,no,yes,yes
10699,unknown,yes,yes
10700,no,yes,yes
10701,no,no,yes
10702,no,no,no
10703,no,no,no
10704,no,yes,yes
10705,no,yes,no
10706,unknown,no,no
10707,unknown,yes,yes
10708,no,yes,no
10709,no,no,no
10710,no,yes,no
10711,no,no,no
10712,no,no,no
10713,no,yes,no
10714,unknown,yes,no
10715,no,yes,no
10716,no,yes,no
10717,no,yes,no
10718,no,yes,no
10719,unknown,no,no
10720,no,no,no
10721,no,no,no
10722,no,yes,no
10723,no,yes,no
10724,no,yes,no
10725,unknown,no,yes
10726,no,no,no
10727,no,yes,no
10728,no,no,no
10729,no,yes,no
10730,no,yes,no
10731,no,yes,no
10732,no,no,no
10733,unknown,no,no
10734,unknown,yes,no
10735,no,no,no
10736,unknown,no,no
10737,unknown,no,no
10738,unknown,yes,yes
10739,unknown,no,yes
10740,no,no,no
10741,no,no,no
10742,no,yes,no
10743,no,no,yes
10744,no,no,no
10745,unknown,no,no
10746,no,no,no
10747,no,no,no
10748,no,no,yes
10749,no,yes,no
10750,unknown,no,no
10751,unknown,yes,no
10752,unknown,yes,no
10753,no,no,yes
10754,unknown,no,no
10755,unknown,no,no
10756,no,no,no
10757,no,no,no
10758,no,yes,no
10759,unknown,no,no
10760,unknown,yes,yes
10761,unknown,no,no
10762,no,no,no
10763,no,no,no
10764,no,no,no
10765,no,no,no
10766,unknown,no,no
10767,no,yes,no
10768,no,yes,no
10769,no,yes,no
10770,no,yes,yes
10771,no,yes,no
10772,no,yes,yes
10773,no,no,no
10774,no,yes,no
10775,no,no,no
10776,no,yes,no
10777,unknown,no,no
10778,unknown,yes,yes
10779,unknown,no,no
10780,unknown,no,no
10781,unknown,no,no
10782,unknown,no,yes
10783,no,yes,yes
10784,no,yes,no
10785,no,yes,no
10786,unknown,no,no
10787,unknown,yes,yes
10788,no,yes,no
10789,no,yes,no
10790,no,no,no
10791,no,yes,no
10792,no,yes,no
10793,no,no,yes
10794,unknown,yes,no
10795,no,no,no
10796,no,yes,no
10797,no,yes,no
10798,no,yes,no
10799,unknown,yes,no
10800,no,no,no
10801,unknown,yes,no
10802,no,yes,yes
10803,unknown,yes,no
10804,unknown,yes,no
10805,no,no,no
10806,no,yes,no
10807,unknown,yes,no
10808,no,unknown,unknown
10809,no,no,no
10810,no,no,no
10811,unknown,yes,no
10812,no,no,yes
10813,no,no,yes
10814,no,yes,yes
10815,no,yes,no
10816,no,yes,no
10817,no,yes,no
10818,no,no,yes
10819,unknown,no,no
10820,no,no,no
10821,no,yes,no
10822,no,yes,yes
10823,no,no,no
10824,no,yes,no
10825,unknown,no,no
10826,no,yes,no
10827,no,no,no
10828,no,no,no
10829,no,yes,yes
10830,no,no,no
10831,no,no,yes
10832,no,yes,no
10833,no,no,no
10834,unknown,no,no
10835,unknown,yes,no
10836,no,yes,no
10837,no,yes,no
10838,unknown,unknown,unknown
10839,no,unknown,unknown
10840,no,no,no
10841,no,no,no
10842,no,yes,no
10843,unknown,no,no
10844,unknown,yes,no
10845,unknown,yes,no
10846,no,yes,no
10847,no,yes,no
10848,unknown,no,no
10849,no,no,no
10850,no,yes,no
10851,no,no,no
10852,unknown,no,no
10853,unknown,yes,no
10854,no,no,no
10855,no,no,no
10856,unknown,yes,yes
10857,unknown,no,no
10858,no,no,no
10859,no,unknown,unknown
10860,no,no,no
10861,unknown,yes,no
10862,unknown,no,no
10863,no,no,no
10864,unknown,no,no
10865,no,yes,no
10866,no,no,no
10867,no,no,no
10868,no,no,no
10869,no,yes,no
10870,unknown,yes,no
10871,unknown,no,yes
10872,unknown,yes,yes
10873,unknown,no,no
10874,unknown,no,no
10875,unknown,no,no
10876,no,no,yes
10877,unknown,yes,no
10878,unknown,yes,no
10879,unknown,yes,no
10880,no,no,no
10881,no,no,no
10882,unknown,no,yes
10883,unknown,yes,no
10884,no,no,yes
10885,no,yes,no
10886,unknown,no,no
10887,unknown,no,no
10888,no,no,no
10889,unknown,no,no
10890,no,no,no
10891,no,no,no
10892,no,yes,no
10893,no,yes,no
10894,unknown,yes,yes
10895,unknown,no,no
10896,no,yes,no
10897,no,yes,no
10898,no,yes,no
10899,no,no,no
10900,no,no,no
10901,no,yes,no
10902,no,yes,no
10903,no,yes,no
10904,no,no,no
10905,unknown,no,yes
10906,no,yes,no
10907,unknown,yes,no
10908,no,yes,no
10909,no,yes,no
10910,no,yes,no
10911,no,no,yes
10912,no,yes,yes
10913,no,no,no
10914,no,no,no
10915,no,no,no
10916,no,no,no
10917,no,no,no
10918,unknown,no,no
10919,unknown,no,yes
10920,no,yes,no
10921,unknown,no,no
10922,no,yes,yes
10923,no,yes,no
10924,unknown,unknown,unknown
10925,no,yes,no
10926,no,no,no
10927,no,no,no
10928,no,yes,no
10929,unknown,yes,yes
10930,no,no,no
10931,no,yes,no
10932,unknown,no,no
10933,no,no,no
10934,no,no,no
10935,unknown,yes,yes
10936,no,yes,no
10937,no,no,no
10938,no,no,no
10939,unknown,yes,no
10940,no,yes,no
10941,unknown,no,no
10942,unknown,no,no
10943,no,no,no
10944,no,unknown,unknown
10945,no,no,no
10946,no,no,no
10947,no,yes,yes
10948,no,no,no
10949,unknown,yes,no
10950,unknown,no,no
10951,no,no,no
10952,no,no,no
10953,no,yes,no
10954,no,yes,no
10955,unknown,yes,yes
10956,no,yes,no
10957,no,yes,no
10958,unknown,no,no
10959,unknown,no,no
10960,no,no,no
10961,no,yes,no
10962,no,no,no
10963,no,no,no
10964,no,no,no
10965,no,yes,no
10966,no,no,no
10967,no,unknown,unknown
10968,unknown,no,no
10969,no,no,no
10970,no,yes,no
10971,no,yes,no
10972,no,yes,no
10973,no,yes,no
10974,no,yes,no
10975,unknown,yes,no
10976,no,yes,no
10977,no,unknown,unknown
10978,no,unknown,unknown
10979,no,yes,no
10980,no,yes,no
10981,no,no,no
10982,no,yes,no
10983,no,yes,no
10984,no,no,no
10985,no,no,no
10986,no,no,no
10987,no,no,no
10988,no,yes,no
10989,no,no,yes
10990,unknown,yes,no
10991,no,yes,no
10992,no,yes,no
10993,no,unknown,unknown
10994,no,no,no
10995,unknown,yes,no
10996,no,no,no
10997,no,yes,yes
10998,unknown,yes,no
10999,no,no,no
11000,no,no,no
11001,no,yes,no
11002,no,no,no
11003,unknown,no,no
11004,no,yes,no
11005,no,yes,no
11006,unknown,yes,yes
11007,unknown,no,no
11008,no,no,no
11009,no,no,no
11010,unknown,unknown,unknown
11011,no,unknown,unknown
11012,no,yes,no
11013,no,yes,no
11014,no,yes,no
11015,no,no,no
11016,no,no,no
11017,no,yes,no
11018,no,yes,no
11019,no,yes,no
11020,no,yes,no
11021,unknown,no,no
11022,no,yes,no
11023,unknown,no,yes
11024,no,yes,no
11025,no,no,no
11026,unknown,yes,no
11027,no,no,no
11028,no,no,no
11029,no,no,no
11030,unknown,no,no
11031,no,no,no
11032,no,yes,no
11033,no,yes,yes
11034,no,yes,no
11035,unknown,yes,yes
11036,no,unknown,unknown
11037,no,yes,yes
11038,unknown,no,yes
11039,no,yes,no
11040,no,no,no
11041,no,yes,no
11042,no,no,no
11043,no,no,no
11044,unknown,yes,no
11045,unknown,yes,no
11046,no,no,no
11047,no,no,no
11048,unknown,unknown,unknown
11049,no,no,no
11050,no,no,no
11051,no,yes,yes
11052,no,no,no
11053,unknown,no,no
11054,no,yes,no
11055,no,no,no
11056,no,no,no
11057,no,no,no
11058,no,unknown,unknown
11059,unknown,yes,no
11060,no,yes,no
11061,no,yes,no
11062,unknown,yes,no
11063,unknown,yes,no
11064,no,no,no
11065,unknown,unknown,unknown
11066,unknown,no,no
11067,no,no,no
11068,no,yes,no
11069,unknown,no,no
11070,unknown,no,no
11071,no,no,no
11072,no,no,no
11073,no,yes,no
11074,unknown,no,no
11075,unknown,yes,yes
11076,no,yes,no
11077,unknown,yes,no
11078,no,no,no
11079,no,no,no
11080,no,no,no
11081,no,yes,yes
11082,no,no,no
11083,no,no,no
11084,unknown,yes,no
11085,no,yes,no
11086,no,no,no
11087,no,yes,yes
11088,no,no,no
11089,no,no,no
11090,no,no,no
11091,no,no,no
11092,unknown,yes,no
11093,unknown,no,no
11094,no,yes,no
11095,unknown,no,no
11096,no,no,no
11097,unknown,no,yes
11098,no,yes,no
11099,no,no,no
11100,unknown,yes,no
11101,unknown,no,no
11102,no,no,no
11103,no,no,no
11104,unknown,no,no
11105,no,no,no
11106,unknown,yes,no
11107,no,unknown,unknown
11108,no,unknown,unknown
11109,no,unknown,unknown
11110,unknown,no,no
11111,unknown,no,no
11112,unknown,no,no
11113,unknown,no,no
11114,no,no,no
11115,no,no,no
11116,no,no,no
11117,unknown,no,no
11118,unknown,no,no
11119,unknown,yes,no
11120,no,no,no
11121,no,no,no
11122,no,no,no
11123,no,no,no
11124,no,yes,no
11125,no,no,no
11126,unknown,yes,no
11127,no,yes,no
11128,unknown,no,no
11129,no,yes,no
11130,unknown,no,no
11131,unknown,no,no
11132,no,no,no
11133,unknown,yes,yes
11134,no,no,no
11135,no,no,no
11136,no,no,no
11137,no,yes,no
11138,no,yes,no
11139,no,yes,no
11140,no,no,no
11141,no,no,no
11142,no,no,yes
11143,no,no,no
11144,no,no,no
11145,unknown,no,no
11146,no,yes,no
11147,no,no,no
11148,no,no,no
11149,unknown,yes,yes
11150,no,no,no
11151,no,no,no
11152,no,no,no
11153,no,no,yes
11154,no,no,yes
11155,no,no,no
11156,no,no,no
11157,no,no,no
11158,unknown,no,no
11159,no,no,no
11160,no,no,no
11161,no,yes,no
11162,unknown,no,no
11163,unknown,no,no
11164,no,no,no
11165,unknown,yes,no
11166,no,no,no
11167,no,no,no
11168,no,no,no
11169,no,yes,no
11170,no,yes,yes
11171,no,unknown,unknown
11172,no,no,no
11173,unknown,yes,no
11174,unknown,yes,no
11175,no,yes,yes
11176,no,no,no
11177,unknown,no,no
11178,no,no,no
11179,unknown,yes,no
11180,unknown,yes,yes
11181,unknown,no,no
11182,unknown,yes,no
11183,no,yes,no
11184,unknown,no,yes
11185,no,no,no
11186,unknown,unknown,unknown
11187,no,no,no
11188,no,no,no
11189,no,no,no
11190,unknown,yes,no
11191,no,yes,no
11192,no,no,no
11193,no,no,no
11194,no,no,no
11195,unknown,no,no
11196,unknown,no,no
11197,unknown,no,no
11198,no,no,no
11199,no,no,yes
11200,unknown,no,no
11201,unknown,yes,no
11202,no,unknown,unknown
11203,unknown,no,no
11204,no,no,yes
11205,unknown,yes,no
11206,no,yes,no
11207,no,no,no
11208,unknown,yes,no
11209,unknown,no,no
11210,unknown,yes,no
11211,unknown,yes,no
11212,no,no,yes
11213,no,yes,no
11214,no,no,no
11215,no,no,no
11216,no,no,no
11217,no,no,yes
11218,unknown,yes,yes
11219,no,no,no
11220,no,no,no
11221,no,no,no
11222,no,yes,no
11223,no,no,no
11224,no,no,no
11225,unknown,no,no
11226,no,no,no
11227,unknown,yes,yes
11228,no,no,yes
11229,no,no,no
11230,no,unknown,unknown
11231,no,yes,no
11232,no,no,no
11233,unknown,unknown,unknown
11234,unknown,no,no
11235,no,yes,yes
11236,unknown,yes,yes
11237,no,yes,no
11238,unknown,yes,no
11239,no,yes,no
11240,no,no,no
11241,unknown,yes,no
11242,no,yes,no
11243,no,yes,no
11244,no,unknown,unknown
11245,no,yes,yes
11246,unknown,no,no
11247,unknown,yes,no
11248,no,no,no
11249,no,no,no
11250,no,no,no
11251,no,no,no
11252,no,yes,yes
11253,no,unknown,unknown
11254,no,unknown,unknown
11255,unknown,no,no
11256,no,no,no
11257,no,no,yes
11258,no,no,no
11259,no,yes,no
11260,no,no,no
11261,unknown,no,no
11262,no,no,no
11263,unknown,no,no
11264,no,no,no
11265,no,no,no
11266,no,no,no
11267,no,no,no
11268,unknown,yes,no
11269,no,yes,no
11270,no,no,no
11271,unknown,yes,no
11272,no,yes,no
11273,unknown,yes,yes
11274,no,yes,no
11275,unknown,yes,no
11276,no,no,no
11277,unknown,no,no
11278,no,no,no
11279,no,no,no
11280,unknown,no,no
11281,no,no,no
11282,unknown,no,no
11283,no,no,no
11284,no,yes,no
11285,no,no,no
11286,no,yes,no
11287,no,no,no
11288,unknown,yes,no
11289,unknown,no,no
11290,no,no,no
11291,unknown,no,no
11292,no,yes,no
11293,no,yes,no
11294,no,no,no
11295,no,no,no
11296,no,yes,no
11297,unknown,no,no
11298,no,no,no
11299,no,no,no
11300,no,no,no
11301,unknown,yes,no
11302,no,yes,no
11303,no,yes,no
11304,no,yes,no
11305,no,no,no
11306,no,no,yes
11307,unknown,no,no
11308,no,yes,no
11309,no,no,no
11310,no,no,yes
11311,no,no,no
11312,no,no,no
11313,unknown,yes,no
11314,no,no,no
11315,unknown,yes,no
11316,no,yes,no
11317,no,yes,no
11318,no,no,no
11319,no,yes,no
11320,no,yes,no
11321,no,no,no
11322,no,no,no
11323,unknown,yes,no
11324,unknown,no,no
11325,no,no,no
11326,no,no,no
11327,unknown,yes,no
11328,no,no,no
11329,no,yes,no
11330,unknown,no,no
11331,unknown,no,no
11332,no,yes,yes
11333,no,no,no
11334,unknown,yes,no
11335,unknown,no,no
11336,no,yes,no
11337,unknown,no,no
11338,no,unknown,unknown
11339,no,yes,yes
11340,no,yes,no
11341,unknown,unknown,unknown
11342,unknown,no,yes
11343,unknown,no,no
11344,no,yes,no
11345,unknown,no,yes
11346,no,unknown,unknown
11347,no,yes,no
11348,unknown,yes,yes
11349,unknown,yes,no
11350,no,yes,no
11351,no,no,no
11352,unknown,no,no
11353,no,no,no
11354,no,unknown,unknown
11355,no,unknown,unknown
11356,no,no,no
11357,no,yes,yes
11358,no,no,no
11359,no,no,no
11360,no,yes,no
11361,no,no,no
11362,no,yes,no
11363,unknown,yes,no
11364,unknown,no,no
11365,no,yes,no
11366,unknown,no,no
11367,no,no,no
11368,no,yes,no
11369,no,yes,yes
11370,no,no,no
11371,unknown,no,no
11372,no,yes,yes
11373,unknown,no,no
11374,no,no,no
11375,no,yes,no
11376,no,yes,no
11377,no,yes,no
11378,no,no,no
11379,unknown,yes,no
11380,no,yes,no
11381,no,yes,no
11382,no,yes,no
11383,unknown,no,no
11384,no,yes,yes
11385,no,yes,no
11386,unknown,no,no
11387,unknown,yes,no
11388,no,yes,no
11389,no,yes,no
11390,no,no,no
11391,no,no,yes
11392,unknown,yes,no
11393,no,no,no
11394,no,no,yes
11395,unknown,yes,no
11396,no,yes,yes
11397,no,no,no
11398,unknown,yes,no
11399,no,yes,no
11400,unknown,yes,no
11401,unknown,no,no
11402,no,no,no
11403,no,no,no
11404,no,yes,no
11405,no,no,no
11406,unknown,no,no
11407,unknown,no,no
11408,unknown,yes,no
11409,unknown,no,no
11410,no,no,no
11411,no,yes,no
11412,no,no,no
11413,no,yes,no
11414,no,yes,no
11415,no,yes,yes
11416,no,yes,yes
11417,no,yes,yes
11418,unknown,no,no
11419,no,yes,no
11420,no,yes,no
11421,unknown,yes,yes
11422,no,no,no
11423,unknown,no,no
11424,no,no,no
11425,no,yes,no
11426,no,no,no
11427,no,yes,yes
11428,no,no,no
11429,unknown,no,no
11430,no,no,no
11431,no,no,yes
11432,no,no,no
11433,no,yes,no
11434,unknown,unknown,unknown
11435,no,yes,no
11436,no,no,no
11437,unknown,yes,no
11438,no,yes,no
11439,unknown,no,no
11440,no,no,no
11441,no,yes,no
11442,no,no,no
11443,no,yes,yes
11444,no,yes,no
11445,unknown,yes,no
11446,no,yes,no
11447,no,yes,no
11448,no,no,no
11449,no,no,no
11450,unknown,no,yes
11451,no,yes,yes
11452,no,yes,no
11453,no,unknown,unknown
11454,no,unknown,unknown
11455,no,no,no
11456,no,yes,no
11457,no,unknown,unknown
11458,unknown,no,no
11459,no,no,no
11460,no,yes,no
11461,no,no,no
11462,unknown,no,no
11463,unknown,unknown,unknown
11464,unknown,no,no
11465,no,no,no
11466,no,yes,no
11467,no,yes,yes
11468,no,no,no
11469,unknown,yes,no
11470,unknown,yes,no
11471,no,no,yes
11472,unknown,no,no
11473,no,no,no
11474,no,no,no
11475,no,yes,no
11476,unknown,yes,no
11477,no,yes,yes
11478,unknown,yes,no
11479,unknown,no,no
11480,no,yes,no
11481,no,yes,no
11482,no,no,no
11483,no,no,no
11484,unknown,yes,no
11485,no,no,no
11486,unknown,no,no
11487,no,no,no
11488,no,no,no
11489,no,yes,no
11490,no,no,no
11491,unknown,no,no
11492,no,unknown,unknown
11493,unknown,no,no
11494,no,yes,no
11495,no,no,no
11496,unknown,no,no
11497,no,yes,no
11498,no,yes,yes
11499,no,yes,no
11500,no,no,no
11501,no,unknown,unknown
11502,unknown,no,no
11503,unknown,no,yes
11504,unknown,no,no
11505,no,no,no
11506,no,no,no
11507,no,yes,no
11508,no,no,no
11509,no,no,no
11510,unknown,no,no
11511,no,yes,no
11512,no,yes,no
11513,no,yes,no
11514,unknown,no,no
11515,unknown,no,no
11516,no,no,no
11517,no,yes,yes
11518,no,yes,no
11519,unknown,no,no
11520,no,no,yes
11521,unknown,no,no
11522,no,no,no
11523,no,no,no
11524,no,yes,no
11525,no,no,no
11526,no,yes,no
11527,unknown,yes,no
11528,no,yes,no
11529,no,no,no
11530,no,yes,yes
11531,unknown,yes,no
11532,unknown,yes,yes
11533,no,no,no
11534,unknown,no,no
11535,no,yes,no
11536,unknown,yes,yes
11537,no,no,no
11538,no,no,no
11539,unknown,yes,no
11540,no,no,no
11541,no,yes,yes
11542,unknown,yes,no
11543,no,yes,no
11544,unknown,no,yes
11545,no,yes,yes
11546,no,yes,no
11547,no,yes,no
11548,unknown,no,no
11549,no,yes,no
11550,unknown,no,no
11551,no,no,yes
11552,no,yes,no
11553,no,yes,no
11554,no,yes,no
11555,unknown,no,no
11556,no,no,no
11557,no,yes,no
11558,no,yes,no
11559,unknown,no,no
11560,no,yes,no
11561,no,yes,no
11562,no,yes,yes
11563,no,yes,no
11564,unknown,no,yes
11565,unknown,no,no
11566,no,no,no
11567,no,no,no
11568,unknown,yes,no
11569,no,no,no
11570,no,no,no
11571,unknown,yes,no
11572,no,yes,no
11573,no,no,no
11574,no,no,no
11575,unknown,no,no
11576,no,no,no
11577,no,yes,no
11578,no,yes,no
11579,unknown,yes,no
11580,no,no,no
11581,unknown,no,no
11582,no,yes,yes
11583,unknown,yes,no
11584,unknown,yes,no
11585,unknown,no,yes
11586,no,no,no
11587,no,yes,no
11588,unknown,yes,yes
11589,no,no,no
11590,no,no,no
11591,no,yes,no
11592,no,no,no
11593,no,no,no
11594,no,yes,no
11595,no,no,no
11596,unknown,unknown,unknown
11597,no,yes,yes
11598,unknown,yes,no
11599,no,no,no
11600,no,no,no
11601,no,yes,no
11602,no,no,no
11603,unknown,yes,no
11604,no,no,yes
11605,no,no,no
11606,unknown,no,no
11607,no,no,no
11608,unknown,no,yes
11609,no,no,no
11610,no,yes,yes
11611,unknown,no,no
11612,unknown,no,no
11613,no,yes,no
11614,unknown,yes,no
11615,no,no,no
11616,unknown,yes,no
11617,unknown,yes,yes
11618,no,no,no
11619,unknown,no,no
11620,no,no,no
11621,no,no,no
11622,no,no,no
11623,no,no,no
11624,unknown,no,yes
11625,no,yes,no
11626,unknown,no,no
11627,no,no,no
11628,no,yes,no
11629,no,yes,yes
11630,no,no,yes
11631,no,no,no
11632,no,no,no
11633,no,unknown,unknown
11634,no,yes,no
11635,no,no,no
11636,no,yes,no
11637,no,no,no
11638,no,yes,no
11639,no,yes,no
11640,unknown,no,no
11641,unknown,yes,no
11642,no,no,no
11643,no,yes,yes
11644,unknown,yes,no
11645,no,no,no
11646,no,no,no
11647,no,no,no
11648,no,no,yes
11649,no,no,no
11650,no,yes,no
11651,no,no,no
11652,no,yes,no
11653,unknown,no,no
11654,no,no,no
11655,unknown,yes,no
11656,unknown,yes,yes
11657,no,no,no
11658,no,no,no
11659,no,no,no
11660,unknown,no,no
11661,no,yes,no
11662,no,no,no
11663,no,no,no
11664,unknown,no,no
11665,unknown,no,no
11666,no,yes,no
11667,no,yes,no
11668,unknown,yes,no
11669,unknown,yes,no
11670,unknown,unknown,unknown
11671,no,yes,no
11672,no,no,no
11673,no,no,yes
11674,unknown,yes,no
11675,unknown,yes,no
11676,no,yes,no
11677,no,no,no
11678,no,yes,no
11679,unknown,yes,no
11680,no,no,no
11681,no,yes,no
11682,unknown,yes,no
11683,no,yes,no
11684,no,yes,yes
11685,unknown,yes,no
11686,unknown,no,no
11687,unknown,yes,no
11688,no,yes,no
11689,unknown,yes,no
11690,no,yes,no
11691,no,no,no
11692,no,yes,no
11693,no,yes,no
11694,unknown,no,yes
11695,no,yes,no
11696,no,yes,no
11697,no,no,no
11698,unknown,no,no
11699,no,yes,no
11700,no,no,no
11701,no,no,no
11702,no,no,no
11703,no,no,no
11704,unknown,yes,no
11705,no,no,no
11706,no,no,no
11707,no,yes,no
11708,no,no,yes
11709,unknown,yes,no
11710,unknown,yes,yes
11711,no,no,no
11712,no,yes,no
11713,no,no,no
11714,no,yes,yes
11715,unknown,no,no
11716,no,no,no
11717,no,no,yes
11718,no,no,no
11719,no,no,no
11720,no,yes,no
11721,no,yes,no
11722,no,yes,no
11723,no,yes,no
11724,no,yes,no
11725,no,no,no
11726,no,no,no
11727,unknown,no,no
11728,no,no,no
11729,unknown,no,no
11730,unknown,yes,no
11731,no,no,no
11732,unknown,yes,no
11733,unknown,no,no
11734,unknown,yes,no
11735,no,no,no
11736,no,yes,no
11737,unknown,yes,no
11738,no,no,yes
11739,no,yes,no
11740,no,no,no
11741,no,unknown,unknown
11742,unknown,yes,no
11743,no,no,yes
11744,unknown,no,no
11745,unknown,no,no
11746,unknown,no,no
11747,no,yes,no
11748,no,no,no
11749,no,no,no
11750,no,yes,no
11751,no,no,no
11752,unknown,yes,no
11753,no,yes,no
11754,no,no,no
11755,unknown,yes,no
11756,no,yes,no
11757,unknown,no,no
11758,no,yes,no
11759,no,yes,no
11760,no,no,no
11761,unknown,no,no
11762,no,no,no
11763,no,yes,no
11764,unknown,yes,no
11765,unknown,yes,no
11766,no,no,no
11767,no,no,no
11768,unknown,yes,no
11769,no,yes,no
11770,no,no,yes
11771,no,yes,yes
11772,no,yes,yes
11773,no,yes,no
11774,no,no,no
11775,no,no,no
11776,unknown,no,no
11777,no,no,no
11778,unknown,yes,no
11779,unknown,no,yes
11780,no,no,no
11781,no,no,no
11782,no,no,no
11783,no,yes,no
11784,no,no,no
11785,no,yes,yes
11786,no,no,no
11787,unknown,yes,no
11788,no,yes,no
11789,no,no,no
11790,unknown,no,no
11791,unknown,yes,no
11792,unknown,yes,yes
11793,no,no,no
11794,no,no,yes
11795,no,no,no
11796,no,no,no
11797,no,yes,no
11798,no,no,yes
11799,unknown,no,no
11800,no,no,no
11801,unknown,yes,no
11802,unknown,yes,no
11803,no,yes,no
11804,no,yes,no
11805,no,yes,no
11806,no,no,yes
11807,unknown,no,yes
11808,no,no,no
11809,no,yes,no
11810,no,no,yes
11811,unknown,yes,no
11812,no,yes,no
11813,unknown,yes,no
11814,no,yes,no
11815,unknown,yes,no
11816,no,no,no
11817,unknown,no,no
11818,no,yes,yes
11819,no,yes,no
11820,unknown,no,no
11821,no,no,no
11822,no,no,no
11823,unknown,no,no
11824,no,yes,no
11825,no,yes,no
11826,no,no,no
11827,no,yes,yes
11828,unknown,yes,no
11829,unknown,yes,yes
11830,unknown,yes,no
11831,unknown,yes,no
11832,no,yes,yes
11833,no,yes,yes
11834,no,no,no
11835,no,yes,no
11836,no,yes,no
11837,unknown,yes,no
11838,no,yes,no
11839,no,yes,no
11840,no,yes,no
11841,no,unknown,unknown
11842,unknown,no,no
11843,unknown,no,no
11844,no,no,no
11845,no,unknown,unknown
11846,no,yes,no
11847,no,yes,no
11848,no,no,no
11849,unknown,yes,no
11850,unknown,yes,yes
11851,unknown,yes,no
11852,unknown,yes,no
11853,unknown,no,no
11854,no,no,no
11855,unknown,yes,yes
11856,unknown,yes,no
11857,no,yes,no
11858,no,yes,no
11859,no,yes,no
11860,no,yes,no
11861,no,no,no
11862,no,yes,no
11863,no,yes,no
11864,no,yes,no
11865,unknown,no,no
11866,no,no,no
11867,no,yes,yes
11868,no,no,no
11869,no,no,no
11870,unknown,no,no
11871,no,no,no
11872,unknown,no,yes
11873,no,no,no
11874,unknown,no,no
11875,no,no,no
11876,unknown,yes,no
11877,no,no,no
11878,no,no,no
11879,unknown,no,no
11880,no,no,no
11881,no,yes,yes
11882,no,yes,yes
11883,unknown,no,yes
11884,no,yes,no
11885,no,no,no
11886,no,no,no
11887,no,no,no
11888,no,no,no
11889,no,no,no
11890,unknown,no,no
11891,no,unknown,unknown
11892,no,yes,no
11893,no,yes,no
11894,unknown,no,no
11895,no,unknown,unknown
11896,no,no,yes
11897,no,unknown,unknown
11898,unknown,yes,no
11899,no,yes,no
11900,no,yes,no
11901,no,yes,yes
11902,no,no,no
11903,no,yes,yes
11904,unknown,no,no
11905,no,no,no
11906,no,no,no
11907,unknown,unknown,unknown
11908,no,no,no
11909,unknown,no,yes
11910,no,no,no
11911,unknown,no,no
11912,unknown,yes,no
11913,unknown,no,no
11914,no,yes,no
11915,no,yes,no
11916,no,no,no
11917,no,no,no
11918,no,yes,no
11919,unknown,no,no
11920,unknown,no,no
11921,unknown,no,no
11922,unknown,yes,no
11923,no,no,no
11924,no,yes,no
11925,no,no,no
11926,unknown,no,yes
11927,no,yes,yes
11928,no,yes,no
11929,no,no,no
11930,no,no,no
11931,unknown,no,no
11932,unknown,no,no
11933,no,no,no
11934,no,no,yes
11935,unknown,no,no
11936,no,yes,no
11937,no,no,no
11938,no,no,no
11939,no,yes,no
11940,no,no,no
11941,no,no,no
11942,no,yes,no
11943,no,no,no
11944,no,yes,no
11945,unknown,unknown,unknown
11946,no,yes,yes
11947,no,no,no
11948,no,yes,no
11949,unknown,no,no
11950,no,no,no
11951,no,no,no
11952,no,yes,no
11953,no,yes,no
11954,no,no,no
11955,no,yes,no
11956,unknown,yes,no
11957,no,no,no
11958,no,no,no
11959,no,no,no
11960,no,yes,no
11961,unknown,yes,no
11962,no,yes,no
11963,no,yes,yes
11964,no,no,no
11965,unknown,yes,no
11966,no,no,no
11967,no,no,no
11968,no,no,no
11969,unknown,no,no
11970,no,yes,no
11971,unknown,yes,no
11972,unknown,yes,no
11973,no,yes,no
11974,no,no,yes
11975,no,yes,no
11976,no,no,no
11977,unknown,yes,no
11978,unknown,yes,no
11979,unknown,yes,no
11980,no,yes,no
11981,no,yes,no
11982,unknown,no,no
11983,unknown,no,no
11984,no,no,no
11985,no,no,no
11986,no,no,no
11987,no,no,no
11988,no,no,no
11989,unknown,yes,no
11990,no,yes,yes
11991,no,no,no
11992,no,no,no
11993,unknown,no,no
11994,unknown,yes,no
11995,no,no,no
11996,unknown,yes,yes
11997,no,yes,no
11998,no,no,no
11999,no,no,yes
12000,no,yes,no
12001,no,no,no
12002,unknown,no,no
12003,unknown,yes,yes
12004,no,yes,yes
12005,no,yes,yes
12006,no,yes,yes
12007,no,yes,no
12008,no,yes,no
12009,no,no,yes
12010,no,unknown,unknown
12011,no,no,no
12012,no,no,no
12013,no,yes,no
12014,no,no,yes
12015,unknown,yes,yes
12016,unknown,no,yes
12017,unknown,yes,no
12018,unknown,yes,no
12019,no,yes,no
12020,no,no,yes
12021,no,yes,no
12022,unknown,no,no
12023,no,no,no
12024,no,yes,yes
12025,unknown,yes,no
12026,unknown,no,no
12027,no,yes,no
12028,no,no,no
12029,unknown,no,no
12030,no,yes,no
12031,no,no,no
12032,unknown,no,no
12033,unknown,yes,no
12034,unknown,no,no
12035,no,yes,no
12036,no,yes,no
12037,unknown,yes,no
12038,unknown,no,no
12039,unknown,yes,yes
12040,no,no,no
12041,no,no,no
12042,unknown,yes,no
12043,unknown,no,no
12044,no,no,no
12045,no,no,no
12046,no,no,no
12047,no,no,no
12048,no,yes,no
12049,no,no,no
12050,no,no,no
12051,no,no,no
12052,no,yes,yes
12053,no,yes,no
12054,unknown,no,yes
12055,no,no,no
12056,no,no,no
12057,no,no,no
12058,no,no,no
12059,no,no,no
12060,no,no,no
12061,no,yes,no
12062,no,no,no
12063,unknown,no,no
12064,no,yes,yes
12065,no,no,no
12066,no,no,no
12067,no,yes,no
12068,no,yes,yes
12069,no,yes,yes
12070,no,yes,no
12071,no,yes,no
12072,no,no,no
12073,no,unknown,unknown
12074,unknown,no,no
12075,no,no,no
12076,unknown,yes,yes
12077,unknown,no,no
12078,no,no,no
12079,no,yes,no
12080,unknown,no,yes
12081,no,yes,no
12082,no,yes,no
12083,no,yes,yes
12084,unknown,no,no
12085,no,no,no
12086,unknown,yes,no
12087,unknown,yes,no
12088,no,yes,no
12089,no,yes,no
12090,unknown,yes,no
12091,no,no,no
12092,no,no,no
12093,no,no,yes
12094,unknown,yes,no
12095,no,yes,yes
12096,no,yes,no
12097,no,no,no
12098,no,no,no
12099,no,no,no
12100,no,yes,yes
12101,no,yes,no
12102,no,yes,no
12103,no,yes,no
12104,no,no,no
12105,no,no,no
12106,no,no,no
12107,no,no,no
12108,unknown,no,no
12109,no,no,no
12110,unknown,unknown,unknown
12111,no,no,no
12112,no,no,no
12113,no,no,no
12114,unknown,yes,yes
12115,no,yes,no
12116,no,no,no
12117,unknown,no,no
12118,no,no,yes
12119,unknown,yes,no
12120,no,no,no
12121,no,yes,no
12122,unknown,no,no
12123,no,yes,yes
12124,no,no,no
12125,no,no,yes
12126,no,yes,no
12127,no,yes,no
12128,no,yes,no
12129,no,unknown,unknown
12130,no,no,no
12131,unknown,no,yes
12132,no,yes,no
12133,no,no,no
12134,no,no,no
12135,unknown,yes,no
12136,no,no,no
12137,no,yes,yes
12138,no,yes,yes
12139,unknown,yes,no
12140,no,yes,no
12141,no,yes,no
12142,no,no,yes
12143,unknown,yes,no
12144,no,yes,no
12145,no,yes,no
12146,no,yes,no
12147,no,yes,no
12148,no,no,no
12149,no,yes,no
12150,no,no,no
12151,unknown,yes,no
12152,unknown,no,no
12153,no,yes,no
12154,no,yes,no
12155,no,yes,no
12156,no,no,no
12157,no,yes,no
12158,no,no,no
12159,no,no,no
12160,no,no,no
12161,no,no,no
12162,no,no,no
12163,no,no,no
12164,unknown,no,no
12165,no,no,yes
12166,unknown,no,no
12167,unknown,yes,no
12168,unknown,no,no
12169,no,no,no
12170,no,no,no
12171,no,no,yes
12172,no,yes,yes
12173,no,no,no
12174,no,unknown,unknown
12175,no,yes,no
12176,no,yes,no
12177,unknown,yes,no
12178,unknown,no,no
12179,no,no,no
12180,no,no,no
12181,no,no,no
12182,no,no,no
12183,no,no,no
12184,no,no,no
12185,no,no,no
12186,no,no,no
12187,no,yes,yes
12188,no,yes,yes
12189,no,yes,no
12190,no,yes,yes
12191,no,yes,no
12192,no,no,yes
12193,no,no,yes
12194,no,yes,no
12195,no,yes,no
12196,no,no,yes
12197,no,no,no
12198,no,no,no
12199,no,no,no
12200,unknown,no,no
12201,no,yes,no
12202,no,no,no
12203,no,no,no
12204,unknown,no,no
12205,no,no,no
12206,no,no,no
12207,unknown,yes,no
12208,no,no,no
12209,no,no,no
12210,no,yes,no
12211,no,yes,no
12212,no,no,no
12213,unknown,no,no
12214,no,no,no
12215,no,yes,no
12216,no,yes,yes
12217,no,yes,no
12218,no,yes,yes
12219,no,no,no
12220,unknown,no,no
12221,no,yes,no
12222,no,no,yes
12223,no,no,no
12224,unknown,no,no
12225,no,yes,no
12226,no,no,no
12227,no,yes,yes
12228,no,yes,no
12229,no,yes,no
12230,no,yes,no
12231,no,yes,no
12232,unknown,yes,yes
12233,no,yes,no
12234,no,no,no
12235,no,no,no
12236,no,yes,no
12237,no,no,no
12238,no,no,no
12239,no,no,no
12240,no,yes,no
12241,unknown,yes,no
12242,unknown,no,no
12243,no,yes,no
12244,unknown,no,no
12245,no,no,no
12246,no,no,no
12247,no,no,no
12248,unknown,no,no
12249,no,no,no
12250,no,no,no
12251,unknown,yes,yes
12252,unknown,yes,no
12253,unknown,no,no
12254,unknown,unknown,unknown
12255,no,yes,no
12256,no,no,no
12257,no,no,no
12258,no,no,no
12259,no,no,yes
12260,unknown,no,no
12261,no,no,no
12262,no,no,no
12263,no,no,no
12264,no,yes,no
12265,no,no,no
12266,no,yes,no
12267,no,yes,no
12268,no,yes,no
12269,no,yes,yes
12270,no,no,no
12271,no,yes,no
12272,no,yes,no
12273,unknown,no,yes
12274,no,yes,no
12275,no,yes,no
12276,no,no,no
12277,no,yes,no
12278,no,yes,no
12279,no,no,no
12280,unknown,no,yes
12281,no,yes,no
12282,no,no,yes
12283,no,yes,no
12284,no,yes,no
12285,no,yes,no
12286,unknown,no,no
12287,no,yes,no
12288,no,yes,no
12289,unknown,no,no
12290,unknown,yes,no
12291,unknown,yes,no
12292,no,no,no
12293,no,yes,no
12294,no,yes,no
12295,unknown,no,no
12296,no,no,no
12297,no,yes,no
12298,unknown,no,no
12299,no,yes,no
12300,unknown,no,yes
12301,no,no,yes
12302,unknown,no,yes
12303,unknown,no,yes
12304,no,yes,no
12305,no,yes,no
12306,no,yes,yes
12307,no,yes,no
12308,no,no,yes
12309,no,no,no
12310,no,no,no
12311,no,no,no
12312,no,yes,no
12313,no,no,no
12314,no,yes,no
12315,no,no,no
12316,no,no,no
12317,no,no,no
12318,unknown,no,yes
12319,no,no,no
12320,no,yes,no
12321,no,yes,no
12322,no,yes,no
12323,unknown,no,no
12324,no,no,no
12325,no,yes,no
12326,no,yes,no
12327,no,no,no
12328,unknown,no,no
12329,no,yes,no
12330,no,yes,no
12331,no,yes,no
12332,unknown,no,no
12333,no,no,no
12334,unknown,yes,no
12335,no,yes,no
12336,no,no,yes
12337,no,yes,no
12338,no,no,no
12339,no,yes,no
12340,no,no,yes
12341,no,no,no
12342,no,yes,no
12343,no,no,no
12344,no,unknown,unknown
12345,no,no,no
12346,unknown,yes,no
12347,no,yes,no
12348,unknown,no,no
12349,no,yes,yes
12350,no,yes,no
12351,no,yes,no
12352,unknown,no,no
12353,no,yes,yes
12354,no,no,no
12355,no,unknown,unknown
12356,no,no,no
12357,no,yes,no
12358,no,yes,no
12359,no,yes,no
12360,no,yes,no
12361,unknown,yes,no
12362,no,yes,no
12363,no,no,no
12364,no,yes,yes
12365,unknown,yes,no
12366,no,unknown,unknown
12367,no,yes,no
12368,unknown,unknown,unknown
12369,no,yes,no
12370,no,no,no
12371,no,yes,no
12372,no,no,no
12373,no,no,yes
12374,unknown,no,no
12375,unknown,yes,no
12376,unknown,yes,no
12377,unknown,no,no
12378,no,no,no
12379,no,yes,no
12380,unknown,unknown,unknown
12381,no,yes,no
12382,no,no,no
12383,no,no,yes
12384,unknown,no,no
12385,no,yes,no
12386,unknown,yes,yes
12387,no,yes,no
12388,no,yes,yes
12389,no,yes,no
12390,no,yes,yes
12391,no,no,yes
12392,no,no,no
12393,unknown,no,no
12394,no,yes,no
12395,unknown,no,no
12396,unknown,no,no
12397,no,yes,no
12398,no,yes,yes
12399,no,yes,yes
12400,unknown,yes,yes
12401,no,yes,no
12402,no,no,no
12403,unknown,yes,no
12404,unknown,no,no
12405,no,no,no
12406,no,no,no
12407,no,yes,yes
12408,no,no,no
12409,no,no,yes
12410,unknown,yes,no
12411,no,yes,no
12412,no,no,no
12413,unknown,no,no
12414,no,no,no
12415,unknown,no,no
12416,unknown,no,no
12417,unknown,yes,no
12418,unknown,yes,no
12419,unknown,no,yes
12420,unknown,yes,no
12421,no,no,yes
12422,unknown,no,no
12423,no,yes,no
12424,unknown,no,no
12425,no,no,no
12426,no,yes,yes
12427,unknown,no,no
12428,no,yes,yes
12429,no,no,no
12430,no,no,no
12431,no,no,no
12432,unknown,no,no
12433,unknown,no,no
12434,no,no,no
12435,no,no,no
12436,no,no,no
12437,no,no,no
12438,no,yes,no
12439,no,unknown,unknown
12440,no,unknown,unknown
12441,no,no,no
12442,no,no,no
12443,unknown,no,no
12444,no,yes,no
12445,no,no,no
12446,no,yes,no
12447,no,no,no
12448,no,yes,no
12449,unknown,no,no
12450,no,no,no
12451,unknown,yes,no
12452,no,yes,yes
12453,unknown,yes,no
12454,no,yes,no
12455,no,yes,no
12456,no,no,no
12457,no,no,yes
12458,no,no,no
12459,no,yes,no
12460,no,yes,yes
12461,no,no,no
12462,no,yes,yes
12463,no,yes,no
12464,unknown,yes,no
12465,unknown,no,yes
12466,no,no,no
12467,no,yes,yes
12468,no,no,no
12469,no,no,no
12470,unknown,yes,no
12471,no,no,no
12472,no,no,no
12473,unknown,no,no
12474,no,no,no
12475,unknown,no,no
12476,no,yes,yes
12477,unknown,no,no
12478,no,yes,no
12479,no,no,no
12480,no,yes,no
12481,unknown,no,no
12482,unknown,no,yes
12483,unknown,no,yes
12484,no,no,no
12485,no,yes,no
12486,no,unknown,unknown
12487,no,yes,no
12488,no,no,no
12489,no,no,no
12490,no,yes,no
12491,no,no,no
12492,no,yes,yes
12493,no,no,no
12494,no,yes,no
12495,no,unknown,unknown
12496,unknown,no,no
12497,no,yes,no
12498,no,yes,no
12499,unknown,yes,yes
12500,no,no,no
12501,unknown,yes,no
12502,no,no,no
12503,no,yes,no
12504,no,no,no
12505,no,no,no
12506,no,yes,no
12507,no,yes,no
12508,no,no,no
12509,no,yes,no
12510,no,no,no
12511,no,no,yes
12512,unknown,yes,no
12513,no,yes,yes
12514,no,yes,no
12515,no,no,no
12516,no,yes,no
12517,no,yes,no
12518,unknown,unknown,unknown
12519,unknown,yes,no
12520,no,no,no
12521,unknown,yes,no
12522,unknown,no,no
12523,no,no,yes
12524,no,unknown,unknown
12525,no,no,no
12526,unknown,no,yes
12527,no,no,no
12528,unknown,unknown,unknown
12529,no,no,no
12530,no,yes,yes
12531,unknown,no,no
12532,no,yes,no
12533,no,yes,no
12534,no,no,no
12535,no,yes,no
12536,no,yes,no
12537,unknown,yes,no
12538,no,no,no
12539,unknown,unknown,unknown
12540,no,yes,no
12541,unknown,no,no
12542,unknown,no,no
12543,no,yes,no
12544,no,yes,no
12545,no,yes,no
12546,unknown,no,no
12547,no,no,no
12548,no,no,yes
12549,no,no,no
12550,no,no,no
12551,unknown,yes,no
12552,no,yes,no
12553,unknown,no,no
12554,no,yes,no
12555,no,no,no
12556,no,yes,no
12557,unknown,yes,no
12558,no,yes,no
12559,no,no,no
12560,unknown,no,no
12561,unknown,yes,no
12562,no,no,no
12563,unknown,yes,no
12564,unknown,no,no
12565,no,yes,no
12566,no,yes,no
12567,no,yes,no
12568,no,no,no
12569,unknown,yes,no
12570,no,no,no
12571,unknown,no,no
12572,unknown,no,no
12573,no,yes,no
12574,no,yes,no
12575,unknown,yes,no
12576,no,yes,no
12577,no,no,no
12578,no,no,yes
12579,unknown,yes,no
12580,no,no,no
12581,no,no,no
12582,unknown,yes,no
12583,no,yes,yes
12584,no,no,no
12585,unknown,yes,no
12586,no,no,no
12587,unknown,no,no
12588,no,no,no
12589,no,no,no
12590,no,yes,no
12591,no,yes,no
12592,unknown,yes,no
12593,unknown,yes,no
12594,no,no,no
12595,no,yes,no
12596,no,no,no
12597,no,yes,no
12598,no,yes,no
12599,no,yes,no
12600,no,yes,no
12601,no,no,no
12602,no,no,no
12603,no,no,no
12604,no,no,no
12605,unknown,no,no
12606,no,no,no
12607,no,no,no
12608,unknown,no,no
12609,no,no,no
12610,no,yes,no
12611,unknown,unknown,unknown
12612,unknown,no,no
12613,unknown,no,yes
12614,no,yes,no
12615,unknown,no,no
12616,no,yes,no
12617,no,yes,no
12618,no,no,no
12619,no,no,no
12620,no,no,no
12621,no,yes,no
12622,unknown,no,no
12623,no,no,no
12624,no,yes,no
12625,no,no,no
12626,no,yes,no
12627,no,no,no
12628,no,no,no
12629,no,no,no
12630,no,no,no
12631,no,no,no
12632,no,no,no
12633,no,yes,no
12634,no,no,no
12635,no,yes,yes
12636,unknown,yes,no
12637,no,no,no
12638,no,no,no
12639,no,unknown,unknown
12640,no,no,no
12641,no,no,no
12642,no,yes,no
12643,unknown,yes,no
12644,unknown,yes,no
12645,no,no,yes
12646,no,no,no
12647,no,no,yes
12648,no,yes,yes
12649,no,yes,no
12650,unknown,no,no
12651,no,yes,no
12652,unknown,no,no
12653,no,yes,no
12654,no,yes,no
12655,no,yes,no
12656,no,no,no
12657,no,no,no
12658,no,yes,no
12659,unknown,yes,no
12660,no,no,yes
12661,no,yes,no
12662,no,yes,yes
12663,unknown,no,no
12664,unknown,yes,no
12665,unknown,yes,no
12666,unknown,no,no
12667,no,no,no
12668,no,no,no
12669,no,yes,no
12670,no,no,no
12671,no,yes,yes
12672,no,no,no
12673,no,yes,no
12674,unknown,yes,no
12675,no,yes,no
12676,no,yes,no
12677,no,no,no
12678,no,yes,no
12679,no,yes,no
12680,no,no,yes
12681,no,no,no
12682,no,yes,no
12683,no,yes,no
12684,no,yes,no
12685,no,yes,no
12686,unknown,yes,yes
12687,no,unknown,unknown
12688,unknown,no,no
12689,no,yes,yes
12690,no,no,yes
12691,no,no,no
12692,no,no,no
12693,no,no,no
12694,unknown,no,yes
12695,unknown,yes,no
12696,no,no,no
12697,no,no,no
12698,unknown,yes,no
12699,unknown,yes,no
12700,no,yes,no
12701,no,yes,no
12702,no,yes,no
12703,no,no,no
12704,unknown,yes,no
12705,no,yes,no
12706,no,yes,no
12707,no,no,no
12708,unknown,yes,no
12709,no,yes,no
12710,no,no,no
12711,unknown,no,no
12712,no,no,no
12713,unknown,no,no
12714,no,no,no
12715,no,no,no
12716,unknown,no,no
12717,unknown,no,no
12718,unknown,no,no
12719,no,yes,no
12720,no,yes,no
12721,no,yes,no
12722,no,yes,no
12723,no,yes,no
12724,no,yes,no
12725,no,yes,no
12726,no,no,yes
12727,no,no,no
12728,no,no,yes
12729,no,no,no
12730,no,yes,yes
12731,no,no,no
12732,unknown,yes,no
12733,unknown,no,no
12734,unknown,no,no
12735,unknown,yes,no
12736,unknown,yes,no
12737,no,yes,no
12738,no,yes,no
12739,no,no,no
12740,no,no,no
12741,unknown,yes,yes
12742,unknown,yes,yes
12743,no,no,no
12744,no,no,no
12745,unknown,yes,no
12746,unknown,yes,no
12747,no,no,no
12748,no,yes,no
12749,no,yes,no
12750,no,yes,no
12751,no,yes,no
12752,no,yes,no
12753,no,yes,no
12754,no,no,no
12755,no,yes,no
12756,unknown,yes,no
12757,unknown,yes,no
12758,no,yes,yes
12759,unknown,no,no
12760,unknown,yes,no
12761,unknown,no,no
12762,no,yes,no
12763,unknown,yes,no
12764,unknown,yes,no
12765,no,yes,no
12766,unknown,yes,no
12767,unknown,yes,no
12768,unknown,no,no
12769,unknown,no,no
12770,unknown,no,no
12771,no,yes,no
12772,no,yes,no
12773,no,yes,no
12774,no,no,no
12775,no,yes,no
12776,no,no,no
12777,unknown,no,no
12778,no,no,no
12779,no,no,yes
12780,no,yes,no
12781,unknown,no,no
12782,unknown,no,no
12783,no,yes,yes
12784,no,yes,yes
12785,no,no,yes
12786,no,yes,no
12787,no,no,no
12788,unknown,no,no
12789,no,yes,no
12790,no,no,no
12791,no,yes,yes
12792,no,yes,no
12793,unknown,yes,no
12794,unknown,no,no
12795,no,no,no
12796,no,no,no
12797,unknown,yes,no
12798,no,yes,no
12799,unknown,no,no
12800,no,yes,no
12801,no,no,no
12802,no,yes,yes
12803,unknown,yes,no
12804,no,yes,no
12805,no,no,no
12806,unknown,yes,no
12807,unknown,no,no
12808,unknown,yes,no
12809,no,no,no
12810,no,no,no
12811,unknown,no,yes
12812,unknown,no,no
12813,no,yes,no
12814,unknown,no,no
12815,no,no,no
12816,unknown,yes,no
12817,no,no,no
12818,no,yes,yes
12819,no,no,no
12820,no,unknown,unknown
12821,no,no,no
12822,unknown,no,no
12823,no,yes,no
12824,no,no,no
12825,unknown,no,yes
12826,no,yes,no
12827,no,yes,no
12828,unknown,no,no
12829,no,no,no
12830,unknown,yes,no
12831,no,no,no
12832,unknown,yes,no
12833,no,yes,no
12834,no,yes,no
12835,no,no,no
12836,unknown,unknown,unknown
12837,no,no,no
12838,unknown,yes,yes
12839,unknown,no,no
12840,no,yes,no
12841,no,no,no
12842,no,yes,no
12843,unknown,yes,yes
12844,no,no,no
12845,no,yes,no
12846,no,no,no
12847,no,no,no
12848,no,yes,no
12849,no,yes,no
12850,no,yes,no
12851,no,no,no
12852,no,no,no
12853,unknown,no,no
12854,unknown,no,no
12855,no,no,no
12856,no,no,no
12857,unknown,yes,no
12858,no,no,no
12859,no,no,no
12860,no,no,no
12861,no,no,no
12862,no,no,no
12863,no,no,no
12864,no,yes,no
12865,no,yes,no
12866,no,no,no
12867,no,yes,no
12868,unknown,no,yes
12869,no,yes,yes
12870,no,yes,no
12871,no,yes,no
12872,no,no,no
12873,no,no,no
12874,no,yes,yes
12875,no,no,no
12876,no,no,no
12877,no,no,yes
12878,no,yes,no
12879,no,no,no
12880,no,yes,no
12881,no,no,no
12882,no,no,no
12883,no,yes,no
12884,unknown,yes,yes
12885,unknown,no,no
12886,no,no,no
12887,no,yes,no
12888,no,yes,no
12889,no,no,no
12890,no,yes,no
12891,no,no,no
12892,no,no,no
12893,unknown,no,no
12894,no,no,no
12895,no,no,no
12896,no,no,yes
12897,unknown,no,no
12898,no,no,no
12899,unknown,no,no
12900,no,unknown,unknown
12901,unknown,no,no
12902,no,no,yes
12903,no,yes,yes
12904,no,no,no
12905,no,no,no
12906,unknown,yes,no
12907,unknown,yes,no
12908,no,yes,no
12909,no,no,no
12910,unknown,yes,no
12911,no,yes,no
12912,no,no,yes
12913,unknown,yes,no
12914,unknown,no,no
12915,unknown,yes,no
12916,no,no,no
12917,unknown,yes,no
12918,unknown,yes,no
12919,unknown,yes,no
12920,unknown,yes,yes
12921,no,no,yes
12922,no,yes,no
12923,no,yes,no
12924,no,no,no
12925,no,no,no
12926,no,yes,no
12927,no,no,no
12928,no,yes,no
12929,no,yes,no
12930,unknown,no,no
12931,no,yes,no
12932,no,no,no
12933,no,no,no
12934,unknown,no,no
12935,no,no,no
12936,unknown,unknown,unknown
12937,no,yes,yes
12938,no,yes,yes
12939,no,no,no
12940,no,yes,no
12941,unknown,yes,no
12942,unknown,no,no
12943,no,yes,no
12944,unknown,no,no
12945,no,yes,no
12946,no,no,no
12947,no,yes,no
12948,no,no,no
12949,no,yes,yes
12950,no,yes,no
12951,no,no,no
12952,no,yes,yes
12953,no,yes,no
12954,no,yes,no
12955,no,no,yes
12956,no,yes,no
12957,no,no,yes
12958,no,yes,no
12959,unknown,yes,no
12960,no,no,no
12961,no,yes,no
12962,no,yes,no
12963,no,no,yes
12964,no,no,no
12965,no,yes,yes
12966,unknown,yes,yes
12967,no,no,no
12968,no,no,no
12969,no,yes,yes
12970,no,yes,no
12971,unknown,unknown,unknown
12972,no,yes,yes
12973,no,no,no
12974,no,yes,no
12975,unknown,no,yes
12976,no,yes,no
12977,no,no,no
12978,unknown,unknown,unknown
12979,no,yes,yes
12980,unknown,no,yes
12981,no,yes,no
12982,no,yes,yes
12983,no,yes,no
12984,no,no,no
12985,no,no,no
12986,no,yes,yes
12987,no,yes,no
12988,no,no,yes
12989,no,yes,no
12990,unknown,no,no
12991,unknown,yes,no
12992,unknown,yes,no
12993,no,no,yes
12994,unknown,no,no
12995,no,no,no
12996,no,no,no
12997,no,yes,yes
12998,no,no,no
12999,unknown,no,no
13000,no,no,no
13001,no,no,no
13002,no,no,no
13003,no,no,no
13004,no,yes,no
13005,no,no,no
13006,no,no,no
13007,no,yes,no
13008,no,yes,no
13009,no,yes,no
13010,unknown,yes,no
13011,no,yes,no
13012,no,yes,no
13013,no,no,no
13014,unknown,yes,no
13015,no,yes,no
13016,no,yes,no
13017,no,yes,no
13018,no,unknown,unknown
13019,no,yes,no
13020,no,no,yes
13021,no,no,no
13022,no,yes,no
13023,unknown,unknown,unknown
13024,no,yes,no
13025,no,no,no
13026,no,no,no
13027,unknown,yes,yes
13028,no,yes,no
13029,no,yes,yes
13030,unknown,yes,no
13031,no,no,no
13032,no,yes,yes
13033,no,yes,yes
13034,no,yes,no
13035,no,unknown,unknown
13036,no,yes,no
13037,no,no,yes
13038,no,yes,no
13039,no,yes,no
13040,unknown,yes,yes
13041,unknown,no,no
13042,no,yes,no
13043,no,yes,no
13044,no,no,no
13045,no,no,no
13046,no,no,no
13047,no,no,no
13048,no,no,no
13049,no,yes,no
13050,unknown,no,no
13051,unknown,yes,no
13052,unknown,yes,no
13053,no,yes,no
13054,no,yes,no
13055,unknown,no,no
13056,no,no,no
13057,no,yes,no
13058,no,yes,no
13059,no,yes,no
13060,unknown,yes,no
13061,no,yes,no
13062,no,yes,no
13063,no,yes,yes
13064,no,no,no
13065,no,yes,no
13066,no,yes,no
13067,no,yes,yes
13068,no,no,no
13069,no,yes,no
13070,no,yes,no
13071,unknown,no,no
13072,no,no,yes
13073,no,yes,no
13074,unknown,yes,no
13075,no,no,no
13076,unknown,yes,no
13077,unknown,no,no
13078,no,no,no
13079,no,no,no
13080,no,yes,no
13081,no,no,no
13082,no,no,no
13083,no,yes,no
13084,no,yes,no
13085,unknown,no,no
13086,no,no,no
13087,no,yes,no
13088,unknown,yes,no
13089,no,no,no
13090,no,no,no
13091,no,no,no
13092,unknown,no,no
13093,no,no,no
13094,unknown,yes,yes
13095,unknown,no,no
13096,no,no,no
13097,no,yes,yes
13098,no,yes,no
13099,no,yes,no
13100,no,yes,no
13101,no,unknown,unknown
13102,no,yes,no
13103,no,yes,no
13104,no,yes,no
13105,no,yes,no
13106,no,yes,no
13107,no,no,no
13108,no,no,no
13109,no,no,no
13110,unknown,unknown,unknown
13111,unknown,no,no
13112,no,yes,no
13113,no,no,no
13114,no,yes,no
13115,no,yes,no
13116,no,no,no
13117,no,no,no
13118,no,no,no
13119,no,no,no
13120,no,yes,no
13121,no,yes,no
13122,no,no,no
13123,no,yes,no
13124,no,no,no
13125,unknown,yes,yes
13126,unknown,yes,no
13127,unknown,yes,no
13128,no,yes,no
13129,no,yes,no
13130,unknown,no,no
13131,no,yes,yes
13132,no,yes,no
13133,no,yes,yes
13134,no,yes,no
13135,no,no,no
13136,no,yes,no
13137,no,yes,yes
13138,no,yes,no
13139,no,yes,no
13140,no,yes,no
13141,unknown,yes,no
13142,no,yes,no
13143,no,no,no
13144,unknown,yes,no
13145,no,yes,no
13146,no,yes,no
13147,no,yes,no
13148,unknown,yes,no
13149,no,no,no
13150,no,no,no
13151,no,yes,no
13152,no,yes,no
13153,no,yes,no
13154,no,yes,no
13155,no,yes,no
13156,no,yes,no
13157,no,yes,no
13158,no,yes,no
13159,no,yes,no
13160,no,no,no
13161,no,no,yes
13162,no,yes,no
13163,no,yes,no
13164,no,no,yes
13165,no,yes,no
13166,no,no,yes
13167,no,no,no
13168,no,yes,no
13169,no,no,yes
13170,no,yes,no
13171,no,yes,no
13172,no,no,no
13173,no,yes,no
13174,unknown,yes,no
13175,unknown,no,no
13176,no,yes,no
13177,no,yes,no
13178,no,yes,no
13179,no,yes,no
13180,no,yes,yes
13181,no,no,no
13182,no,yes,no
13183,no,yes,no
13184,no,no,no
13185,no,yes,no
13186,no,yes,no
13187,no,yes,no
13188,no,yes,no
13189,no,yes,no
13190,no,unknown,unknown
13191,no,unknown,unknown
13192,no,yes,no
13193,no,no,no
13194,no,yes,no
13195,no,no,no
13196,unknown,yes,yes
13197,no,no,no
13198,no,yes,no
13199,unknown,yes,yes
13200,no,yes,yes
13201,unknown,yes,no
13202,no,no,no
13203,unknown,yes,no
13204,unknown,no,yes
13205,unknown,yes,no
13206,unknown,yes,no
13207,no,yes,no
13208,unknown,no,no
13209,no,yes,yes
13210,no,no,no
13211,unknown,yes,no
13212,unknown,no,no
13213,no,no,no
13214,unknown,yes,no
13215,unknown,no,no
13216,no,no,no
13217,no,yes,yes
13218,no,no,no
13219,unknown,no,yes
13220,no,unknown,unknown
13221,no,no,no
13222,no,no,no
13223,unknown,no,yes
13224,no,yes,no
13225,no,yes,no
13226,no,yes,no
13227,unknown,yes,no
13228,no,yes,no
13229,no,yes,no
13230,unknown,no,no
13231,no,yes,yes
13232,unknown,no,no
13233,no,no,no
13234,no,yes,no
13235,no,yes,no
13236,no,no,no
13237,no,yes,no
13238,unknown,yes,no
13239,no,yes,no
13240,no,yes,no
13241,no,yes,no
13242,no,yes,no
13243,unknown,yes,no
13244,no,yes,yes
13245,no,yes,no
13246,no,yes,yes
13247,no,no,no
13248,no,yes,no
13249,no,no,no
13250,no,yes,no
13251,no,yes,yes
13252,no,no,no
13253,no,yes,no
13254,unknown,no,no
13255,no,yes,no
13256,no,no,no
13257,no,yes,no
13258,unknown,yes,no
13259,no,yes,no
13260,no,yes,no
13261,unknown,unknown,unknown
13262,no,no,no
13263,no,yes,no
13264,no,no,no
13265,no,yes,no
13266,no,yes,no
13267,unknown,yes,no
13268,no,yes,yes
13269,no,no,yes
13270,no,yes,no
13271,no,no,yes
13272,no,no,no
13273,no,yes,no
13274,unknown,unknown,unknown
13275,unknown,yes,no
13276,unknown,yes,no
13277,no,yes,no
13278,no,yes,no
13279,unknown,unknown,unknown
13280,no,yes,no
13281,no,yes,no
13282,no,no,no
13283,no,yes,no
13284,no,yes,no
13285,no,no,no
13286,no,no,no
13287,no,yes,yes
13288,no,no,no
13289,no,yes,no
13290,no,yes,no
13291,no,no,no
13292,no,no,no
13293,no,yes,no
13294,no,no,no
13295,no,yes,no
13296,no,no,no
13297,no,no,no
13298,no,yes,no
13299,no,no,no
13300,no,yes,no
13301,no,no,yes
13302,no,yes,no
13303,no,yes,no
13304,no,no,no
13305,unknown,yes,no
13306,no,yes,no
13307,no,yes,no
13308,no,no,no
13309,unknown,no,no
13310,no,yes,no
13311,no,no,no
13312,no,unknown,unknown
13313,no,no,no
13314,no,no,no
13315,no,no,no
13316,no,yes,no
13317,no,yes,no
13318,unknown,no,no
13319,unknown,yes,yes
13320,unknown,yes,no
13321,unknown,no,yes
13322,unknown,no,yes
13323,no,yes,no
13324,unknown,yes,no
13325,no,yes,no
13326,no,yes,no
13327,no,yes,no
13328,no,yes,yes
13329,no,yes,no
13330,no,yes,no
13331,no,yes,no
13332,no,yes,yes
13333,no,yes,no
13334,no,no,no
13335,no,no,yes
13336,no,yes,no
13337,no,no,no
13338,unknown,yes,no
13339,no,yes,no
13340,no,yes,no
13341,no,yes,no
13342,unknown,yes,no
13343,no,yes,no
13344,no,no,yes
13345,no,no,no
13346,no,no,no
13347,unknown,yes,yes
13348,unknown,no,no
13349,unknown,yes,no
13350,no,yes,no
13351,no,yes,no
13352,no,yes,no
13353,unknown,yes,no
13354,no,no,no
13355,no,no,no
13356,no,yes,no
13357,unknown,no,no
13358,no,yes,no
13359,unknown,no,no
13360,no,yes,yes
13361,no,no,no
13362,no,no,no
13363,no,yes,no
13364,no,no,no
13365,unknown,yes,no
13366,no,yes,no
13367,no,no,no
13368,no,no,no
13369,no,yes,no
13370,no,no,no
13371,no,no,no
13372,no,yes,no
13373,no,no,no
13374,no,yes,no
13375,no,yes,no
13376,no,yes,no
13377,no,no,no
13378,unknown,no,no
13379,no,yes,no
13380,unknown,no,no
13381,no,no,no
13382,no,yes,no
13383,no,yes,no
13384,no,yes,no
13385,no,yes,no
13386,no,no,no
13387,no,unknown,unknown
13388,no,unknown,unknown
13389,no,no,no
13390,no,no,no
13391,no,yes,no
13392,no,yes,no
13393,no,yes,no
13394,no,no,no
13395,no,yes,no
13396,no,no,no
13397,no,yes,no
13398,no,no,no
13399,unknown,no,no
13400,no,no,no
13401,unknown,no,yes
13402,unknown,yes,no
13403,no,yes,no
13404,no,yes,no
13405,no,no,no
13406,no,no,yes
13407,no,yes,yes
13408,no,no,no
13409,unknown,yes,no
13410,no,no,no
13411,no,no,no
13412,no,unknown,unknown
13413,no,yes,no
13414,unknown,no,yes
13415,unknown,yes,yes
13416,no,unknown,unknown
13417,no,no,no
13418,no,yes,no
13419,no,no,no
13420,no,no,no
13421,no,unknown,unknown
13422,no,yes,no
13423,no,no,no
13424,no,no,no
13425,no,yes,no
13426,no,no,no
13427,no,yes,no
13428,no,no,no
13429,no,no,no
13430,no,no,no
13431,no,no,no
13432,no,no,no
13433,no,no,no
13434,no,no,no
13435,no,no,no
13436,no,yes,no
13437,unknown,yes,yes
13438,no,yes,yes
13439,no,no,no
13440,unknown,no,no
13441,no,yes,no
13442,no,yes,no
13443,no,no,no
13444,no,no,no
13445,unknown,yes,no
13446,unknown,no,no
13447,unknown,yes,no
13448,no,yes,yes
13449,no,no,no
13450,no,yes,no
13451,unknown,no,no
13452,no,no,no
13453,unknown,yes,no
13454,unknown,unknown,unknown
13455,no,no,no
13456,no,no,no
13457,no,no,no
13458,unknown,yes,no
13459,no,yes,no
13460,no,no,no
13461,no,no,no
13462,unknown,no,no
13463,unknown,no,no
13464,no,yes,no
13465,no,yes,no
13466,unknown,yes,no
13467,unknown,yes,no
13468,no,no,no
13469,unknown,yes,no
13470,no,no,no
13471,no,yes,yes
13472,no,no,no
13473,no,no,no
13474,unknown,yes,no
13475,no,no,no
13476,no,yes,no
13477,no,no,no
13478,no,no,no
13479,no,yes,no
13480,unknown,no,no
13481,unknown,yes,no
13482,unknown,yes,no
13483,no,yes,no
13484,no,yes,no
13485,unknown,no,yes
13486,unknown,yes,no
13487,unknown,yes,no
13488,unknown,yes,yes
13489,unknown,yes,no
13490,no,no,no
13491,no,yes,no
13492,no,no,no
13493,no,no,no
13494,no,no,no
13495,unknown,yes,yes
13496,no,no,no
13497,no,yes,yes
13498,no,no,no
13499,no,yes,no
13500,no,yes,no
13501,no,yes,no
13502,no,yes,no
13503,no,yes,no
13504,no,yes,no
13505,no,yes,no
13506,no,yes,no
13507,no,no,yes
13508,no,yes,yes
13509,no,yes,no
13510,no,no,no
13511,no,yes,no
13512,unknown,yes,yes
13513,no,no,no
13514,no,unknown,unknown
13515,no,no,no
13516,no,no,no
13517,no,yes,no
13518,no,no,no
13519,no,yes,yes
13520,no,no,yes
13521,no,yes,no
13522,no,no,no
13523,unknown,yes,no
13524,unknown,no,no
13525,unknown,no,yes
13526,unknown,yes,no
13527,no,no,no
13528,unknown,yes,no
13529,unknown,yes,no
13530,unknown,yes,no
13531,unknown,no,no
13532,no,no,no
13533,no,yes,no
13534,unknown,no,no
13535,unknown,yes,no
13536,unknown,no,no
13537,unknown,yes,no
13538,unknown,yes,no
13539,no,no,no
13540,no,yes,no
13541,no,yes,no
13542,no,yes,no
13543,no,yes,no
13544,no,no,no
13545,no,no,no
13546,unknown,no,no
13547,unknown,yes,no
13548,no,no,no
13549,no,yes,no
13550,no,yes,no
13551,no,yes,no
13552,unknown,no,no
13553,no,yes,no
13554,no,yes,no
13555,no,yes,no
13556,no,no,no
13557,unknown,yes,no
13558,no,no,no
13559,no,no,no
13560,no,yes,no
13561,unknown,no,no
13562,no,no,no
13563,no,no,no
13564,no,no,no
13565,no,no,no
13566,no,yes,no
13567,no,yes,no
13568,no,yes,no
13569,no,no,no
13570,no,no,yes
13571,no,yes,no
13572,unknown,no,no
13573,unknown,no,no
13574,no,no,no
13575,no,no,no
13576,unknown,no,no
13577,no,no,no
13578,unknown,no,no
13579,no,yes,no
13580,no,yes,no
13581,no,no,no
13582,no,no,no
13583,no,no,no
13584,no,no,no
13585,no,no,no
13586,no,yes,no
13587,no,yes,no
13588,unknown,no,no
13589,unknown,no,no
13590,unknown,yes,no
13591,no,yes,no
13592,no,yes,yes
13593,unknown,yes,no
13594,unknown,yes,no
13595,unknown,no,no
13596,no,yes,no
13597,no,yes,no
13598,no,no,no
13599,no,no,no
13600,no,yes,no
13601,no,yes,no
13602,unknown,no,no
13603,no,no,no
13604,no,yes,no
13605,no,yes,no
13606,no,yes,yes
13607,no,no,no
13608,no,yes,no
13609,no,no,no
13610,no,no,no
13611,no,yes,no
13612,no,yes,no
13613,no,yes,no
13614,no,yes,no
13615,no,yes,no
13616,no,yes,no
13617,no,yes,no
13618,unknown,yes,no
13619,unknown,yes,no
13620,unknown,yes,no
13621,unknown,no,yes
13622,no,no,yes
13623,no,no,no
13624,no,no,no
13625,no,no,yes
13626,no,yes,no
13627,unknown,no,no
13628,no,no,yes
13629,unknown,no,yes
13630,no,yes,no
13631,no,no,no
13632,no,no,no
13633,no,yes,yes
13634,unknown,yes,yes
13635,no,yes,no
13636,unknown,no,no
13637,unknown,no,yes
13638,unknown,no,no
13639,no,yes,no
13640,no,no,no
13641,no,yes,no
13642,no,yes,no
13643,no,yes,no
13644,no,yes,no
13645,no,no,no
13646,no,no,no
13647,no,no,no
13648,no,no,no
13649,no,no,no
13650,no,no,no
13651,no,no,no
13652,no,yes,no
13653,no,no,no
13654,no,no,no
13655,no,no,no
13656,no,yes,no
13657,no,yes,no
13658,no,no,no
13659,no,yes,no
13660,no,yes,no
13661,no,yes,no
13662,no,yes,no
13663,no,yes,no
13664,no,yes,yes
13665,no,yes,no
13666,unknown,no,no
13667,no,no,no
13668,unknown,yes,no
13669,no,yes,no
13670,unknown,yes,no
13671,unknown,no,no
13672,unknown,yes,no
13673,no,yes,yes
13674,unknown,no,no
13675,unknown,yes,no
13676,no,no,no
13677,no,yes,no
13678,no,no,no
13679,no,yes,no
13680,unknown,yes,yes
13681,no,yes,no
13682,unknown,no,no
13683,unknown,yes,no
13684,unknown,no,no
13685,no,no,yes
13686,no,no,no
13687,no,yes,yes
13688,no,no,no
13689,no,yes,no
13690,no,no,no
13691,no,yes,no
13692,no,yes,no
13693,no,yes,no
13694,no,yes,no
13695,no,no,no
13696,unknown,yes,no
13697,no,no,no
13698,unknown,yes,yes
13699,no,yes,no
13700,no,no,no
13701,no,no,no
13702,no,no,no
13703,no,no,no
13704,unknown,no,no
13705,no,yes,no
13706,no,yes,no
13707,no,no,no
13708,no,yes,no
13709,no,yes,no
13710,no,yes,no
13711,no,no,no
13712,no,no,no
13713,no,yes,no
13714,no,unknown,unknown
13715,no,yes,no
13716,no,no,no
13717,unknown,no,no
13718,unknown,no,no
13719,no,no,no
13720,unknown,yes,no
13721,no,yes,no
13722,unknown,no,no
13723,no,yes,no
13724,unknown,yes,no
13725,no,yes,no
13726,no,no,no
13727,no,yes,no
13728,no,yes,no
13729,no,no,no
13730,unknown,no,no
13731,no,no,no
13732,no,yes,no
13733,unknown,no,no
13734,no,no,yes
13735,unknown,no,no
13736,no,no,no
13737,unknown,yes,no
13738,no,no,no
13739,no,yes,no
13740,no,yes,no
13741,unknown,yes,no
13742,unknown,no,no
13743,no,yes,no
13744,unknown,yes,no
13745,unknown,no,no
13746,no,yes,no
13747,no,no,no
13748,no,yes,no
13749,no,yes,no
13750,no,no,yes
13751,no,yes,no
13752,no,yes,yes
13753,no,no,no
13754,unknown,yes,no
13755,no,yes,no
13756,no,yes,no
13757,unknown,no,no
13758,no,yes,no
13759,no,yes,no
13760,unknown,yes,no
13761,no,yes,no
13762,no,yes,no
13763,no,yes,yes
13764,no,yes,no
13765,no,no,no
13766,no,no,no
13767,no,no,no
13768,no,yes,no
13769,no,yes,yes
13770,no,yes,no
13771,no,yes,yes
13772,unknown,no,no
13773,no,no,no
13774,no,no,yes
13775,no,yes,no
13776,no,yes,yes
13777,unknown,yes,no
13778,no,yes,no
13779,unknown,yes,no
13780,no,no,no
13781,unknown,yes,yes
13782,no,yes,no
13783,unknown,yes,no
13784,unknown,yes,yes
13785,no,no,no
13786,no,no,no
13787,no,yes,no
13788,no,no,no
13789,no,no,no
13790,unknown,no,no
13791,unknown,yes,no
13792,no,yes,no
13793,no,no,no
13794,no,yes,yes
13795,no,no,no
13796,no,unknown,unknown
13797,no,no,no
13798,no,yes,no
13799,no,no,no
13800,no,no,yes
13801,no,no,no
13802,no,no,yes
13803,no,no,no
13804,no,yes,yes
13805,no,no,no
13806,no,yes,no
13807,unknown,yes,no
13808,no,no,no
13809,no,no,no
13810,no,yes,no
13811,no,no,no
13812,no,yes,no
13813,no,yes,no
13814,no,yes,no
13815,no,yes,no
13816,no,no,no
13817,no,yes,no
13818,no,no,no
13819,unknown,yes,no
13820,unknown,no,yes
13821,no,no,no
13822,no,no,no
13823,unknown,no,no
13824,no,yes,no
13825,no,yes,yes
13826,no,yes,no
13827,unknown,no,no
13828,no,no,no
13829,unknown,yes,no
13830,unknown,yes,no
13831,unknown,yes,yes
13832,no,yes,no
13833,no,yes,no
13834,no,yes,no
13835,no,yes,no
13836,unknown,no,no
13837,unknown,yes,no
13838,no,yes,no
13839,no,yes,no
13840,no,no,no
13841,unknown,yes,no
13842,unknown,yes,yes
13843,unknown,no,no
13844,no,no,no
13845,unknown,yes,no
13846,no,no,no
13847,no,yes,no
13848,no,yes,no
13849,no,yes,no
13850,no,no,no
13851,no,unknown,unknown
13852,no,no,no
13853,no,yes,yes
13854,no,no,no
13855,no,no,no
13856,no,yes,yes
13857,no,unknown,unknown
13858,no,no,no
13859,unknown,yes,no
13860,unknown,no,no
13861,unknown,yes,yes
13862,unknown,no,no
13863,unknown,yes,no
13864,no,yes,no
13865,unknown,no,yes
13866,unknown,yes,no
13867,no,no,no
13868,no,no,no
13869,unknown,no,no
13870,unknown,no,no
13871,no,no,no
13872,no,yes,no
13873,no,no,no
13874,no,yes,no
13875,unknown,yes,yes
13876,no,yes,no
13877,no,no,no
13878,no,no,no
13879,no,yes,no
13880,no,no,no
13881,no,no,no
13882,no,no,yes
13883,unknown,yes,no
13884,no,no,no
13885,unknown,yes,no
13886,no,yes,no
13887,no,yes,no
13888,no,yes,no
13889,no,yes,no
13890,unknown,no,no
13891,no,yes,no
13892,no,yes,no
13893,unknown,yes,no
13894,no,yes,no
13895,no,no,yes
13896,no,no,no
13897,unknown,yes,no
13898,no,yes,no
13899,no,no,no
13900,no,yes,no
13901,no,yes,yes
13902,no,yes,no
13903,unknown,yes,no
13904,no,yes,no
13905,no,unknown,unknown
13906,no,yes,no
13907,unknown,yes,no
13908,unknown,yes,yes
13909,unknown,no,yes
13910,no,no,no
13911,no,no,no
13912,no,no,yes
13913,no,no,no
13914,no,yes,no
13915,no,no,no
13916,unknown,no,no
13917,no,no,no
13918,unknown,no,yes
13919,no,yes,no
13920,no,yes,no
13921,unknown,no,no
13922,unknown,yes,no
13923,no,yes,no
13924,unknown,no,no
13925,no,yes,no
13926,no,no,no
13927,no,yes,no
13928,no,no,no
13929,no,no,no
13930,no,no,no
13931,no,yes,no
13932,no,no,no
13933,unknown,no,no
13934,no,yes,no
13935,no,no,yes
13936,no,yes,no
13937,no,yes,no
13938,no,yes,no
13939,no,yes,no
13940,unknown,unknown,unknown
13941,unknown,no,no
13942,no,yes,no
13943,no,yes,no
13944,no,yes,yes
13945,no,no,yes
13946,unknown,yes,no
13947,no,no,yes
13948,no,yes,yes
13949,unknown,no,no
13950,no,no,no
13951,unknown,yes,yes
13952,unknown,yes,no
13953,no,yes,yes
13954,no,yes,yes
13955,unknown,no,yes
13956,no,yes,yes
13957,unknown,yes,no
13958,no,yes,no
13959,no,yes,no
13960,no,yes,no
13961,no,no,yes
13962,unknown,yes,no
13963,no,yes,no
13964,no,no,yes
13965,no,no,no
13966,no,no,no
13967,no,no,yes
13968,no,yes,no
13969,no,no,no
13970,no,yes,no
13971,no,yes,no
13972,unknown,no,no
13973,no,yes,no
13974,no,yes,no
13975,no,no,no
13976,no,no,no
13977,no,no,no
13978,no,no,no
13979,no,unknown,unknown
13980,unknown,unknown,unknown
13981,no,yes,no
13982,no,no,no
13983,no,yes,no
13984,no,yes,no
13985,unknown,no,no
13986,no,no,no
13987,no,yes,yes
13988,no,no,no
13989,no,no,no
13990,no,no,yes
13991,no,no,yes
13992,no,no,no
13993,no,no,no
13994,no,no,no
13995,no,yes,no
13996,no,no,no
13997,no,no,no
13998,unknown,no,no
13999,no,no,no
14000,no,no,no
14001,unknown,yes,yes
14002,no,yes,no
14003,no,yes,no
14004,unknown,no,no
14005,unknown,no,no
14006,no,no,no
14007,no,yes,no
14008,unknown,no,no
14009,no,yes,no
14010,unknown,yes,no
14011,no,yes,yes
14012,no,yes,no
14013,unknown,no,yes
14014,no,no,no
14015,unknown,no,no
14016,no,no,no
14017,no,no,no
14018,no,no,yes
14019,no,no,no
14020,no,no,no
14021,no,yes,no
14022,no,yes,no
14023,no,no,no
14024,no,no,no
14025,no,no,no
14026,no,no,no
14027,no,no,no
14028,no,no,no
14029,no,no,no
14030,no,no,no
14031,no,yes,no
14032,unknown,no,no
14033,no,no,no
14034,unknown,no,no
14035,unknown,no,no
14036,unknown,no,yes
14037,no,yes,no
14038,unknown,no,yes
14039,unknown,no,yes
14040,unknown,no,no
14041,no,yes,no
14042,no,yes,yes
14043,no,no,yes
14044,no,yes,no
14045,no,yes,yes
14046,no,yes,no
14047,no,yes,no
14048,no,yes,no
14049,no,yes,no
14050,no,no,no
14051,no,no,no
14052,no,no,no
14053,no,yes,no
14054,no,yes,yes
14055,no,no,no
14056,unknown,no,no
14057,no,yes,no
14058,no,no,no
14059,no,no,no
14060,no,no,no
14061,no,no,no
14062,unknown,no,no
14063,no,yes,no
14064,no,no,no
14065,unknown,yes,no
14066,no,no,yes
14067,no,yes,no
14068,no,no,no
14069,no,no,no
14070,no,no,no
14071,no,no,no
14072,no,no,no
14073,no,yes,no
14074,unknown,no,no
14075,unknown,no,no
14076,no,no,no
14077,no,yes,no
14078,no,no,no
14079,no,yes,yes
14080,no,yes,yes
14081,no,no,no
14082,no,yes,no
14083,no,yes,no
14084,unknown,no,no
14085,no,yes,no
14086,no,no,no
14087,no,yes,no
14088,unknown,no,no
14089,no,yes,no
14090,no,yes,no
14091,unknown,yes,no
14092,no,yes,yes
14093,no,yes,no
14094,no,no,no
14095,no,yes,no
14096,no,yes,yes
14097,no,no,no
14098,no,no,no
14099,no,no,no
14100,no,yes,no
14101,no,no,no
14102,no,yes,no
14103,no,yes,no
14104,no,yes,no
14105,unknown,yes,no
14106,no,no,no
14107,no,no,no
14108,no,no,no
14109,no,yes,no
14110,unknown,no,no
14111,no,no,no
14112,no,yes,no
14113,unknown,yes,yes
14114,no,no,yes
14115,no,yes,no
14116,no,no,yes
14117,no,yes,yes
14118,no,yes,no
14119,no,no,yes
14120,no,yes,yes
14121,no,no,no
14122,unknown,unknown,unknown
14123,no,no,no
14124,no,yes,no
14125,no,no,no
14126,no,yes,no
14127,no,no,no
14128,no,no,no
14129,unknown,no,no
14130,no,yes,no
14131,no,yes,yes
14132,no,no,no
14133,no,no,no
14134,no,yes,no
14135,no,yes,no
14136,no,no,no
14137,no,yes,yes
14138,no,yes,no
14139,no,yes,yes
14140,no,yes,no
14141,no,yes,no
14142,unknown,yes,no
14143,no,no,no
14144,no,yes,no
14145,no,yes,no
14146,no,yes,no
14147,unknown,yes,no
14148,no,yes,yes
14149,no,no,yes
14150,unknown,no,yes
14151,no,no,yes
14152,no,no,no
14153,no,yes,no
14154,no,yes,no
14155,no,no,no
14156,no,no,no
14157,no,no,no
14158,no,yes,no
14159,unknown,yes,no
14160,unknown,no,no
14161,no,no,no
14162,no,unknown,unknown
14163,no,no,no
14164,no,yes,no
14165,no,unknown,unknown
14166,no,yes,no
14167,no,no,no
14168,no,no,no
14169,no,no,no
14170,unknown,yes,no
14171,no,yes,yes
14172,no,no,no
14173,no,no,no
14174,no,yes,no
14175,no,no,no
14176,no,no,yes
14177,no,yes,no
14178,unknown,yes,no
14179,no,no,no
14180,no,no,no
14181,no,yes,yes
14182,unknown,no,no
14183,unknown,yes,no
14184,no,yes,no
14185,no,yes,yes
14186,no,yes,yes
14187,unknown,yes,yes
14188,no,no,no
14189,no,yes,no
14190,no,yes,yes
14191,no,yes,no
14192,no,no,no
14193,no,unknown,unknown
14194,no,no,no
14195,no,no,yes
14196,no,yes,no
14197,no,yes,yes
14198,no,no,no
14199,unknown,yes,no
14200,no,no,no
14201,no,yes,no
14202,no,no,no
14203,no,no,no
14204,no,yes,no
14205,unknown,yes,yes
14206,no,yes,no
14207,no,yes,no
14208,unknown,yes,no
14209,no,no,no
14210,no,yes,no
14211,no,yes,no
14212,no,yes,no
14213,no,no,no
14214,no,no,yes
14215,no,yes,no
14216,no,yes,no
14217,no,yes,yes
14218,no,yes,no
14219,no,yes,no
14220,no,yes,no
14221,no,yes,no
14222,no,no,no
14223,no,yes,no
14224,unknown,yes,no
14225,no,yes,no
14226,no,yes,no
14227,no,no,no
14228,no,yes,no
14229,unknown,yes,no
14230,unknown,no,no
14231,no,yes,no
14232,no,yes,no
14233,no,yes,no
14234,no,yes,no
14235,no,no,no
14236,no,yes,no
14237,no,yes,no
14238,no,yes,yes
14239,no,no,no
14240,unknown,yes,no
14241,no,unknown,unknown
14242,no,yes,no
14243,no,yes,no
14244,no,yes,no
14245,no,no,no
14246,no,no,no
14247,no,yes,no
14248,no,no,yes
14249,no,yes,no
14250,unknown,yes,no
14251,no,yes,no
14252,no,yes,no
14253,unknown,yes,no
14254,no,no,no
14255,no,yes,no
14256,no,yes,no
14257,no,yes,no
14258,unknown,yes,no
14259,unknown,yes,no
14260,no,yes,yes
14261,no,yes,no
14262,no,yes,no
14263,no,no,no
14264,no,yes,no
14265,no,no,no
14266,unknown,yes,yes
14267,no,yes,no
14268,no,no,yes
14269,no,no,no
14270,no,no,no
14271,no,yes,no
14272,unknown,no,no
14273,no,yes,no
14274,no,yes,no
14275,unknown,no,no
14276,unknown,yes,no
14277,no,no,yes
14278,no,no,no
14279,no,yes,yes
14280,no,no,no
14281,unknown,yes,yes
14282,no,no,no
14283,unknown,yes,no
14284,unknown,yes,no
14285,no,yes,no
14286,no,no,no
14287,unknown,yes,no
14288,no,yes,no
14289,no,yes,no
14290,no,no,no
14291,no,no,no
14292,unknown,yes,no
14293,unknown,yes,no
14294,no,yes,no
14295,no,yes,no
14296,no,no,no
14297,no,no,no
14298,no,no,no
14299,no,yes,yes
14300,unknown,no,no
14301,no,yes,no
14302,no,yes,no
14303,no,yes,no
14304,no,no,no
14305,no,yes,no
14306,no,no,no
14307,no,yes,no
14308,unknown,no,no
14309,no,yes,no
14310,unknown,yes,no
14311,no,yes,yes
14312,no,yes,yes
14313,no,yes,no
14314,no,yes,yes
14315,no,yes,yes
14316,unknown,no,yes
14317,unknown,yes,yes
14318,unknown,yes,yes
14319,no,yes,no
14320,no,yes,yes
14321,no,no,no
14322,no,no,yes
14323,no,yes,no
14324,no,yes,no
14325,unknown,yes,no
14326,no,no,no
14327,no,yes,no
14328,no,yes,no
14329,no,yes,no
14330,unknown,no,no
14331,no,no,yes
14332,unknown,yes,no
14333,no,yes,no
14334,no,no,yes
14335,no,yes,no
14336,no,yes,no
14337,no,yes,no
14338,unknown,yes,yes
14339,no,yes,yes
14340,no,no,no
14341,no,yes,no
14342,no,no,no
14343,no,no,no
14344,unknown,no,no
14345,no,no,no
14346,unknown,no,no
14347,no,yes,no
14348,no,no,yes
14349,no,unknown,unknown
14350,no,no,yes
14351,no,yes,no
14352,no,no,no
14353,no,no,no
14354,no,no,no
14355,no,no,no
14356,no,yes,yes
14357,no,no,no
14358,no,yes,no
14359,no,no,no
14360,unknown,no,no
14361,unknown,no,yes
14362,no,yes,no
14363,unknown,yes,no
14364,no,yes,yes
14365,no,yes,no
14366,no,yes,no
14367,no,yes,no
14368,no,no,no
14369,no,no,no
14370,no,yes,no
14371,no,yes,no
14372,no,yes,no
14373,no,yes,yes
14374,no,yes,no
14375,no,yes,no
14376,no,no,no
14377,no,yes,no
14378,no,yes,no
14379,no,no,no
14380,no,yes,no
14381,no,no,no
14382,no,yes,yes
14383,no,yes,yes
14384,unknown,no,yes
14385,no,yes,no
14386,no,no,no
14387,no,no,no
14388,no,no,no
14389,no,yes,no
14390,no,yes,no
14391,no,no,no
14392,unknown,no,yes
14393,no,no,yes
14394,unknown,no,no
14395,unknown,yes,no
14396,unknown,no,no
14397,no,no,no
14398,no,no,no
14399,unknown,no,no
14400,no,no,no
14401,no,yes,no
14402,unknown,yes,no
14403,no,unknown,unknown
14404,no,yes,no
14405,unknown,yes,no
14406,no,yes,no
14407,no,no,no
14408,no,no,no
14409,no,yes,yes
14410,no,no,no
14411,no,no,no
14412,no,no,no
14413,unknown,yes,no
14414,unknown,yes,no
14415,no,no,no
14416,no,yes,no
14417,unknown,yes,no
14418,no,no,no
14419,unknown,yes,yes
14420,unknown,yes,yes
14421,no,yes,no
14422,unknown,yes,no
14423,no,unknown,unknown
14424,unknown,no,no
14425,no,no,no
14426,unknown,yes,no
14427,unknown,yes,yes
14428,no,yes,no
14429,unknown,no,no
14430,no,yes,no
14431,no,no,no
14432,no,no,no
14433,unknown,no,no
14434,no,yes,no
14435,no,yes,no
14436,no,no,no
14437,no,no,no
14438,unknown,no,no
14439,no,no,no
14440,no,yes,no
14441,no,no,no
14442,no,no,no
14443,no,yes,no
14444,no,yes,no
14445,unknown,yes,no
14446,no,yes,no
14447,no,yes,no
14448,no,no,no
14449,no,no,no
14450,unknown,no,no
14451,no,no,no
14452,no,yes,no
14453,unknown,no,no
14454,no,unknown,unknown
14455,unknown,unknown,unknown
14456,no,no,no
14457,no,yes,no
14458,no,yes,no
14459,no,yes,no
14460,unknown,yes,no
14461,no,no,yes
14462,unknown,no,no
14463,unknown,yes,no
14464,no,no,no
14465,no,yes,yes
14466,no,no,no
14467,no,yes,yes
14468,unknown,yes,no
14469,unknown,yes,yes
14470,no,no,yes
14471,no,yes,no
14472,no,no,yes
14473,unknown,yes,no
14474,no,yes,no
14475,unknown,no,no
14476,no,no,no
14477,unknown,yes,no
14478,unknown,no,no
14479,no,yes,no
14480,no,yes,yes
14481,no,yes,no
14482,no,no,no
14483,no,yes,no
14484,unknown,no,no
14485,no,yes,yes
14486,no,yes,no
14487,no,no,no
14488,no,yes,no
14489,unknown,yes,yes
14490,no,no,yes
14491,no,no,no
14492,no,yes,no
14493,no,no,no
14494,no,no,no
14495,unknown,no,no
14496,no,yes,yes
14497,no,yes,no
14498,unknown,yes,no
14499,no,yes,no
14500,unknown,no,no
14501,no,no,yes
14502,no,yes,no
14503,no,no,no
14504,no,no,no
14505,no,yes,no
14506,no,no,no
14507,no,no,no
14508,no,no,no
14509,unknown,no,no
14510,unknown,no,no
14511,no,yes,no
14512,unknown,no,no
14513,unknown,no,no
14514,unknown,yes,no
14515,no,yes,no
14516,no,unknown,unknown
14517,no,no,no
14518,unknown,yes,no
14519,unknown,no,no
14520,no,yes,no
14521,no,yes,no
14522,no,no,no
14523,unknown,yes,no
14524,unknown,yes,no
14525,no,yes,no
14526,unknown,yes,no
14527,unknown,yes,no
14528,no,yes,no
14529,unknown,yes,yes
14530,no,no,no
14531,unknown,yes,no
14532,no,yes,yes
14533,no,no,no
14534,no,no,yes
14535,no,no,no
14536,unknown,no,no
14537,unknown,no,yes
14538,no,no,yes
14539,no,yes,no
14540,no,no,yes
14541,no,no,no
14542,no,no,no
14543,no,no,no
14544,no,yes,no
14545,no,yes,no
14546,no,yes,no
14547,unknown,yes,no
14548,no,yes,no
14549,no,yes,no
14550,no,no,no
14551,no,yes,no
14552,no,yes,no
14553,no,yes,no
14554,unknown,no,no
14555,no,no,no
14556,no,yes,yes
14557,unknown,yes,no
14558,no,unknown,unknown
14559,unknown,yes,no
14560,unknown,no,no
14561,no,yes,no
14562,unknown,unknown,unknown
14563,no,no,no
14564,unknown,yes,no
14565,unknown,yes,no
14566,no,no,no
14567,no,yes,no
14568,no,yes,no
14569,no,yes,no
14570,unknown,yes,yes
14571,no,no,no
14572,no,no,no
14573,no,yes,no
14574,no,no,yes
14575,unknown,yes,no
14576,unknown,yes,no
14577,no,no,no
14578,no,yes,no
14579,unknown,yes,yes
14580,no,no,no
14581,no,yes,no
14582,no,yes,no
14583,no,no,no
14584,no,no,no
14585,no,yes,no
14586,no,no,yes
14587,no,yes,no
14588,no,no,yes
14589,no,yes,no
14590,unknown,yes,no
14591,no,no,no
14592,unknown,yes,no
14593,unknown,no,no
14594,no,yes,no
14595,unknown,yes,yes
14596,no,no,yes
14597,no,yes,no
14598,no,no,no
14599,no,no,yes
14600,no,yes,no
14601,no,yes,no
14602,no,no,yes
14603,no,yes,no
14604,unknown,yes,no
14605,no,yes,no
14606,no,yes,no
14607,no,yes,no
14608,no,no,yes
14609,unknown,yes,no
14610,no,no,no
14611,no,no,no
14612,no,yes,no
14613,unknown,no,no
14614,no,no,no
14615,no,no,no
14616,no,yes,yes
14617,no,no,no
14618,no,yes,yes
14619,no,yes,no
14620,no,yes,no
14621,no,no,no
14622,unknown,no,no
14623,no,no,no
14624,no,yes,no
14625,no,yes,no
14626,no,yes,no
14627,unknown,yes,yes
14628,no,no,no
14629,no,no,no
14630,unknown,yes,no
14631,no,no,no
14632,no,yes,no
14633,no,yes,no
14634,no,yes,no
14635,no,no,yes
14636,no,yes,no
14637,no,no,no
14638,no,no,yes
14639,no,no,no
14640,no,no,yes
14641,no,yes,no
14642,unknown,yes,no
14643,no,yes,no
14644,no,no,no
14645,no,no,no
14646,no,no,no
14647,no,no,no
14648,no,yes,no
14649,no,yes,no
14650,no,yes,no
14651,unknown,no,no
14652,no,no,yes
14653,no,yes,no
14654,unknown,yes,no
14655,unknown,no,no
14656,unknown,no,no
14657,no,no,no
14658,unknown,yes,no
14659,no,no,no
14660,no,no,yes
14661,unknown,no,no
14662,no,yes,no
14663,unknown,yes,yes
14664,no,no,no
14665,no,yes,no
14666,no,no,no
14667,no,yes,no
14668,unknown,yes,yes
14669,no,yes,no
14670,no,no,no
14671,no,yes,no
14672,no,no,no
14673,unknown,no,no
14674,no,yes,no
14675,no,yes,no
14676,no,unknown,unknown
14677,no,unknown,unknown
14678,no,no,no
14679,unknown,no,no
14680,no,no,no
14681,unknown,yes,no
14682,no,no,no
14683,no,yes,no
14684,no,yes,no
14685,no,no,no
14686,unknown,yes,no
14687,unknown,no,no
14688,no,no,no
14689,unknown,no,yes
14690,no,yes,no
14691,no,no,no
14692,unknown,yes,no
14693,no,unknown,unknown
14694,unknown,no,no
14695,no,yes,no
14696,no,yes,no
14697,unknown,no,yes
14698,no,yes,no
14699,no,no,no
14700,no,no,no
14701,no,no,yes
14702,no,yes,no
14703,no,yes,no
14704,no,no,no
14705,no,no,no
14706,unknown,yes,no
14707,unknown,yes,no
14708,no,yes,no
14709,no,yes,no
14710,unknown,yes,no
14711,no,yes,no
14712,unknown,no,no
14713,no,no,no
14714,unknown,no,no
14715,unknown,no,yes
14716,no,no,no
14717,no,yes,no
14718,no,yes,no
14719,unknown,yes,no
14720,no,yes,no
14721,no,yes,no
14722,no,no,no
14723,no,yes,no
14724,no,no,no
14725,no,no,no
14726,unknown,yes,no
14727,no,yes,no
14728,no,yes,no
14729,unknown,yes,no
14730,unknown,no,no
14731,no,yes,no
14732,no,no,yes
14733,no,no,no
14734,no,no,no
14735,no,unknown,unknown
14736,no,yes,no
14737,no,yes,no
14738,unknown,yes,yes
14739,no,no,no
14740,unknown,yes,no
14741,no,no,no
14742,no,no,no
14743,no,yes,no
14744,no,no,no
14745,unknown,no,no
14746,no,no,no
14747,no,unknown,unknown
14748,no,yes,no
14749,unknown,no,no
14750,unknown,no,no
14751,unknown,yes,no
14752,unknown,yes,no
14753,no,yes,yes
14754,no,yes,no
14755,unknown,no,no
14756,unknown,no,no
14757,no,yes,no
14758,unknown,yes,no
14759,no,no,no
14760,unknown,no,no
14761,no,no,no
14762,unknown,yes,no
14763,no,yes,no
14764,no,yes,yes
14765,unknown,yes,no
14766,unknown,no,no
14767,unknown,yes,no
14768,no,no,no
14769,no,no,no
14770,no,yes,no
14771,no,yes,no
14772,unknown,no,no
14773,unknown,no,no
14774,no,no,no
14775,no,yes,no
14776,no,yes,no
14777,no,no,no
14778,unknown,no,no
14779,no,yes,no
14780,unknown,yes,no
14781,unknown,yes,no
14782,unknown,no,no
14783,no,yes,no
14784,unknown,no,no
14785,no,yes,no
14786,no,no,no
14787,unknown,no,no
14788,unknown,no,no
14789,no,yes,yes
14790,no,yes,no
14791,no,yes,yes
14792,no,yes,no
14793,no,yes,no
14794,unknown,no,no
14795,no,yes,yes
14796,no,no,no
14797,unknown,no,no
14798,no,no,no
14799,unknown,no,no
14800,unknown,no,no
14801,no,yes,no
14802,no,no,no
14803,no,no,yes
14804,no,yes,no
14805,no,yes,no
14806,no,yes,no
14807,no,no,no
14808,no,yes,yes
14809,unknown,no,no
14810,no,no,no
14811,no,yes,no
14812,no,no,no
14813,unknown,yes,no
14814,no,yes,no
14815,no,yes,no
14816,no,no,no
14817,no,no,no
14818,no,yes,no
14819,unknown,yes,no
14820,unknown,no,yes
14821,unknown,yes,no
14822,no,yes,no
14823,no,yes,no
14824,no,yes,no
14825,no,yes,no
14826,no,yes,no
14827,unknown,yes,no
14828,no,yes,no
14829,no,no,no
14830,no,no,no
14831,no,no,no
14832,no,yes,no
14833,no,yes,no
14834,no,no,no
14835,no,yes,no
14836,no,yes,no
14837,no,yes,no
14838,no,yes,no
14839,no,yes,no
14840,no,no,no
14841,no,yes,no
14842,no,yes,no
14843,no,no,no
14844,no,yes,no
14845,no,yes,yes
14846,no,yes,no
14847,no,yes,no
14848,no,no,no
14849,no,no,no
14850,no,no,no
14851,no,yes,yes
14852,no,yes,no
14853,no,yes,no
14854,no,yes,no
14855,no,unknown,unknown
14856,no,yes,no
14857,unknown,yes,no
14858,no,yes,no
14859,no,yes,no
14860,no,yes,no
14861,no,no,no
14862,no,yes,no
14863,no,yes,no
14864,no,yes,no
14865,no,no,no
14866,no,yes,no
14867,no,yes,no
14868,unknown,no,no
14869,unknown,yes,no
14870,no,yes,yes
14871,no,yes,no
14872,no,yes,yes
14873,no,yes,no
14874,no,yes,no
14875,no,no,no
14876,unknown,yes,no
14877,unknown,yes,no
14878,no,no,no
14879,no,no,no
14880,unknown,yes,no
14881,no,no,no
14882,no,no,no
14883,no,yes,no
14884,no,yes,no
14885,no,yes,no
14886,no,no,no
14887,no,no,no
14888,no,no,no
14889,unknown,yes,no
14890,unknown,yes,no
14891,unknown,no,no
14892,unknown,no,no
14893,no,yes,no
14894,no,yes,no
14895,unknown,yes,no
14896,no,yes,no
14897,no,yes,no
14898,no,yes,no
14899,unknown,no,no
14900,no,yes,no
14901,no,no,no
14902,unknown,yes,yes
14903,no,yes,no
14904,no,no,no
14905,no,no,no
14906,no,no,no
14907,unknown,no,no
14908,no,no,no
14909,unknown,no,no
14910,no,no,no
14911,unknown,no,no
14912,unknown,no,no
14913,no,no,no
14914,no,no,no
14915,no,unknown,unknown
14916,no,yes,no
14917,unknown,no,no
14918,no,yes,no
14919,unknown,yes,no
14920,no,yes,yes
14921,unknown,yes,no
14922,unknown,no,no
14923,no,yes,no
14924,no,no,no
14925,no,no,no
14926,no,yes,no
14927,no,no,no
14928,no,no,no
14929,unknown,yes,no
14930,unknown,no,no
14931,unknown,yes,no
14932,no,no,no
14933,no,yes,no
14934,no,yes,no
14935,unknown,yes,no
14936,no,no,no
14937,no,yes,no
14938,unknown,no,yes
14939,unknown,no,no
14940,no,yes,no
14941,unknown,yes,no
14942,no,no,no
14943,unknown,yes,no
14944,no,no,no
14945,no,no,no
14946,no,yes,no
14947,no,no,yes
14948,no,no,no
14949,no,no,no
14950,no,yes,no
14951,no,yes,yes
14952,no,no,yes
14953,no,no,no
14954,no,no,no
14955,no,no,no
14956,no,yes,no
14957,no,yes,no
14958,no,no,no
14959,no,no,no
14960,no,no,no
14961,no,no,yes
14962,no,no,yes
14963,unknown,no,no
14964,no,no,no
14965,no,no,yes
14966,unknown,no,no
14967,no,yes,no
14968,no,yes,no
14969,no,yes,yes
14970,no,no,no
14971,unknown,no,no
14972,no,no,no
14973,no,no,no
14974,no,yes,no
14975,unknown,yes,no
14976,no,no,no
14977,no,no,no
14978,no,yes,no
14979,no,no,no
14980,no,yes,no
14981,no,no,yes
14982,no,no,no
14983,no,yes,no
14984,no,yes,no
14985,unknown,yes,no
14986,no,no,no
14987,no,no,no
14988,unknown,no,no
14989,unknown,yes,no
14990,no,no,no
14991,no,no,no
14992,no,no,no
14993,no,yes,no
14994,no,yes,yes
14995,no,yes,no
14996,unknown,yes,no
14997,unknown,yes,no
14998,no,yes,no
14999,no,yes,no
15000,no,no,no
15001,no,yes,no
15002,no,yes,no
15003,no,no,no
15004,unknown,yes,no
15005,no,no,no
15006,no,yes,no
15007,no,no,no
15008,no,yes,no
15009,no,yes,yes
15010,unknown,yes,no
15011,no,no,no
15012,no,yes,no
15013,no,no,yes
15014,no,yes,yes
15015,no,yes,yes
15016,unknown,yes,yes
15017,no,yes,no
15018,no,no,no
15019,no,no,yes
15020,no,yes,no
15021,unknown,yes,no
15022,unknown,yes,no
15023,no,no,yes
15024,no,yes,no
15025,no,yes,no
15026,unknown,yes,no
15027,unknown,no,no
15028,no,yes,no
15029,no,yes,yes
15030,no,no,no
15031,no,no,no
15032,no,no,no
15033,no,yes,no
15034,unknown,no,no
15035,no,no,no
15036,unknown,yes,yes
15037,no,no,no
15038,no,yes,no
15039,no,no,no
15040,no,no,no
15041,no,yes,no
15042,no,yes,yes
15043,no,no,no
15044,no,yes,no
15045,no,no,no
15046,no,yes,no
15047,no,yes,no
15048,no,yes,no
15049,no,no,no
15050,no,no,no
15051,no,yes,no
15052,no,yes,no
15053,no,yes,no
15054,no,yes,no
15055,no,yes,no
15056,no,no,no
15057,no,no,no
15058,no,yes,no
15059,no,yes,no
15060,no,yes,no
15061,no,yes,no
15062,no,yes,no
15063,no,no,no
15064,no,yes,no
15065,unknown,yes,no
15066,no,unknown,unknown
15067,no,yes,no
15068,no,yes,no
15069,no,yes,no
15070,no,yes,no
15071,no,yes,no
15072,no,no,no
15073,unknown,yes,no
15074,unknown,yes,no
15075,no,no,no
15076,unknown,yes,no
15077,unknown,yes,no
15078,unknown,yes,no
15079,no,yes,no
15080,no,yes,no
15081,no,yes,no
15082,unknown,no,no
15083,unknown,no,no
15084,no,yes,no
15085,unknown,yes,no
15086,no,yes,no
15087,no,unknown,unknown
15088,unknown,no,no
15089,no,yes,yes
15090,no,yes,no
15091,no,no,no
15092,unknown,yes,no
15093,no,yes,no
15094,no,yes,no
15095,unknown,no,no
15096,no,yes,no
15097,unknown,no,no
15098,no,no,no
15099,no,yes,no
15100,no,yes,yes
15101,unknown,no,no
15102,unknown,no,no
15103,unknown,yes,no
15104,no,yes,no
15105,no,yes,no
15106,unknown,unknown,unknown
15107,unknown,yes,no
15108,no,no,yes
15109,no,no,no
15110,unknown,yes,no
15111,no,no,yes
15112,unknown,yes,yes
15113,unknown,yes,no
15114,unknown,yes,no
15115,no,yes,no
15116,no,yes,no
15117,no,yes,yes
15118,no,yes,no
15119,no,no,no
15120,no,no,yes
15121,no,yes,no
15122,no,yes,yes
15123,no,yes,yes
15124,no,yes,no
15125,unknown,yes,yes
15126,no,yes,yes
15127,no,no,no
15128,no,yes,no
15129,no,no,no
15130,no,yes,yes
15131,no,no,no
15132,no,yes,no
15133,no,yes,no
15134,no,yes,yes
15135,no,yes,no
15136,unknown,yes,no
15137,no,no,no
15138,no,yes,no
15139,no,unknown,unknown
15140,no,yes,no
15141,unknown,yes,no
15142,unknown,yes,no
15143,no,yes,no
15144,unknown,yes,yes
15145,no,no,no
15146,no,no,yes
15147,no,no,no
15148,unknown,no,yes
15149,no,yes,no
15150,unknown,no,no
15151,no,no,no
15152,no,yes,no
15153,unknown,no,no
15154,no,no,no
15155,no,yes,no
15156,no,no,yes
15157,no,yes,no
15158,no,no,no
15159,unknown,no,no
15160,no,yes,yes
15161,no,no,no
15162,no,no,no
15163,unknown,yes,no
15164,no,yes,no
15165,no,yes,no
15166,no,no,no
15167,no,no,no
15168,unknown,yes,no
15169,no,yes,yes
15170,no,yes,no
15171,unknown,yes,no
15172,no,yes,no
15173,unknown,yes,no
15174,no,yes,yes
15175,unknown,yes,yes
15176,no,no,no
15177,no,no,no
15178,unknown,no,no
15179,no,unknown,unknown
15180,no,yes,yes
15181,unknown,yes,no
15182,no,yes,no
15183,no,yes,no
15184,unknown,yes,no
15185,no,yes,yes
15186,no,no,yes
15187,unknown,yes,no
15188,no,no,no
15189,no,no,no
15190,no,no,no
15191,unknown,yes,no
15192,no,yes,no
15193,no,no,no
15194,unknown,no,no
15195,no,no,yes
15196,no,yes,no
15197,no,no,no
15198,no,yes,no
15199,unknown,no,yes
15200,unknown,no,no
15201,unknown,yes,no
15202,no,yes,no
15203,no,no,yes
15204,no,no,no
15205,no,yes,no
15206,unknown,no,no
15207,no,no,yes
15208,no,yes,no
15209,no,yes,no
15210,no,no,no
15211,no,yes,yes
15212,no,no,no
15213,unknown,yes,no
15214,no,yes,no
15215,no,yes,no
15216,no,no,no
15217,no,yes,no
15218,no,no,no
15219,no,no,no
15220,no,no,yes
15221,unknown,yes,no
15222,unknown,no,no
15223,unknown,yes,no
15224,unknown,no,no
15225,no,yes,no
15226,no,yes,no
15227,unknown,no,no
15228,no,no,no
15229,no,no,no
15230,unknown,no,no
15231,no,no,no
15232,unknown,no,no
15233,unknown,yes,no
15234,unknown,no,no
15235,unknown,yes,no
15236,unknown,yes,no
15237,no,yes,no
15238,no,yes,no
15239,no,no,no
15240,no,yes,no
15241,unknown,no,no
15242,unknown,yes,no
15243,unknown,yes,no
15244,unknown,yes,no
15245,no,no,no
15246,no,no,no
15247,no,yes,no
15248,no,no,no
15249,no,no,no
15250,no,no,no
15251,no,no,no
15252,no,no,yes
15253,no,no,no
15254,unknown,no,no
15255,no,no,no
15256,no,yes,no
15257,no,no,no
15258,unknown,yes,no
15259,no,yes,no
15260,no,yes,no
15261,no,yes,no
15262,no,yes,no
15263,unknown,yes,no
15264,unknown,no,no
15265,no,no,no
15266,unknown,yes,yes
15267,no,no,no
15268,no,yes,no
15269,no,yes,no
15270,no,no,no
15271,no,no,no
15272,unknown,no,no
15273,no,no,no
15274,unknown,yes,no
15275,no,yes,no
15276,no,yes,no
15277,unknown,no,no
15278,no,yes,no
15279,no,no,no
15280,no,yes,no
15281,unknown,no,no
15282,unknown,yes,no
15283,no,no,no
15284,unknown,no,no
15285,unknown,yes,no
15286,unknown,yes,no
15287,no,yes,no
15288,no,no,no
15289,no,yes,no
15290,no,no,no
15291,no,no,no
15292,no,no,no
15293,no,yes,no
15294,no,no,no
15295,no,no,no
15296,no,no,no
15297,unknown,no,no
15298,no,no,no
15299,no,no,no
15300,no,no,no
15301,no,no,no
15302,unknown,no,yes
15303,no,no,no
15304,no,yes,no
15305,no,yes,no
15306,no,yes,no
15307,no,no,yes
15308,no,no,no
15309,no,yes,no
15310,no,no,yes
15311,no,no,no
15312,no,yes,no
15313,no,yes,no
15314,no,no,no
15315,no,no,no
15316,unknown,no,no
15317,no,no,no
15318,no,no,yes
15319,no,yes,no
15320,no,yes,yes
15321,no,yes,no
15322,no,no,yes
15323,unknown,yes,no
15324,no,no,no
15325,no,no,no
15326,no,yes,no
15327,no,no,no
15328,no,yes,no
15329,unknown,no,no
15330,no,yes,no
15331,unknown,yes,yes
15332,no,yes,yes
15333,no,no,no
15334,unknown,no,no
15335,no,no,no
15336,no,no,no
15337,no,no,yes
15338,no,no,no
15339,no,yes,yes
15340,unknown,yes,yes
15341,no,yes,no
15342,no,no,no
15343,no,yes,no
15344,no,yes,no
15345,unknown,no,no
15346,unknown,yes,no
15347,no,yes,no
15348,no,no,no
15349,no,no,yes
15350,no,no,no
15351,unknown,no,no
15352,no,yes,no
15353,no,unknown,unknown
15354,no,no,no
15355,unknown,yes,no
15356,unknown,unknown,unknown
15357,unknown,no,no
15358,no,no,no
15359,unknown,no,no
15360,no,yes,no
15361,no,no,no
15362,no,yes,no
15363,no,yes,no
15364,no,no,no
15365,no,yes,no
15366,unknown,yes,no
15367,no,yes,yes
15368,no,yes,no
15369,no,no,no
15370,no,yes,no
15371,no,no,no
15372,no,no,no
15373,no,yes,no
15374,no,no,no
15375,no,no,no
15376,no,yes,no
15377,no,yes,no
15378,no,yes,no
15379,no,no,yes
15380,no,no,no
15381,unknown,no,no
15382,unknown,no,no
15383,no,yes,no
15384,unknown,yes,no
15385,no,yes,no
15386,no,yes,no
15387,no,no,no
15388,unknown,yes,no
15389,no,no,no
15390,no,yes,no
15391,unknown,yes,yes
15392,no,yes,no
15393,no,no,no
15394,no,no,no
15395,no,yes,no
15396,no,no,no
15397,no,yes,no
15398,unknown,yes,no
15399,no,yes,no
15400,unknown,yes,no
15401,no,no,no
15402,no,no,yes
15403,no,no,no
15404,unknown,no,yes
15405,unknown,no,no
15406,no,unknown,unknown
15407,no,yes,no
15408,no,yes,no
15409,no,no,no
15410,no,no,no
15411,no,no,no
15412,no,yes,no
15413,no,yes,no
15414,no,unknown,unknown
15415,no,yes,no
15416,no,no,no
15417,no,yes,no
15418,no,yes,no
15419,unknown,no,no
15420,no,no,no
15421,no,yes,no
15422,no,yes,no
15423,unknown,yes,yes
15424,no,yes,no
15425,unknown,yes,no
15426,no,no,no
15427,no,yes,no
15428,no,no,no
15429,no,no,no
15430,no,no,no
15431,no,no,no
15432,no,no,no
15433,no,no,no
15434,no,yes,no
15435,unknown,no,no
15436,unknown,yes,no
15437,no,yes,no
15438,unknown,no,no
15439,no,yes,no
15440,no,yes,no
15441,no,yes,no
15442,no,yes,yes
15443,no,no,yes
15444,unknown,yes,no
15445,no,no,no
15446,no,yes,no
15447,unknown,no,no
15448,no,yes,no
15449,unknown,yes,no
15450,no,yes,no
15451,no,yes,no
15452,no,no,no
15453,unknown,no,no
15454,no,no,no
15455,no,no,no
15456,no,yes,no
15457,unknown,yes,no
15458,no,yes,no
15459,no,no,no
15460,no,yes,no
15461,unknown,no,no
15462,no,yes,no
15463,no,yes,no
15464,unknown,yes,yes
15465,no,yes,no
15466,no,yes,yes
15467,no,yes,no
15468,no,yes,no
15469,no,yes,no
15470,unknown,yes,no
15471,unknown,yes,no
15472,no,no,no
15473,no,no,no
15474,unknown,no,no
15475,unknown,no,no
15476,unknown,yes,no
15477,no,no,no
15478,no,yes,no
15479,no,yes,no
15480,unknown,yes,no
15481,no,yes,no
15482,no,yes,no
15483,no,yes,no
15484,no,yes,no
15485,no,no,no
15486,no,yes,no
15487,no,no,no
15488,no,yes,no
15489,no,yes,no
15490,no,yes,no
15491,no,yes,no
15492,unknown,yes,no
15493,no,no,no
15494,no,no,no
15495,unknown,yes,no
15496,unknown,no,no
15497,unknown,no,no
15498,no,yes,no
15499,no,no,no
15500,no,yes,no
15501,no,yes,no
15502,no,yes,no
15503,unknown,yes,no
15504,unknown,yes,no
15505,no,yes,no
15506,no,no,no
15507,no,yes,no
15508,no,yes,no
15509,no,no,no
15510,no,no,no
15511,unknown,no,no
15512,no,no,yes
15513,no,yes,no
15514,no,yes,no
15515,no,no,yes
15516,no,no,no
15517,no,no,yes
15518,no,no,no
15519,no,no,no
15520,no,yes,no
15521,no,yes,no
15522,no,yes,yes
15523,no,no,no
15524,no,yes,no
15525,no,yes,no
15526,unknown,yes,no
15527,no,no,no
15528,unknown,yes,no
15529,unknown,yes,no
15530,unknown,yes,no
15531,unknown,yes,no
15532,no,yes,no
15533,unknown,no,no
15534,no,yes,no
15535,no,no,yes
15536,no,no,no
15537,no,yes,no
15538,unknown,no,no
15539,no,yes,no
15540,no,no,no
15541,no,no,no
15542,no,no,no
15543,unknown,no,no
15544,unknown,no,yes
15545,no,yes,no
15546,no,no,no
15547,no,yes,no
15548,no,yes,yes
15549,no,no,yes
15550,no,yes,no
15551,no,yes,no
15552,no,no,no
15553,no,no,no
15554,no,yes,no
15555,no,yes,no
15556,unknown,no,no
15557,no,no,no
15558,no,no,no
15559,no,no,no
15560,unknown,no,no
15561,no,yes,no
15562,no,no,no
15563,no,no,no
15564,no,yes,no
15565,no,no,no
15566,no,no,no
15567,no,yes,no
15568,unknown,no,no
15569,no,no,no
15570,no,no,no
15571,no,no,no
15572,unknown,no,no
15573,no,yes,yes
15574,no,no,no
15575,unknown,yes,yes
15576,no,yes,no
15577,unknown,yes,no
15578,no,yes,no
15579,no,yes,no
15580,no,no,no
15581,unknown,no,no
15582,unknown,yes,no
15583,no,no,no
15584,no,no,no
15585,no,no,yes
15586,no,no,yes
15587,no,yes,no
15588,no,yes,no
15589,no,yes,no
15590,no,no,no
15591,no,yes,no
15592,unknown,no,no
15593,unknown,yes,no
15594,unknown,no,no
15595,no,no,no
15596,no,yes,no
15597,no,no,no
15598,no,yes,no
15599,no,yes,no
15600,unknown,no,no
15601,no,yes,no
15602,no,no,no
15603,no,yes,no
15604,no,no,yes
15605,no,yes,no
15606,no,yes,no
15607,no,yes,no
15608,no,yes,no
15609,no,yes,no
15610,no,yes,no
15611,no,yes,no
15612,unknown,yes,no
15613,no,yes,no
15614,no,no,no
15615,no,yes,yes
15616,no,yes,no
15617,no,yes,no
15618,unknown,no,no
15619,no,yes,no
15620,unknown,no,no
15621,unknown,yes,no
15622,no,yes,no
15623,no,yes,no
15624,no,yes,no
15625,no,no,no
15626,no,yes,no
15627,no,yes,no
15628,no,yes,no
15629,no,no,no
15630,no,no,yes
15631,unknown,yes,no
15632,no,yes,no
15633,no,no,yes
15634,no,no,no
15635,no,yes,no
15636,unknown,yes,no
15637,unknown,yes,yes
15638,unknown,no,yes
15639,no,yes,no
15640,no,no,no
15641,no,yes,no
15642,no,yes,no
15643,no,yes,no
15644,unknown,yes,no
15645,no,no,yes
15646,no,yes,no
15647,no,no,no
15648,no,no,no
15649,no,yes,no
15650,unknown,no,yes
15651,no,yes,no
15652,no,no,no
15653,no,yes,no
15654,no,unknown,unknown
15655,no,yes,no
15656,unknown,no,no
15657,unknown,no,no
15658,no,yes,no
15659,unknown,no,yes
15660,no,no,yes
15661,no,no,no
15662,no,yes,yes
15663,no,yes,no
15664,unknown,no,no
15665,no,no,no
15666,no,yes,no
15667,no,yes,no
15668,no,yes,no
15669,no,yes,no
15670,no,yes,no
15671,no,no,no
15672,no,no,yes
15673,no,yes,no
15674,no,yes,yes
15675,no,yes,no
15676,no,no,no
15677,no,yes,no
15678,no,no,no
15679,unknown,unknown,unknown
15680,no,yes,no
15681,unknown,yes,no
15682,no,no,no
15683,unknown,no,no
15684,no,no,no
15685,unknown,yes,no
15686,no,yes,yes
15687,no,yes,no
15688,no,no,no
15689,no,yes,no
15690,unknown,no,no
15691,no,yes,no
15692,no,yes,yes
15693,no,no,no
15694,unknown,yes,no
15695,no,yes,no
15696,no,no,no
15697,no,yes,no
15698,no,yes,yes
15699,no,yes,yes
15700,no,yes,no
15701,unknown,yes,no
15702,no,no,no
15703,no,yes,no
15704,no,yes,no
15705,no,no,no
15706,no,no,no
15707,no,no,no
15708,no,no,no
15709,no,no,yes
15710,no,no,no
15711,unknown,no,no
15712,no,no,no
15713,unknown,yes,no
15714,unknown,yes,no
15715,no,yes,no
15716,no,no,yes
15717,unknown,no,no
15718,no,yes,no
15719,no,yes,no
15720,no,no,yes
15721,no,yes,no
15722,unknown,no,no
15723,no,no,yes
15724,no,yes,no
15725,no,no,yes
15726,no,no,no
15727,unknown,no,no
15728,unknown,no,yes
15729,no,no,no
15730,unknown,no,yes
15731,no,no,no
15732,no,yes,no
15733,no,no,yes
15734,no,no,no
15735,no,no,no
15736,no,yes,no
15737,no,no,yes
15738,unknown,no,no
15739,no,yes,no
15740,no,no,no
15741,unknown,no,yes
15742,unknown,no,no
15743,unknown,no,yes
15744,no,no,no
15745,no,no,no
15746,no,yes,no
15747,unknown,yes,no
15748,no,yes,no
15749,no,no,no
15750,unknown,no,yes
15751,no,yes,yes
15752,no,yes,no
15753,no,no,no
15754,no,yes,no
15755,unknown,no,no
15756,no,no,yes
15757,no,yes,no
15758,unknown,yes,no
15759,unknown,yes,no
15760,unknown,yes,no
15761,unknown,yes,no
15762,unknown,yes,no
15763,no,yes,yes
15764,unknown,no,no
15765,no,no,no
15766,no,no,no
15767,no,no,no
15768,no,yes,no
15769,no,no,no
15770,no,yes,no
15771,no,yes,no
15772,no,no,no
15773,no,yes,no
15774,no,no,yes
15775,no,yes,no
15776,no,yes,yes
15777,no,yes,yes
15778,no,yes,no
15779,no,yes,yes
15780,no,no,no
15781,no,yes,no
15782,no,no,yes
15783,no,no,no
15784,no,no,no
15785,no,yes,no
15786,no,yes,no
15787,no,no,no
15788,no,yes,no
15789,no,no,no
15790,no,no,no
15791,unknown,yes,no
15792,no,yes,no
15793,unknown,no,no
15794,no,no,no
15795,unknown,yes,no
15796,no,yes,no
15797,no,yes,yes
15798,no,yes,no
15799,unknown,yes,no
15800,no,no,no
15801,no,no,no
15802,unknown,no,no
15803,no,yes,no
15804,no,no,no
15805,no,no,no
15806,unknown,yes,no
15807,no,no,no
15808,unknown,no,no
15809,unknown,no,no
15810,unknown,no,no
15811,unknown,no,no
15812,unknown,no,no
15813,unknown,yes,no
15814,no,yes,no
15815,no,no,no
15816,unknown,no,no
15817,no,yes,yes
15818,no,no,no
15819,unknown,yes,no
15820,unknown,yes,no
15821,unknown,yes,yes
15822,unknown,yes,no
15823,no,no,no
15824,no,yes,yes
15825,no,yes,yes
15826,no,yes,no
15827,no,no,no
15828,no,yes,no
15829,no,yes,no
15830,unknown,no,no
15831,unknown,yes,no
15832,unknown,yes,no
15833,no,yes,no
15834,no,yes,no
15835,no,yes,no
15836,no,yes,no
15837,no,no,no
15838,no,yes,no
15839,unknown,no,no
15840,no,yes,no
15841,unknown,yes,no
15842,no,yes,no
15843,no,yes,yes
15844,unknown,yes,yes
15845,no,yes,yes
15846,no,yes,yes
15847,no,yes,yes
15848,no,no,no
15849,no,yes,no
15850,no,yes,no
15851,unknown,no,no
15852,no,yes,no
15853,no,no,no
15854,unknown,no,no
15855,unknown,yes,no
15856,no,no,no
15857,no,yes,no
15858,no,yes,yes
15859,no,no,no
15860,unknown,yes,yes
15861,no,yes,no
15862,unknown,yes,no
15863,no,yes,no
15864,no,yes,no
15865,unknown,yes,yes
15866,unknown,no,no
15867,unknown,yes,no
15868,no,yes,no
15869,unknown,no,no
15870,unknown,yes,yes
15871,no,yes,no
15872,no,yes,no
15873,no,no,no
15874,no,yes,no
15875,no,yes,yes
15876,no,no,no
15877,no,yes,no
15878,no,no,no
15879,no,no,no
15880,no,no,no
15881,no,no,no
15882,no,no,no
15883,no,no,no
15884,no,yes,no
15885,no,yes,no
15886,unknown,no,no
15887,unknown,yes,no
15888,no,yes,no
15889,no,yes,no
15890,no,no,no
15891,no,no,yes
15892,no,yes,no
15893,no,yes,no
15894,no,yes,no
15895,unknown,no,no
15896,no,no,no
15897,no,no,no
15898,no,yes,no
15899,no,no,no
15900,no,no,yes
15901,no,yes,no
15902,no,no,no
15903,unknown,no,no
15904,no,yes,no
15905,no,no,yes
15906,no,yes,yes
15907,no,no,yes
15908,no,no,no
15909,no,yes,no
15910,no,yes,no
15911,no,yes,yes
15912,no,yes,no
15913,no,yes,no
15914,no,no,yes
15915,no,no,yes
15916,unknown,yes,no
15917,no,yes,no
15918,no,yes,no
15919,no,yes,no
15920,no,yes,no
15921,unknown,unknown,unknown
15922,no,yes,no
15923,no,yes,no
15924,no,no,no
15925,unknown,yes,no
15926,no,no,yes
15927,unknown,yes,no
15928,no,yes,no
15929,unknown,yes,no
15930,no,no,no
15931,no,yes,no
15932,no,no,no
15933,unknown,no,no
15934,no,yes,no
15935,unknown,yes,no
15936,no,no,no
15937,no,yes,yes
15938,unknown,no,no
15939,unknown,yes,no
15940,no,no,no
15941,no,no,no
15942,no,yes,no
15943,no,no,no
15944,unknown,yes,no
15945,unknown,yes,no
15946,unknown,no,no
15947,no,no,yes
15948,no,no,no
15949,no,yes,no
15950,unknown,yes,no
15951,unknown,no,no
15952,unknown,yes,no
15953,no,yes,no
15954,no,yes,yes
15955,unknown,yes,no
15956,no,yes,yes
15957,no,no,no
15958,no,yes,no
15959,no,no,no
15960,no,yes,no
15961,no,yes,no
15962,unknown,no,no
15963,no,yes,no
15964,no,no,no
15965,unknown,no,no
15966,no,no,no
15967,no,no,no
15968,unknown,yes,yes
15969,unknown,no,no
15970,no,yes,no
15971,no,yes,no
15972,unknown,yes,no
15973,no,no,yes
15974,no,no,no
15975,no,no,no
15976,unknown,no,yes
15977,no,yes,no
15978,unknown,no,no
15979,no,no,no
15980,no,no,no
15981,unknown,yes,no
15982,unknown,yes,no
15983,unknown,no,no
15984,no,yes,no
15985,no,yes,no
15986,no,yes,no
15987,no,no,no
15988,no,no,no
15989,unknown,no,no
15990,no,yes,no
15991,no,no,no
15992,unknown,no,yes
15993,no,no,no
15994,no,no,no
15995,unknown,no,no
15996,no,yes,no
15997,unknown,no,no
15998,unknown,no,no
15999,no,yes,no
16000,no,no,yes
16001,unknown,yes,no
16002,no,yes,no
16003,no,yes,no
16004,no,yes,no
16005,no,no,no
16006,no,no,no
16007,no,no,no
16008,unknown,yes,no
16009,no,yes,no
16010,no,unknown,unknown
16011,no,yes,no
16012,unknown,yes,no
16013,no,yes,no
16014,unknown,no,no
16015,no,yes,no
16016,no,yes,no
16017,no,no,no
16018,unknown,no,yes
16019,no,yes,no
16020,no,yes,yes
16021,no,yes,no
16022,no,no,no
16023,unknown,yes,no
16024,no,yes,no
16025,no,no,yes
16026,no,yes,no
16027,no,no,no
16028,no,no,no
16029,no,yes,no
16030,no,no,yes
16031,no,yes,no
16032,no,no,no
16033,unknown,yes,no
16034,no,yes,no
16035,no,yes,no
16036,no,yes,no
16037,unknown,no,no
16038,no,yes,no
16039,no,yes,no
16040,no,no,no
16041,no,no,no
16042,unknown,no,no
16043,no,no,no
16044,no,yes,no
16045,unknown,yes,no
16046,no,yes,no
16047,no,yes,no
16048,unknown,yes,no
16049,no,yes,no
16050,no,no,no
16051,unknown,yes,yes
16052,unknown,no,yes
16053,no,yes,no
16054,no,yes,no
16055,no,no,no
16056,unknown,yes,no
16057,unknown,no,no
16058,unknown,yes,no
16059,unknown,no,no
16060,unknown,yes,no
16061,no,yes,yes
16062,no,yes,no
16063,no,yes,no
16064,unknown,no,no
16065,no,yes,yes
16066,no,no,no
16067,no,no,no
16068,no,no,no
16069,no,yes,no
16070,no,yes,no
16071,no,no,no
16072,no,yes,no
16073,unknown,yes,no
16074,no,yes,no
16075,no,no,no
16076,no,no,no
16077,no,yes,no
16078,no,yes,no
16079,unknown,no,no
16080,unknown,yes,no
16081,unknown,no,no
16082,unknown,yes,yes
16083,unknown,yes,no
16084,no,no,no
16085,no,no,no
16086,unknown,yes,no
16087,unknown,no,no
16088,no,yes,no
16089,no,yes,no
16090,unknown,no,no
16091,no,no,no
16092,no,no,no
16093,no,no,no
16094,no,no,no
16095,no,no,no
16096,unknown,yes,no
16097,no,no,yes
16098,no,no,no
16099,no,no,no
16100,unknown,yes,no
16101,no,yes,yes
16102,no,yes,yes
16103,no,yes,yes
16104,no,no,yes
16105,no,yes,yes
16106,unknown,yes,no
16107,no,yes,no
16108,unknown,no,no
16109,no,no,no
16110,no,no,no
16111,unknown,yes,no
16112,no,no,yes
16113,no,yes,yes
16114,unknown,no,no
16115,no,yes,no
16116,unknown,no,no
16117,no,yes,no
16118,no,yes,no
16119,unknown,yes,yes
16120,no,yes,no
16121,no,no,yes
16122,no,yes,no
16123,no,no,no
16124,no,yes,no
16125,no,yes,no
16126,no,no,yes
16127,no,no,yes
16128,no,yes,no
16129,no,no,no
16130,no,no,yes
16131,no,no,no
16132,unknown,no,no
16133,no,no,no
16134,no,no,yes
16135,no,no,yes
16136,no,no,no
16137,no,no,no
16138,no,yes,no
16139,no,no,no
16140,no,no,no
16141,no,yes,no
16142,unknown,no,no
16143,unknown,yes,no
16144,unknown,yes,no
16145,no,yes,no
16146,no,no,yes
16147,unknown,no,no
16148,no,no,no
16149,no,no,no
16150,no,no,yes
16151,no,yes,no
16152,no,yes,no
16153,no,no,no
16154,unknown,no,no
16155,unknown,yes,no
16156,no,yes,no
16157,no,unknown,unknown
16158,no,yes,no
16159,unknown,yes,no
16160,no,yes,no
16161,no,no,no
16162,no,no,yes
16163,no,no,no
16164,no,yes,no
16165,no,yes,yes
16166,no,yes,no
16167,no,yes,no
16168,no,yes,no
16169,no,yes,no
16170,unknown,no,no
16171,no,no,no
16172,no,no,no
16173,no,no,yes
16174,no,yes,no
16175,no,yes,no
16176,no,yes,no
16177,no,no,no
16178,no,no,no
16179,no,no,yes
16180,no,no,no
16181,no,yes,no
16182,no,no,no
16183,no,unknown,unknown
16184,no,no,no
16185,no,no,no
16186,no,no,no
16187,unknown,yes,yes
16188,unknown,yes,yes
16189,no,yes,no
16190,no,yes,no
16191,unknown,yes,yes
16192,no,no,no
16193,no,yes,no
16194,no,no,no
16195,no,yes,no
16196,no,yes,no
16197,no,no,no
16198,no,no,no
16199,no,yes,no
16200,no,yes,no
16201,no,yes,no
16202,no,no,no
16203,unknown,no,no
16204,unknown,yes,no
16205,no,unknown,unknown
16206,no,no,no
16207,no,no,no
16208,no,no,no
16209,no,yes,no
16210,unknown,no,no
16211,no,yes,no
16212,no,no,no
16213,unknown,no,no
16214,unknown,no,no
16215,no,no,no
16216,no,no,yes
16217,no,yes,no
16218,no,yes,no
16219,unknown,yes,no
16220,unknown,yes,no
16221,no,yes,no
16222,unknown,yes,no
16223,unknown,yes,no
16224,unknown,yes,no
16225,unknown,yes,no
16226,unknown,no,no
16227,unknown,yes,no
16228,no,yes,no
16229,no,no,no
16230,unknown,no,no
16231,no,yes,no
16232,no,yes,no
16233,no,yes,no
16234,no,yes,no
16235,no,no,yes
16236,no,yes,no
16237,unknown,yes,no
16238,no,unknown,unknown
16239,no,no,yes
16240,unknown,yes,no
16241,unknown,yes,yes
16242,no,yes,no
16243,unknown,yes,no
16244,no,yes,yes
16245,no,yes,no
16246,no,yes,no
16247,unknown,yes,no
16248,unknown,yes,no
16249,no,yes,no
16250,unknown,no,no
16251,no,no,yes
16252,no,yes,no
16253,no,yes,no
16254,no,yes,no
16255,no,yes,no
16256,no,no,yes
16257,no,no,no
16258,no,yes,no
16259,no,yes,no
16260,no,no,no
16261,no,yes,no
16262,no,yes,no
16263,no,yes,no
16264,no,yes,no
16265,no,yes,no
16266,no,no,no
16267,no,no,no
16268,unknown,no,yes
16269,no,yes,no
16270,unknown,yes,no
16271,no,no,no
16272,no,yes,no
16273,unknown,yes,no
16274,unknown,yes,no
16275,no,no,yes
16276,no,no,no
16277,no,no,yes
16278,no,yes,yes
16279,no,no,no
16280,no,unknown,unknown
16281,no,yes,no
16282,no,no,yes
16283,no,yes,no
16284,no,no,no
16285,no,yes,no
16286,no,yes,no
16287,unknown,no,no
16288,no,no,no
16289,no,no,no
16290,no,no,no
16291,unknown,yes,no
16292,no,no,no
16293,no,no,yes
16294,unknown,no,no
16295,unknown,yes,no
16296,no,no,no
16297,unknown,yes,no
16298,no,yes,no
16299,no,no,no
16300,unknown,yes,no
16301,no,no,no
16302,no,no,no
16303,no,yes,no
16304,no,no,no
16305,no,no,no
16306,no,yes,no
16307,unknown,yes,no
16308,no,yes,no
16309,unknown,yes,no
16310,no,yes,yes
16311,unknown,no,no
16312,no,no,no
16313,unknown,yes,no
16314,no,no,no
16315,no,yes,no
16316,no,yes,no
16317,no,no,yes
16318,no,yes,no
16319,no,no,no
16320,no,yes,no
16321,no,yes,no
16322,unknown,yes,yes
16323,no,yes,no
16324,no,yes,no
16325,unknown,yes,no
16326,no,yes,no
16327,no,yes,no
16328,no,yes,no
16329,no,yes,no
16330,no,yes,no
16331,no,yes,no
16332,no,yes,no
16333,no,yes,yes
16334,no,no,no
16335,unknown,yes,no
16336,no,yes,no
16337,no,no,yes
16338,no,no,no
16339,no,no,no
16340,unknown,yes,no
16341,unknown,yes,no
16342,no,no,no
16343,unknown,no,no
16344,unknown,yes,no
16345,no,yes,yes
16346,unknown,no,no
16347,unknown,yes,yes
16348,unknown,yes,yes
16349,unknown,yes,no
16350,unknown,no,no
16351,no,unknown,unknown
16352,no,no,no
16353,unknown,no,no
16354,no,yes,no
16355,no,yes,no
16356,no,yes,no
16357,no,no,no
16358,no,yes,no
16359,no,no,no
16360,unknown,no,no
16361,no,yes,no
16362,unknown,yes,no
16363,no,no,no
16364,unknown,no,no
16365,unknown,no,no
16366,no,yes,no
16367,no,no,no
16368,no,no,yes
16369,no,no,yes
16370,no,yes,no
16371,no,yes,no
16372,no,yes,no
16373,unknown,yes,no
16374,unknown,no,yes
16375,no,yes,no
16376,no,yes,no
16377,unknown,no,no
16378,no,yes,yes
16379,no,yes,no
16380,no,no,yes
16381,no,yes,no
16382,no,yes,yes
16383,unknown,no,yes
16384,no,no,no
16385,unknown,yes,no
16386,no,yes,no
16387,no,no,no
16388,no,no,yes
16389,no,no,no
16390,no,yes,no
16391,no,no,no
16392,no,yes,no
16393,no,yes,yes
16394,no,no,no
16395,no,yes,no
16396,no,yes,no
16397,no,no,no
16398,no,no,no
16399,no,yes,no
16400,no,no,yes
16401,no,yes,no
16402,no,no,no
16403,unknown,no,no
16404,no,yes,no
16405,no,yes,no
16406,no,yes,no
16407,no,yes,no
16408,no,yes,no
16409,no,no,no
16410,no,no,no
16411,unknown,yes,no
16412,no,yes,no
16413,no,yes,no
16414,no,no,yes
16415,unknown,yes,no
16416,unknown,yes,no
16417,unknown,yes,no
16418,no,yes,no
16419,no,yes,no
16420,no,no,no
16421,no,yes,no
16422,no,no,no
16423,unknown,yes,no
16424,no,yes,no
16425,unknown,yes,no
16426,unknown,yes,no
16427,no,yes,yes
16428,no,no,no
16429,no,yes,no
16430,no,yes,no
16431,no,no,no
16432,no,yes,no
16433,no,yes,yes
16434,no,yes,yes
16435,unknown,no,no
16436,no,yes,no
16437,no,yes,no
16438,unknown,no,no
16439,no,unknown,unknown
16440,no,yes,no
16441,no,unknown,unknown
16442,unknown,no,no
16443,no,yes,no
16444,no,yes,no
16445,no,no,yes
16446,no,yes,no
16447,unknown,yes,no
16448,no,no,no
16449,no,yes,no
16450,no,yes,no
16451,no,no,no
16452,unknown,yes,yes
16453,no,yes,no
16454,no,no,no
16455,no,yes,yes
16456,no,yes,yes
16457,unknown,yes,yes
16458,unknown,yes,no
16459,no,yes,yes
16460,unknown,yes,no
16461,no,no,no
16462,unknown,yes,no
16463,unknown,yes,no
16464,no,yes,no
16465,no,yes,no
16466,no,yes,no
16467,no,no,no
16468,no,no,no
16469,no,yes,yes
16470,no,no,no
16471,no,yes,yes
16472,no,yes,no
16473,no,yes,yes
16474,no,no,no
16475,no,yes,no
16476,no,no,no
16477,no,yes,no
16478,no,no,no
16479,no,no,no
16480,no,yes,yes
16481,unknown,yes,no
16482,no,yes,no
16483,no,yes,no
16484,unknown,yes,no
16485,no,no,no
16486,no,yes,no
16487,no,no,yes
16488,no,no,yes
16489,unknown,yes,no
16490,no,yes,no
16491,no,no,no
16492,no,no,yes
16493,no,no,no
16494,unknown,yes,no
16495,unknown,no,no
16496,no,yes,no
16497,no,yes,no
16498,no,yes,no
16499,no,yes,no
16500,no,no,no
16501,no,yes,no
16502,unknown,no,no
16503,no,no,no
16504,no,yes,no
16505,no,no,no
16506,no,no,yes
16507,no,no,no
16508,no,yes,no
16509,no,no,no
16510,unknown,yes,no
16511,no,yes,no
16512,no,no,no
16513,no,yes,no
16514,no,no,no
16515,no,no,yes
16516,no,no,no
16517,unknown,no,no
16518,no,yes,no
16519,no,yes,no
16520,no,yes,no
16521,no,no,no
16522,no,yes,no
16523,no,no,yes
16524,no,no,yes
16525,no,no,no
16526,no,no,yes
16527,no,no,yes
16528,no,yes,no
16529,no,no,yes
16530,no,yes,no
16531,no,yes,no
16532,no,no,no
16533,no,no,no
16534,no,no,no
16535,unknown,yes,no
16536,no,yes,yes
16537,no,yes,no
16538,no,yes,no
16539,no,yes,no
16540,unknown,no,no
16541,no,yes,no
16542,unknown,unknown,unknown
16543,no,no,no
16544,no,no,no
16545,no,no,no
16546,no,no,no
16547,no,no,no
16548,no,no,no
16549,no,no,yes
16550,no,unknown,unknown
16551,no,no,no
16552,no,no,yes
16553,no,no,no
16554,unknown,yes,no
16555,no,yes,no
16556,no,no,no
16557,unknown,no,no
16558,no,no,no
16559,no,yes,yes
16560,no,no,no
16561,no,no,yes
16562,no,yes,no
16563,no,yes,no
16564,no,yes,no
16565,no,yes,no
16566,no,no,no
16567,no,no,yes
16568,no,yes,no
16569,unknown,yes,no
16570,no,yes,no
16571,no,yes,no
16572,no,yes,no
16573,unknown,no,no
16574,no,yes,no
16575,no,no,no
16576,no,unknown,unknown
16577,no,no,no
16578,no,no,yes
16579,no,yes,no
16580,no,yes,no
16581,unknown,no,no
16582,no,yes,yes
16583,no,yes,no
16584,no,no,no
16585,no,no,no
16586,no,yes,no
16587,no,no,no
16588,no,yes,no
16589,no,no,no
16590,unknown,no,no
16591,no,no,no
16592,no,no,no
16593,no,no,no
16594,unknown,no,no
16595,no,no,no
16596,no,no,no
16597,unknown,no,no
16598,no,no,no
16599,no,yes,no
16600,no,no,no
16601,no,yes,yes
16602,unknown,yes,no
16603,no,no,no
16604,no,yes,no
16605,no,no,no
16606,no,yes,yes
16607,unknown,yes,no
16608,no,yes,no
16609,unknown,no,no
16610,unknown,no,no
16611,no,yes,no
16612,unknown,no,no
16613,no,no,no
16614,no,unknown,unknown
16615,no,yes,no
16616,unknown,yes,no
16617,no,no,no
16618,unknown,yes,no
16619,no,no,no
16620,no,no,no
16621,no,yes,no
16622,no,yes,no
16623,unknown,yes,no
16624,no,no,yes
16625,no,no,no
16626,no,no,no
16627,no,yes,no
16628,no,yes,no
16629,no,yes,no
16630,no,no,no
16631,unknown,no,yes
16632,no,yes,no
16633,no,yes,no
16634,no,unknown,unknown
16635,no,no,no
16636,no,yes,no
16637,no,no,no
16638,no,yes,no
16639,no,no,yes
16640,no,no,yes
16641,no,no,yes
16642,no,no,no
16643,no,no,no
16644,no,no,no
16645,no,no,no
16646,no,yes,yes
16647,no,no,no
16648,no,yes,no
16649,no,yes,no
16650,no,yes,no
16651,no,no,yes
16652,no,no,yes
16653,no,no,no
16654,unknown,yes,no
16655,no,no,no
16656,no,yes,no
16657,unknown,yes,no
16658,no,no,no
16659,no,no,yes
16660,no,yes,no
16661,no,yes,no
16662,no,yes,no
16663,no,yes,no
16664,no,yes,no
16665,no,no,no
16666,no,yes,no
16667,no,no,no
16668,no,no,no
16669,no,no,yes
16670,unknown,no,no
16671,no,yes,no
16672,no,no,no
16673,unknown,yes,no
16674,no,yes,no
16675,no,no,no
16676,no,yes,no
16677,no,yes,no
16678,no,yes,no
16679,no,unknown,unknown
16680,no,yes,yes
16681,no,yes,yes
16682,no,no,no
16683,no,no,no
16684,unknown,yes,yes
16685,no,yes,yes
16686,unknown,yes,no
16687,no,no,no
16688,no,yes,yes
16689,unknown,yes,no
16690,no,yes,no
16691,no,no,no
16692,no,no,no
16693,no,yes,no
16694,no,yes,yes
16695,unknown,no,no
16696,no,unknown,unknown
16697,unknown,yes,no
16698,no,yes,no
16699,no,no,no
16700,unknown,yes,no
16701,no,no,no
16702,unknown,yes,no
16703,no,yes,no
16704,unknown,no,no
16705,no,yes,no
16706,no,yes,no
16707,no,yes,no
16708,no,no,no
16709,no,unknown,unknown
16710,no,no,no
16711,no,no,no
16712,no,no,no
16713,no,yes,no
16714,unknown,no,no
16715,no,no,no
16716,unknown,yes,no
16717,no,no,no
16718,unknown,yes,yes
16719,no,yes,no
16720,no,no,no
16721,unknown,no,no
16722,no,yes,no
16723,unknown,yes,yes
16724,no,yes,yes
16725,no,yes,yes
16726,no,yes,no
16727,no,no,no
16728,no,yes,no
16729,no,no,no
16730,no,yes,no
16731,no,no,no
16732,no,no,no
16733,no,no,no
16734,no,no,no
16735,unknown,no,yes
16736,no,no,yes
16737,unknown,yes,no
16738,no,unknown,unknown
16739,no,no,no
16740,no,no,no
16741,no,no,yes
16742,no,yes,no
16743,unknown,unknown,unknown
16744,no,yes,yes
16745,no,no,no
16746,no,yes,no
16747,no,yes,yes
16748,unknown,no,yes
16749,no,yes,no
16750,no,no,no
16751,no,yes,no
16752,no,yes,no
16753,unknown,no,yes
16754,no,yes,no
16755,no,yes,no
16756,no,unknown,unknown
16757,no,no,yes
16758,no,no,no
16759,no,no,yes
16760,no,no,yes
16761,no,no,no
16762,no,no,no
16763,no,yes,no
16764,no,no,yes
16765,no,no,yes
16766,unknown,yes,no
16767,unknown,no,yes
16768,no,no,yes
16769,no,yes,no
16770,no,no,no
16771,no,yes,no
16772,no,yes,yes
16773,no,no,no
16774,no,no,no
16775,no,yes,no
16776,unknown,yes,no
16777,no,yes,yes
16778,no,no,no
16779,no,no,no
16780,no,no,no
16781,no,yes,no
16782,unknown,no,no
16783,no,no,no
16784,unknown,no,yes
16785,unknown,yes,yes
16786,unknown,no,yes
16787,no,no,no
16788,unknown,yes,yes
16789,no,yes,yes
16790,no,no,no
16791,unknown,no,no
16792,no,no,no
16793,no,yes,no
16794,no,no,no
16795,no,yes,no
16796,unknown,yes,no
16797,no,yes,no
16798,no,yes,no
16799,no,no,no
16800,unknown,no,yes
16801,no,no,yes
16802,unknown,no,yes
16803,no,no,no
16804,no,no,no
16805,no,yes,yes
16806,no,yes,no
16807,no,no,no
16808,unknown,yes,no
16809,no,yes,no
16810,no,yes,no
16811,unknown,no,yes
16812,unknown,no,no
16813,unknown,no,no
16814,unknown,no,no
16815,no,no,no
16816,no,yes,no
16817,no,yes,no
16818,no,no,yes
16819,unknown,yes,no
16820,no,yes,no
16821,no,no,no
16822,no,yes,no
16823,unknown,yes,yes
16824,no,yes,no
16825,no,yes,no
16826,no,yes,no
16827,no,no,no
16828,unknown,yes,no
16829,unknown,no,no
16830,unknown,yes,no
16831,no,yes,no
16832,no,no,no
16833,unknown,no,no
16834,no,no,no
16835,no,no,yes
16836,no,no,yes
16837,no,no,no
16838,no,yes,no
16839,no,no,no
16840,unknown,no,no
16841,no,yes,no
16842,unknown,unknown,unknown
16843,no,no,no
16844,no,yes,no
16845,no,yes,yes
16846,no,yes,no
16847,no,no,no
16848,no,no,no
16849,no,yes,no
16850,no,yes,no
16851,unknown,yes,no
16852,unknown,yes,no
16853,unknown,unknown,unknown
16854,no,no,no
16855,no,yes,yes
16856,unknown,no,no
16857,no,yes,no
16858,no,no,no
16859,unknown,no,no
16860,no,yes,yes
16861,unknown,no,no
16862,unknown,no,no
16863,unknown,yes,yes
16864,unknown,yes,no
16865,no,yes,no
16866,unknown,no,no
16867,no,no,no
16868,unknown,yes,no
16869,no,yes,no
16870,unknown,yes,no
16871,no,yes,no
16872,no,yes,no
16873,no,no,no
16874,no,no,yes
16875,no,yes,no
16876,no,yes,no
16877,no,yes,yes
16878,no,yes,no
16879,no,yes,no
16880,no,yes,no
16881,unknown,yes,no
16882,no,no,no
16883,no,yes,no
16884,no,yes,no
16885,no,yes,no
16886,no,no,no
16887,no,yes,no
16888,no,yes,yes
16889,no,yes,no
16890,unknown,no,no
16891,no,yes,no
16892,unknown,yes,no
16893,no,no,yes
16894,unknown,yes,no
16895,unknown,no,no
16896,unknown,yes,no
16897,unknown,yes,yes
16898,no,yes,yes
16899,unknown,yes,no
16900,no,yes,no
16901,no,yes,no
16902,unknown,no,no
16903,no,yes,no
16904,unknown,unknown,unknown
16905,no,no,no
16906,no,yes,no
16907,no,no,no
16908,no,no,yes
16909,unknown,no,no
16910,no,no,no
16911,no,no,no
16912,no,no,no
16913,unknown,no,no
16914,no,yes,no
16915,no,no,no
16916,no,no,no
16917,no,yes,no
16918,no,yes,no
16919,no,yes,yes
16920,no,yes,no
16921,no,yes,no
16922,unknown,yes,no
16923,no,yes,no
16924,no,yes,no
16925,unknown,no,no
16926,no,yes,no
16927,no,yes,yes
16928,unknown,yes,yes
16929,no,yes,no
16930,no,no,yes
16931,no,no,no
16932,no,yes,no
16933,no,yes,no
16934,no,no,no
16935,unknown,yes,no
16936,no,yes,yes
16937,unknown,yes,no
16938,no,no,yes
16939,no,yes,no
16940,no,no,no
16941,unknown,no,yes
16942,no,yes,no
16943,unknown,no,no
16944,no,unknown,unknown
16945,no,no,no
16946,no,yes,no
16947,no,yes,no
16948,unknown,no,no
16949,unknown,yes,no
16950,unknown,yes,no
16951,no,no,yes
16952,no,yes,no
16953,no,yes,no
16954,no,yes,no
16955,unknown,no,no
16956,no,yes,no
16957,no,yes,no
16958,no,yes,no
16959,no,yes,no
16960,no,yes,yes
16961,unknown,no,no
16962,no,no,no
16963,no,no,no
16964,no,no,no
16965,no,no,yes
16966,no,no,no
16967,no,no,no
16968,unknown,no,no
16969,no,yes,yes
16970,no,yes,no
16971,no,yes,no
16972,no,yes,yes
16973,unknown,yes,no
16974,unknown,no,no
16975,unknown,yes,no
16976,no,yes,yes
16977,no,no,no
16978,unknown,yes,yes
16979,no,yes,yes
16980,no,yes,no
16981,no,yes,no
16982,unknown,yes,no
16983,unknown,yes,no
16984,no,yes,no
16985,unknown,yes,no
16986,unknown,yes,no
16987,no,yes,yes
16988,no,yes,no
16989,no,yes,no
16990,no,yes,no
16991,no,no,no
16992,unknown,no,no
16993,no,yes,no
16994,no,yes,no
16995,no,no,no
16996,unknown,yes,no
16997,unknown,unknown,unknown
16998,no,yes,no
16999,no,yes,no
17000,no,yes,no
17001,unknown,yes,no
17002,no,yes,no
17003,no,yes,no
17004,unknown,yes,no
17005,no,yes,no
17006,no,no,yes
17007,no,yes,no
17008,no,yes,no
17009,no,no,no
17010,no,yes,no
17011,no,yes,yes
17012,no,yes,no
17013,no,yes,no
17014,no,yes,no
17015,no,yes,no
17016,no,no,no
17017,no,yes,no
17018,no,yes,yes
17019,no,yes,no
17020,no,no,no
17021,no,yes,no
17022,no,no,yes
17023,no,no,no
17024,no,yes,no
17025,no,no,no
17026,no,yes,no
17027,unknown,yes,no
17028,no,no,no
17029,unknown,no,no
17030,unknown,yes,no
17031,no,no,no
17032,unknown,no,yes
17033,no,no,no
17034,no,yes,no
17035,unknown,yes,no
17036,no,yes,yes
17037,unknown,no,no
17038,unknown,no,no
17039,unknown,no,no
17040,no,no,no
17041,no,no,no
17042,unknown,yes,no
17043,no,no,no
17044,unknown,no,no
17045,unknown,no,no
17046,no,no,no
17047,unknown,no,no
17048,no,no,yes
17049,unknown,no,no
17050,no,no,no
17051,unknown,no,no
17052,unknown,no,yes
17053,no,yes,no
17054,no,yes,no
17055,no,yes,no
17056,no,yes,no
17057,unknown,no,yes
17058,no,no,yes
17059,no,yes,yes
17060,no,yes,no
17061,no,no,no
17062,no,no,no
17063,no,yes,yes
17064,no,no,no
17065,no,yes,no
17066,no,no,yes
17067,no,no,no
17068,no,yes,no
17069,unknown,yes,no
17070,unknown,yes,no
17071,no,no,yes
17072,no,no,no
17073,unknown,yes,no
17074,unknown,no,no
17075,no,no,yes
17076,no,no,yes
17077,no,no,no
17078,no,no,yes
17079,unknown,no,yes
17080,no,no,no
17081,no,yes,no
17082,no,no,no
17083,no,no,no
17084,no,yes,no
17085,no,yes,no
17086,no,yes,yes
17087,no,yes,no
17088,no,yes,no
17089,no,no,yes
17090,no,yes,no
17091,no,yes,no
17092,unknown,no,yes
17093,no,yes,no
17094,no,no,no
17095,no,no,no
17096,no,yes,yes
17097,no,no,no
17098,no,yes,no
17099,no,no,yes
17100,no,yes,no
17101,no,no,no
17102,no,yes,no
17103,unknown,no,no
17104,no,yes,no
17105,unknown,no,no
17106,no,no,no
17107,no,yes,no
17108,no,no,no
17109,no,no,yes
17110,no,yes,no
17111,unknown,no,no
17112,no,no,no
17113,no,yes,no
17114,no,yes,no
17115,no,yes,no
17116,no,no,no
17117,unknown,yes,no
17118,no,yes,no
17119,unknown,yes,no
17120,no,yes,no
17121,unknown,yes,no
17122,unknown,yes,no
17123,no,yes,no
17124,no,no,no
17125,no,yes,no
17126,no,no,no
17127,no,no,no
17128,no,no,no
17129,no,yes,no
17130,no,unknown,unknown
17131,unknown,no,no
17132,no,yes,no
17133,unknown,no,no
17134,no,no,no
17135,no,no,no
17136,no,no,no
17137,unknown,yes,no
17138,no,no,no
17139,no,yes,no
17140,no,yes,no
17141,unknown,no,no
17142,no,no,no
17143,no,yes,no
17144,no,no,no
17145,no,no,no
17146,no,no,yes
17147,no,no,no
17148,unknown,yes,no
17149,unknown,yes,no
17150,no,yes,no
17151,unknown,no,yes
17152,no,no,no
17153,unknown,yes,no
17154,unknown,yes,no
17155,unknown,no,no
17156,unknown,no,no
17157,unknown,yes,no
17158,no,no,no
17159,unknown,yes,no
17160,no,no,no
17161,no,no,no
17162,no,yes,no
17163,no,no,no
17164,unknown,no,no
17165,no,yes,yes
17166,no,yes,no
17167,unknown,no,no
17168,no,no,yes
17169,no,no,no
17170,no,no,no
17171,no,no,no
17172,no,yes,no
17173,no,yes,no
17174,no,yes,no
17175,no,yes,no
17176,no,no,yes
17177,no,no,no
17178,no,yes,no
17179,unknown,no,no
17180,no,yes,no
17181,unknown,no,no
17182,unknown,yes,no
17183,unknown,no,yes
17184,unknown,yes,no
17185,no,yes,yes
17186,unknown,yes,no
17187,no,no,no
17188,no,no,yes
17189,no,yes,no
17190,unknown,yes,yes
17191,no,no,no
17192,no,yes,no
17193,unknown,yes,no
17194,unknown,yes,no
17195,no,yes,yes
17196,no,no,no
17197,no,yes,no
17198,no,yes,no
17199,unknown,yes,no
17200,no,yes,no
17201,no,yes,yes
17202,no,yes,yes
17203,unknown,yes,yes
17204,unknown,no,no
17205,no,no,no
17206,no,no,yes
17207,no,yes,no
17208,unknown,no,no
17209,no,no,no
17210,no,no,no
17211,no,no,no
17212,unknown,yes,no
17213,unknown,no,no
17214,no,yes,no
17215,no,no,no
17216,no,no,no
17217,no,no,no
17218,unknown,yes,no
17219,unknown,yes,yes
17220,unknown,yes,no
17221,unknown,no,no
17222,no,no,no
17223,no,yes,no
17224,no,no,no
17225,no,yes,no
17226,no,no,no
17227,unknown,yes,yes
17228,no,yes,no
17229,no,yes,yes
17230,unknown,yes,no
17231,no,no,no
17232,no,no,no
17233,no,no,no
17234,no,no,no
17235,no,yes,yes
17236,no,no,no
17237,unknown,no,no
17238,no,no,no
17239,unknown,unknown,unknown
17240,no,no,no
17241,no,no,yes
17242,no,no,no
17243,unknown,no,no
17244,no,unknown,unknown
17245,no,yes,no
17246,no,unknown,unknown
17247,unknown,yes,no
17248,unknown,no,no
17249,no,yes,no
17250,no,no,no
17251,no,no,no
17252,no,yes,no
17253,no,yes,no
17254,no,yes,no
17255,no,yes,no
17256,no,unknown,unknown
17257,no,no,no
17258,no,no,no
17259,unknown,yes,no
17260,no,no,no
17261,no,no,no
17262,unknown,no,no
17263,no,no,no
17264,no,no,no
17265,no,no,no
17266,no,no,yes
17267,no,yes,no
17268,unknown,no,no
17269,no,no,no
17270,no,yes,no
17271,no,no,yes
17272,no,no,no
17273,no,no,no
17274,no,no,yes
17275,unknown,yes,no
17276,no,no,yes
17277,no,no,yes
17278,unknown,no,yes
17279,unknown,yes,no
17280,unknown,no,no
17281,unknown,yes,yes
17282,unknown,yes,yes
17283,no,no,yes
17284,no,yes,no
17285,no,yes,no
17286,unknown,no,yes
17287,no,yes,no
17288,no,yes,yes
17289,unknown,yes,no
17290,no,no,yes
17291,no,no,yes
17292,no,yes,no
17293,no,no,yes
17294,no,yes,yes
17295,no,no,yes
17296,unknown,no,yes
17297,unknown,yes,no
17298,no,no,no
17299,no,yes,no
17300,unknown,no,no
17301,unknown,yes,yes
17302,no,yes,yes
17303,no,yes,no
17304,unknown,no,no
17305,no,no,no
17306,unknown,yes,no
17307,unknown,yes,no
17308,no,no,no
17309,no,no,yes
17310,unknown,yes,yes
17311,unknown,no,no
17312,no,yes,yes
17313,no,no,no
17314,no,no,no
17315,no,yes,yes
17316,no,no,no
17317,unknown,yes,no
17318,no,no,yes
17319,no,yes,no
17320,unknown,yes,no
17321,unknown,no,no
17322,unknown,yes,no
17323,no,yes,yes
17324,unknown,yes,no
17325,no,yes,no
17326,unknown,yes,no
17327,unknown,no,no
17328,no,yes,yes
17329,unknown,no,no
17330,no,yes,yes
17331,no,yes,no
17332,unknown,yes,no
17333,no,yes,no
17334,no,yes,yes
17335,no,no,no
17336,no,no,no
17337,no,yes,yes
17338,no,no,no
17339,unknown,no,no
17340,no,no,no
17341,unknown,yes,yes
17342,no,yes,yes
17343,no,yes,no
17344,unknown,yes,yes
17345,unknown,yes,yes
17346,unknown,no,no
17347,no,yes,no
17348,no,yes,yes
17349,no,no,no
17350,unknown,no,yes
17351,unknown,no,no
17352,no,yes,no
17353,no,yes,no
17354,no,yes,no
17355,unknown,yes,no
17356,no,yes,no
17357,unknown,yes,no
17358,unknown,yes,no
17359,no,yes,no
17360,no,no,no
17361,no,no,no
17362,no,yes,no
17363,no,yes,no
17364,no,yes,no
17365,no,no,no
17366,no,yes,no
17367,unknown,no,yes
17368,no,no,no
17369,no,yes,no
17370,unknown,yes,no
17371,unknown,no,no
17372,unknown,no,no
17373,no,yes,no
17374,no,yes,no
17375,no,no,no
17376,unknown,no,no
17377,no,no,no
17378,unknown,no,no
17379,no,no,yes
17380,unknown,no,no
17381,unknown,yes,yes
17382,no,yes,no
17383,no,yes,no
17384,no,yes,yes
17385,unknown,no,yes
17386,no,yes,yes
17387,no,yes,no
17388,no,yes,no
17389,unknown,yes,no
17390,unknown,yes,no
17391,no,yes,yes
17392,unknown,unknown,unknown
17393,unknown,no,no
17394,no,yes,yes
17395,unknown,yes,no
17396,unknown,no,no
17397,unknown,yes,no
17398,unknown,yes,yes
17399,unknown,yes,no
17400,unknown,yes,yes
17401,no,yes,no
17402,no,no,no
17403,no,yes,yes
17404,unknown,yes,no
17405,unknown,no,no
17406,unknown,no,no
17407,no,no,no
17408,no,no,no
17409,no,no,no
17410,unknown,unknown,unknown
17411,unknown,yes,no
17412,unknown,yes,no
17413,no,no,no
17414,no,yes,no
17415,no,no,no
17416,unknown,no,no
17417,no,yes,yes
17418,unknown,no,no
17419,no,no,no
17420,unknown,yes,no
17421,unknown,yes,no
17422,unknown,yes,no
17423,no,no,no
17424,unknown,no,no
17425,no,no,no
17426,no,no,no
17427,unknown,no,yes
17428,unknown,no,no
17429,unknown,no,no
17430,unknown,yes,no
17431,unknown,yes,no
17432,unknown,no,no
17433,no,no,no
17434,no,no,no
17435,unknown,yes,no
17436,unknown,no,no
17437,no,yes,no
17438,no,no,no
17439,no,no,no
17440,unknown,no,no
17441,unknown,no,yes
17442,unknown,no,no
17443,unknown,no,no
17444,unknown,yes,no
17445,no,yes,yes
17446,unknown,no,yes
17447,no,yes,yes
17448,unknown,no,no
17449,unknown,no,no
17450,no,yes,yes
17451,no,yes,no
17452,no,yes,yes
17453,unknown,yes,no
17454,unknown,yes,yes
17455,no,yes,yes
17456,unknown,no,no
17457,no,no,no
17458,no,yes,no
17459,no,no,no
17460,unknown,no,yes
17461,unknown,yes,no
17462,unknown,yes,no
17463,unknown,no,no
17464,no,no,no
17465,no,no,no
17466,unknown,yes,no
17467,no,yes,no
17468,unknown,no,no
17469,unknown,yes,no
17470,no,no,yes
17471,no,no,no
17472,unknown,no,no
17473,unknown,no,no
17474,unknown,no,yes
17475,no,no,no
17476,no,no,no
17477,unknown,yes,no
17478,no,yes,no
17479,no,yes,no
17480,no,yes,no
17481,no,no,yes
17482,no,yes,yes
17483,no,yes,no
17484,no,no,no
17485,unknown,yes,no
17486,unknown,no,yes
17487,unknown,no,no
17488,no,yes,no
17489,no,no,yes
17490,no,yes,no
17491,no,no,no
17492,no,no,no
17493,no,yes,no
17494,no,no,no
17495,no,no,no
17496,no,yes,no
17497,no,yes,yes
17498,no,yes,yes
17499,unknown,yes,no
17500,unknown,no,yes
17501,no,no,no
17502,unknown,no,no
17503,unknown,no,no
17504,unknown,yes,no
17505,unknown,yes,yes
17506,unknown,yes,no
17507,no,no,no
17508,no,no,no
17509,no,yes,yes
17510,no,yes,no
17511,no,no,no
17512,unknown,yes,no
17513,unknown,no,no
17514,no,no,no
17515,no,no,no
17516,unknown,no,no
17517,unknown,no,no
17518,no,yes,no
17519,no,yes,no
17520,unknown,yes,no
17521,no,no,no
17522,unknown,no,no
17523,no,no,no
17524,unknown,no,no
17525,no,yes,no
17526,no,yes,no
17527,no,no,no
17528,unknown,yes,no
17529,no,yes,no
17530,unknown,yes,no
17531,no,yes,no
17532,no,no,no
17533,no,no,no
17534,unknown,no,no
17535,unknown,yes,no
17536,unknown,yes,no
17537,unknown,yes,no
17538,no,yes,no
17539,no,yes,no
17540,no,unknown,unknown
17541,unknown,no,no
17542,no,yes,no
17543,no,no,no
17544,no,yes,yes
17545,no,yes,no
17546,unknown,yes,no
17547,no,yes,no
17548,no,yes,yes
17549,no,yes,no
17550,no,yes,no
17551,no,no,no
17552,no,yes,no
17553,no,yes,yes
17554,unknown,yes,no
17555,unknown,yes,no
17556,no,yes,yes
17557,no,no,no
17558,unknown,yes,yes
17559,no,yes,yes
17560,unknown,yes,no
17561,no,no,no
17562,no,no,no
17563,no,yes,no
17564,no,no,no
17565,no,no,no
17566,unknown,no,yes
17567,no,yes,yes
17568,no,yes,no
17569,no,yes,yes
17570,no,no,no
17571,no,no,no
17572,no,no,yes
17573,no,yes,yes
17574,no,yes,yes
17575,unknown,no,no
17576,no,yes,no
17577,no,yes,yes
17578,no,yes,no
17579,unknown,yes,no
17580,no,no,no
17581,no,no,no
17582,no,yes,no
17583,unknown,yes,no
17584,no,yes,no
17585,unknown,yes,no
17586,no,yes,no
17587,no,yes,no
17588,no,yes,no
17589,no,yes,no
17590,no,yes,no
17591,no,no,no
17592,unknown,no,no
17593,no,no,no
17594,no,no,no
17595,no,no,yes
17596,no,yes,no
17597,unknown,yes,no
17598,no,no,yes
17599,no,no,no
17600,no,no,yes
17601,no,no,yes
17602,no,no,no
17603,no,no,no
17604,unknown,yes,no
17605,unknown,no,no
17606,unknown,no,no
17607,no,no,no
17608,unknown,no,no
17609,no,yes,no
17610,no,no,no
17611,no,no,no
17612,no,yes,no
17613,unknown,no,no
17614,no,no,no
17615,no,no,no
17616,no,no,no
17617,unknown,no,no
17618,no,yes,yes
17619,unknown,no,no
17620,unknown,yes,no
17621,no,no,no
17622,no,no,no
17623,no,yes,no
17624,unknown,no,no
17625,unknown,yes,yes
17626,unknown,no,yes
17627,no,yes,no
17628,no,no,no
17629,no,yes,no
17630,no,yes,no
17631,no,yes,no
17632,no,no,no
17633,unknown,yes,no
17634,no,yes,yes
17635,no,no,no
17636,no,unknown,unknown
17637,no,yes,yes
17638,unknown,yes,no
17639,unknown,yes,no
17640,no,no,yes
17641,no,yes,yes
17642,no,yes,no
17643,no,no,yes
17644,no,no,no
17645,no,no,no
17646,unknown,no,no
17647,no,yes,no
17648,no,no,no
17649,no,no,no
17650,no,yes,yes
17651,no,yes,no
17652,unknown,no,yes
17653,no,yes,no
17654,no,yes,no
17655,no,no,no
17656,no,no,no
17657,no,yes,no
17658,no,no,yes
17659,unknown,no,no
17660,unknown,yes,yes
17661,no,yes,no
17662,unknown,yes,yes
17663,unknown,yes,no
17664,no,no,no
17665,no,no,yes
17666,no,no,no
17667,unknown,no,no
17668,no,yes,yes
17669,no,yes,yes
17670,no,unknown,unknown
17671,unknown,yes,no
17672,no,no,no
17673,no,yes,yes
17674,unknown,yes,yes
17675,no,no,no
17676,no,yes,no
17677,unknown,no,no
17678,no,yes,no
17679,no,no,yes
17680,unknown,yes,no
17681,unknown,no,no
17682,no,no,no
17683,unknown,yes,no
17684,no,yes,yes
17685,no,yes,no
17686,no,yes,no
17687,no,no,no
17688,no,yes,no
17689,no,no,yes
17690,no,no,no
17691,no,yes,no
17692,no,yes,no
17693,no,no,no
17694,no,yes,no
17695,no,yes,no
17696,no,yes,yes
17697,no,no,no
17698,unknown,yes,no
17699,no,yes,no
17700,unknown,yes,no
17701,unknown,yes,yes
17702,no,yes,no
17703,unknown,yes,yes
17704,no,no,no
17705,no,no,no
17706,unknown,yes,no
17707,no,yes,yes
17708,no,yes,no
17709,unknown,no,no
17710,no,no,yes
17711,no,yes,yes
17712,no,yes,yes
17713,no,no,no
17714,no,yes,no
17715,no,no,no
17716,no,yes,yes
17717,no,no,no
17718,no,yes,no
17719,unknown,no,no
17720,unknown,no,no
17721,unknown,yes,no
17722,no,no,no
17723,no,yes,no
17724,no,yes,no
17725,no,yes,yes
17726,no,no,no
17727,no,yes,no
17728,no,yes,no
17729,no,yes,no
17730,no,no,no
17731,no,no,yes
17732,no,no,no
17733,no,unknown,unknown
17734,no,yes,no
17735,no,no,no
17736,no,no,no
17737,unknown,yes,no
17738,no,unknown,unknown
17739,unknown,no,no
17740,unknown,yes,yes
17741,unknown,yes,no
17742,no,no,no
17743,unknown,yes,no
17744,no,yes,no
17745,no,yes,no
17746,unknown,no,yes
17747,no,no,no
17748,unknown,yes,no
17749,no,yes,no
17750,unknown,yes,no
17751,no,yes,yes
17752,unknown,yes,no
17753,no,yes,no
17754,unknown,no,yes
17755,unknown,no,no
17756,unknown,yes,no
17757,no,no,no
17758,no,yes,no
17759,no,no,no
17760,unknown,yes,yes
17761,unknown,no,no
17762,no,no,no
17763,unknown,yes,no
17764,no,yes,no
17765,unknown,no,yes
17766,unknown,yes,no
17767,no,no,no
17768,unknown,yes,no
17769,no,no,no
17770,no,no,no
17771,unknown,yes,no
17772,unknown,no,no
17773,no,yes,no
17774,unknown,yes,no
17775,no,yes,no
17776,no,no,no
17777,unknown,no,no
17778,no,yes,no
17779,no,yes,no
17780,no,no,no
17781,no,no,no
17782,no,no,no
17783,unknown,no,no
17784,no,yes,no
17785,no,yes,no
17786,no,no,no
17787,unknown,no,no
17788,no,yes,no
17789,unknown,no,no
17790,no,no,no
17791,no,no,no
17792,no,yes,no
17793,unknown,yes,no
17794,no,yes,no
17795,no,yes,no
17796,unknown,no,yes
17797,no,no,no
17798,no,yes,no
17799,no,no,no
17800,no,no,no
17801,unknown,yes,no
17802,no,no,yes
17803,no,yes,no
17804,unknown,yes,no
17805,unknown,no,no
17806,unknown,unknown,unknown
17807,no,no,no
17808,no,no,no
17809,no,no,no
17810,unknown,yes,yes
17811,unknown,no,no
17812,no,yes,no
17813,unknown,no,no
17814,no,yes,no
17815,no,no,yes
17816,unknown,no,no
17817,no,no,no
17818,no,no,yes
17819,no,yes,yes
17820,no,no,no
17821,no,no,no
17822,no,yes,no
17823,no,no,no
17824,no,no,no
17825,unknown,no,no
17826,unknown,no,no
17827,no,yes,no
17828,no,yes,yes
17829,no,yes,yes
17830,unknown,yes,no
17831,no,yes,yes
17832,unknown,no,no
17833,no,no,no
17834,no,no,yes
17835,no,no,yes
17836,unknown,yes,no
17837,no,yes,no
17838,no,no,no
17839,no,no,no
17840,no,yes,yes
17841,unknown,yes,no
17842,unknown,yes,no
17843,no,yes,no
17844,no,yes,no
17845,no,no,no
17846,no,yes,no
17847,no,yes,no
17848,unknown,yes,no
17849,unknown,no,no
17850,no,yes,no
17851,no,no,no
17852,no,yes,no
17853,no,no,no
17854,no,no,no
17855,no,no,yes
17856,no,no,no
17857,no,no,no
17858,no,yes,no
17859,no,no,no
17860,no,yes,no
17861,no,yes,yes
17862,no,no,no
17863,no,no,yes
17864,unknown,yes,no
17865,unknown,no,no
17866,no,yes,no
17867,no,yes,no
17868,no,no,no
17869,unknown,no,yes
17870,no,no,no
17871,no,yes,no
17872,unknown,no,no
17873,no,no,no
17874,no,no,no
17875,no,yes,yes
17876,no,yes,no
17877,unknown,no,no
17878,unknown,no,no
17879,unknown,no,no
17880,unknown,yes,yes
17881,unknown,no,no
17882,unknown,no,no
17883,no,yes,yes
17884,unknown,no,no
17885,no,no,no
17886,no,yes,no
17887,no,yes,no
17888,no,no,yes
17889,no,no,yes
17890,no,no,no
17891,no,yes,no
17892,no,yes,no
17893,no,yes,no
17894,unknown,no,no
17895,no,no,no
17896,no,yes,no
17897,no,yes,no
17898,no,yes,no
17899,no,no,no
17900,unknown,no,no
17901,no,no,yes
17902,unknown,no,no
17903,no,yes,no
17904,no,no,no
17905,no,yes,no
17906,no,no,no
17907,no,yes,no
17908,no,yes,no
17909,no,no,no
17910,no,yes,no
17911,no,no,no
17912,unknown,yes,no
17913,unknown,yes,no
17914,unknown,no,yes
17915,no,yes,no
17916,unknown,yes,no
17917,no,yes,yes
17918,no,no,no
17919,no,yes,no
17920,no,yes,yes
17921,unknown,yes,yes
17922,unknown,no,yes
17923,no,no,no
17924,no,no,no
17925,no,yes,no
17926,no,unknown,unknown
17927,no,unknown,unknown
17928,unknown,yes,no
17929,unknown,yes,no
17930,no,no,no
17931,no,no,no
17932,no,yes,no
17933,no,yes,no
17934,unknown,yes,no
17935,unknown,no,no
17936,no,yes,no
17937,no,no,no
17938,no,yes,yes
17939,unknown,yes,no
17940,no,yes,no
17941,no,no,yes
17942,no,yes,no
17943,no,no,no
17944,no,no,no
17945,no,yes,no
17946,unknown,no,no
17947,no,yes,no
17948,no,yes,no
17949,unknown,no,yes
17950,no,yes,no
17951,no,no,yes
17952,unknown,no,yes
17953,no,no,no
17954,no,yes,no
17955,unknown,yes,yes
17956,no,no,yes
17957,no,yes,no
17958,no,no,no
17959,unknown,no,no
17960,no,no,no
17961,no,no,yes
17962,unknown,no,no
17963,unknown,yes,yes
17964,no,no,no
17965,no,no,no
17966,unknown,no,yes
17967,unknown,no,no
17968,unknown,yes,no
17969,no,no,no
17970,no,no,no
17971,no,yes,no
17972,no,no,no
17973,no,yes,no
17974,no,no,no
17975,no,no,no
17976,no,yes,no
17977,no,no,no
17978,unknown,yes,no
17979,no,yes,no
17980,no,no,no
17981,no,no,no
17982,no,yes,no
17983,no,yes,no
17984,unknown,yes,no
17985,no,yes,no
17986,no,yes,no
17987,no,yes,yes
17988,no,yes,no
17989,no,no,no
17990,no,yes,no
17991,no,no,no
17992,unknown,yes,yes
17993,no,yes,no
17994,no,yes,no
17995,unknown,yes,yes
17996,no,yes,no
17997,no,yes,yes
17998,no,yes,no
17999,unknown,no,no
18000,no,yes,no
18001,unknown,no,no
18002,no,yes,no
18003,unknown,no,yes
18004,unknown,no,no
18005,no,yes,no
18006,unknown,yes,no
18007,no,yes,no
18008,no,no,no
18009,no,yes,yes
18010,no,yes,no
18011,no,no,no
18012,no,yes,yes
18013,no,yes,no
18014,no,yes,no
18015,no,yes,no
18016,no,yes,no
18017,no,yes,no
18018,unknown,no,no
18019,no,yes,no
18020,no,yes,no
18021,no,no,no
18022,no,yes,no
18023,no,no,yes
18024,unknown,yes,no
18025,unknown,yes,yes
18026,no,no,no
18027,unknown,yes,no
18028,no,no,yes
18029,no,no,yes
18030,no,yes,yes
18031,unknown,yes,yes
18032,unknown,yes,yes
18033,no,yes,yes
18034,no,yes,no
18035,no,yes,no
18036,no,no,no
18037,unknown,yes,no
18038,no,yes,yes
18039,no,yes,no
18040,no,yes,no
18041,no,no,no
18042,no,no,no
18043,unknown,no,no
18044,no,no,no
18045,unknown,yes,no
18046,no,no,no
18047,no,yes,no
18048,no,no,no
18049,no,yes,yes
18050,unknown,yes,no
18051,no,yes,yes
18052,no,yes,no
18053,unknown,no,no
18054,no,no,no
18055,unknown,yes,no
18056,no,yes,yes
18057,no,yes,no
18058,no,no,no
18059,no,no,no
18060,no,yes,no
18061,no,yes,no
18062,unknown,yes,no
18063,no,yes,no
18064,no,yes,yes
18065,no,yes,no
18066,no,yes,no
18067,unknown,yes,no
18068,no,yes,no
18069,no,yes,no
18070,no,no,no
18071,no,yes,no
18072,no,yes,no
18073,unknown,no,no
18074,no,yes,no
18075,no,no,no
18076,no,yes,no
18077,no,yes,yes
18078,no,no,no
18079,no,no,no
18080,unknown,no,no
18081,no,yes,no
18082,unknown,no,no
18083,no,no,no
18084,no,yes,no
18085,no,yes,yes
18086,no,yes,no
18087,no,yes,no
18088,no,yes,no
18089,no,yes,no
18090,no,no,no
18091,no,yes,no
18092,no,yes,no
18093,no,yes,no
18094,unknown,yes,no
18095,no,no,yes
18096,unknown,yes,no
18097,unknown,no,no
18098,unknown,no,no
18099,unknown,no,no
18100,no,yes,no
18101,no,no,no
18102,unknown,unknown,unknown
18103,no,no,no
18104,no,yes,no
18105,no,yes,no
18106,unknown,no,yes
18107,no,yes,no
18108,no,yes,no
18109,unknown,yes,no
18110,no,no,no
18111,no,no,no
18112,no,yes,no
18113,no,yes,no
18114,unknown,yes,no
18115,no,no,no
18116,no,yes,no
18117,no,no,no
18118,no,no,no
18119,no,no,no
18120,no,no,no
18121,no,no,no
18122,no,no,no
18123,no,no,no
18124,no,no,no
18125,unknown,yes,no
18126,no,yes,no
18127,no,yes,yes
18128,no,yes,no
18129,no,yes,no
18130,no,no,no
18131,unknown,no,no
18132,no,yes,no
18133,no,no,no
18134,unknown,no,no
18135,no,yes,no
18136,no,yes,yes
18137,no,no,yes
18138,no,no,no
18139,no,no,yes
18140,no,no,yes
18141,no,yes,no
18142,no,yes,no
18143,no,yes,no
18144,no,yes,no
18145,no,yes,no
18146,no,yes,no
18147,no,yes,no
18148,no,no,no
18149,no,no,yes
18150,no,no,no
18151,no,yes,no
18152,no,no,no
18153,no,yes,yes
18154,no,no,no
18155,no,yes,no
18156,no,yes,no
18157,no,yes,no
18158,no,no,yes
18159,no,yes,no
18160,no,no,no
18161,unknown,yes,no
18162,no,yes,no
18163,unknown,yes,no
18164,no,yes,no
18165,no,yes,no
18166,no,no,no
18167,no,no,no
18168,no,yes,no
18169,no,no,no
18170,no,no,no
18171,no,yes,yes
18172,no,yes,yes
18173,no,no,no
18174,no,no,yes
18175,no,no,no
18176,no,yes,no
18177,no,no,no
18178,no,no,no
18179,unknown,no,no
18180,no,no,no
18181,unknown,no,yes
18182,unknown,yes,no
18183,no,yes,no
18184,no,yes,no
18185,no,yes,no
18186,no,yes,no
18187,no,yes,no
18188,unknown,no,no
18189,no,yes,no
18190,unknown,yes,no
18191,no,no,no
18192,no,yes,no
18193,no,no,no
18194,no,no,yes
18195,no,yes,no
18196,no,no,no
18197,no,no,no
18198,no,yes,no
18199,no,yes,yes
18200,no,yes,no
18201,no,yes,no
18202,no,yes,no
18203,no,yes,yes
18204,no,no,no
18205,no,no,no
18206,no,yes,no
18207,no,yes,no
18208,no,yes,no
18209,no,no,yes
18210,no,no,yes
18211,unknown,yes,no
18212,no,yes,yes
18213,no,unknown,unknown
18214,no,unknown,unknown
18215,no,yes,no
18216,no,no,yes
18217,no,no,no
18218,no,no,no
18219,no,yes,yes
18220,unknown,no,no
18221,no,yes,yes
18222,no,no,yes
18223,unknown,no,no
18224,unknown,no,no
18225,no,no,no
18226,no,yes,no
18227,no,no,no
18228,no,yes,yes
18229,no,no,no
18230,no,yes,no
18231,no,yes,no
18232,unknown,yes,no
18233,no,yes,no
18234,no,no,no
18235,no,no,no
18236,unknown,yes,yes
18237,no,no,no
18238,no,no,yes
18239,unknown,yes,yes
18240,no,yes,no
18241,no,yes,no
18242,no,no,yes
18243,no,yes,no
18244,unknown,no,no
18245,no,no,yes
18246,no,no,no
18247,no,yes,no
18248,no,unknown,unknown
18249,no,no,yes
18250,unknown,yes,no
18251,unknown,no,no
18252,no,yes,yes
18253,no,yes,no
18254,no,no,no
18255,no,yes,no
18256,no,no,no
18257,no,yes,yes
18258,no,yes,no
18259,unknown,yes,yes
18260,no,no,no
18261,no,no,no
18262,no,yes,yes
18263,no,yes,no
18264,no,yes,no
18265,unknown,yes,no
18266,no,no,no
18267,no,no,no
18268,unknown,yes,yes
18269,no,yes,no
18270,no,no,no
18271,no,no,no
18272,no,yes,yes
18273,no,yes,yes
18274,no,no,no
18275,unknown,yes,no
18276,unknown,yes,no
18277,unknown,yes,no
18278,no,no,no
18279,no,no,no
18280,no,no,no
18281,no,no,no
18282,unknown,no,no
18283,no,no,yes
18284,no,no,no
18285,no,yes,no
18286,no,yes,yes
18287,unknown,yes,no
18288,no,yes,no
18289,no,no,no
18290,no,no,no
18291,no,no,no
18292,no,yes,yes
18293,unknown,no,no
18294,no,yes,no
18295,no,yes,no
18296,unknown,yes,yes
18297,unknown,yes,yes
18298,unknown,yes,no
18299,no,no,no
18300,no,yes,no
18301,no,yes,yes
18302,no,yes,no
18303,no,no,no
18304,no,yes,yes
18305,no,yes,no
18306,no,no,no
18307,no,no,no
18308,no,no,no
18309,unknown,no,no
18310,no,no,no
18311,no,no,yes
18312,no,yes,no
18313,no,no,no
18314,no,yes,no
18315,no,no,no
18316,no,yes,no
18317,no,no,no
18318,no,no,no
18319,no,no,no
18320,no,yes,no
18321,no,yes,yes
18322,no,no,no
18323,no,no,no
18324,no,no,no
18325,no,yes,no
18326,no,no,no
18327,no,yes,no
18328,unknown,no,yes
18329,unknown,yes,yes
18330,no,no,no
18331,no,no,yes
18332,no,yes,no
18333,unknown,yes,no
18334,no,yes,no
18335,no,yes,yes
18336,no,yes,yes
18337,unknown,yes,no
18338,unknown,yes,no
18339,no,yes,no
18340,unknown,yes,no
18341,no,no,no
18342,no,no,no
18343,no,yes,no
18344,no,no,no
18345,no,yes,no
18346,unknown,no,no
18347,no,no,no
18348,no,yes,no
18349,no,yes,yes
18350,no,no,no
18351,no,yes,yes
18352,no,no,no
18353,no,no,no
18354,no,no,no
18355,no,no,no
18356,no,yes,no
18357,no,no,yes
18358,no,yes,yes
18359,no,yes,no
18360,no,no,no
18361,unknown,no,no
18362,no,no,no
18363,no,yes,no
18364,unknown,no,yes
18365,unknown,no,yes
18366,no,yes,no
18367,no,yes,no
18368,no,no,yes
18369,no,yes,no
18370,no,no,no
18371,unknown,no,no
18372,unknown,yes,no
18373,no,no,no
18374,no,unknown,unknown
18375,no,yes,no
18376,no,yes,no
18377,no,no,no
18378,no,no,yes
18379,no,yes,no
18380,no,yes,no
18381,no,yes,no
18382,unknown,yes,no
18383,no,yes,no
18384,unknown,no,yes
18385,no,yes,no
18386,no,no,yes
18387,no,yes,yes
18388,no,unknown,unknown
18389,no,no,no
18390,no,no,no
18391,unknown,yes,no
18392,no,no,no
18393,no,no,no
18394,no,yes,no
18395,no,yes,no
18396,no,yes,no
18397,no,yes,no
18398,no,yes,no
18399,unknown,no,no
18400,no,no,no
18401,no,no,no
18402,no,unknown,unknown
18403,unknown,no,no
18404,no,yes,no
18405,unknown,no,no
18406,no,no,no
18407,no,no,no
18408,no,no,no
18409,no,no,no
18410,no,no,no
18411,no,no,no
18412,no,yes,no
18413,no,yes,no
18414,no,no,no
18415,no,no,yes
18416,no,yes,no
18417,no,no,yes
18418,no,unknown,unknown
18419,no,no,yes
18420,no,yes,no
18421,no,yes,no
18422,unknown,yes,yes
18423,unknown,yes,no
18424,no,no,yes
18425,no,yes,yes
18426,no,no,yes
18427,no,yes,yes
18428,unknown,no,no
18429,unknown,no,yes
18430,no,yes,no
18431,no,yes,no
18432,no,no,yes
18433,no,no,no
18434,no,no,no
18435,no,no,no
18436,no,yes,no
18437,unknown,no,no
18438,unknown,yes,no
18439,unknown,yes,no
18440,unknown,yes,no
18441,no,yes,no
18442,no,no,yes
18443,no,yes,no
18444,no,no,no
18445,unknown,no,no
18446,no,yes,no
18447,no,yes,no
18448,no,yes,no
18449,no,no,yes
18450,no,no,no
18451,unknown,yes,no
18452,unknown,no,no
18453,no,yes,no
18454,no,no,yes
18455,no,yes,no
18456,no,no,no
18457,unknown,no,no
18458,no,no,yes
18459,no,yes,yes
18460,no,no,yes
18461,no,no,no
18462,no,no,no
18463,no,yes,yes
18464,no,no,no
18465,no,yes,no
18466,no,yes,no
18467,no,no,no
18468,no,yes,yes
18469,no,no,no
18470,no,no,no
18471,unknown,no,yes
18472,no,yes,no
18473,no,no,no
18474,no,yes,no
18475,no,unknown,unknown
18476,unknown,no,no
18477,no,yes,yes
18478,no,yes,no
18479,no,yes,no
18480,no,yes,no
18481,no,yes,no
18482,no,yes,no
18483,no,no,no
18484,no,no,yes
18485,unknown,no,no
18486,no,yes,no
18487,unknown,yes,no
18488,no,yes,no
18489,no,no,no
18490,no,no,no
18491,no,no,no
18492,no,yes,no
18493,no,yes,no
18494,no,yes,no
18495,no,no,no
18496,no,no,no
18497,no,no,no
18498,no,no,no
18499,unknown,no,yes
18500,unknown,no,yes
18501,no,yes,no
18502,no,yes,yes
18503,no,yes,no
18504,unknown,no,no
18505,no,yes,no
18506,no,yes,no
18507,no,yes,no
18508,no,unknown,unknown
18509,unknown,yes,no
18510,no,unknown,unknown
18511,no,yes,no
18512,no,yes,yes
18513,no,no,no
18514,unknown,yes,no
18515,no,no,no
18516,no,no,no
18517,unknown,yes,no
18518,unknown,no,no
18519,no,yes,no
18520,unknown,yes,no
18521,no,yes,yes
18522,no,no,no
18523,no,yes,no
18524,no,yes,no
18525,no,no,no
18526,no,yes,yes
18527,unknown,no,no
18528,no,yes,no
18529,no,no,no
18530,no,no,no
18531,unknown,yes,no
18532,no,no,no
18533,no,no,no
18534,no,yes,no
18535,no,no,no
18536,unknown,no,no
18537,no,no,no
18538,no,no,yes
18539,unknown,no,no
18540,unknown,no,no
18541,no,yes,yes
18542,no,yes,no
18543,unknown,yes,no
18544,no,no,no
18545,no,no,no
18546,no,yes,no
18547,unknown,unknown,unknown
18548,no,no,no
18549,no,no,no
18550,no,no,yes
18551,no,yes,yes
18552,no,no,no
18553,unknown,yes,no
18554,no,no,no
18555,unknown,yes,no
18556,no,no,yes
18557,no,no,yes
18558,no,yes,no
18559,no,no,no
18560,no,no,yes
18561,no,no,yes
18562,unknown,yes,no
18563,no,yes,no
18564,no,yes,no
18565,no,no,yes
18566,unknown,yes,no
18567,no,no,no
18568,no,yes,no
18569,no,no,no
18570,unknown,yes,no
18571,no,no,no
18572,no,no,no
18573,no,no,no
18574,no,no,no
18575,no,no,no
18576,no,no,no
18577,no,yes,no
18578,no,no,no
18579,no,yes,no
18580,unknown,no,no
18581,no,yes,no
18582,no,yes,yes
18583,unknown,no,yes
18584,no,yes,no
18585,no,no,no
18586,no,yes,yes
18587,no,yes,no
18588,no,yes,no
18589,no,yes,no
18590,no,yes,no
18591,no,no,no
18592,no,yes,no
18593,no,yes,no
18594,no,yes,no
18595,no,yes,no
18596,no,no,no
18597,unknown,yes,no
18598,no,no,no
18599,no,no,no
18600,no,yes,no
18601,no,no,no
18602,unknown,no,no
18603,no,yes,no
18604,no,yes,no
18605,unknown,no,yes
18606,no,yes,no
18607,unknown,yes,no
18608,no,no,no
18609,no,yes,no
18610,no,yes,no
18611,no,no,no
18612,no,no,no
18613,no,yes,no
18614,no,yes,no
18615,unknown,yes,no
18616,no,unknown,unknown
18617,no,yes,yes
18618,unknown,no,no
18619,no,no,no
18620,no,yes,yes
18621,unknown,yes,no
18622,no,no,no
18623,no,no,no
18624,no,yes,no
18625,unknown,no,no
18626,unknown,yes,no
18627,no,yes,no
18628,no,no,no
18629,no,yes,no
18630,no,no,no
18631,unknown,no,no
18632,no,yes,no
18633,no,no,no
18634,no,yes,yes
18635,no,no,no
18636,unknown,yes,no
18637,no,no,no
18638,no,no,no
18639,no,yes,no
18640,no,yes,no
18641,no,yes,no
18642,no,no,no
18643,no,no,no
18644,no,yes,no
18645,no,yes,no
18646,unknown,yes,no
18647,no,yes,no
18648,no,yes,no
18649,no,no,yes
18650,no,no,no
18651,unknown,no,yes
18652,no,yes,no
18653,unknown,yes,no
18654,no,yes,no
18655,no,yes,yes
18656,no,no,no
18657,no,yes,no
18658,no,yes,no
18659,no,yes,yes
18660,no,yes,no
18661,no,yes,no
18662,no,yes,no
18663,no,no,no
18664,no,yes,no
18665,no,yes,yes
18666,no,yes,no
18667,no,no,no
18668,unknown,no,no
18669,unknown,no,no
18670,no,yes,no
18671,no,no,no
18672,unknown,no,no
18673,no,no,no
18674,no,yes,no
18675,no,no,no
18676,unknown,no,yes
18677,unknown,no,no
18678,unknown,no,no
18679,no,no,no
18680,no,yes,no
18681,no,yes,yes
18682,no,yes,yes
18683,unknown,yes,no
18684,no,yes,no
18685,no,no,no
18686,no,yes,no
18687,no,yes,no
18688,no,yes,yes
18689,no,yes,no
18690,no,yes,yes
18691,no,no,no
18692,no,yes,no
18693,unknown,no,no
18694,no,yes,no
18695,no,yes,no
18696,no,yes,no
18697,unknown,yes,no
18698,unknown,no,no
18699,no,yes,yes
18700,no,no,no
18701,no,yes,yes
18702,no,yes,no
18703,unknown,no,no
18704,no,no,yes
18705,no,no,no
18706,no,no,no
18707,no,yes,no
18708,no,no,no
18709,no,yes,no
18710,no,yes,no
18711,no,no,no
18712,no,no,no
18713,no,yes,no
18714,unknown,yes,no
18715,no,no,yes
18716,no,no,no
18717,unknown,yes,no
18718,no,no,no
18719,no,yes,no
18720,unknown,yes,no
18721,no,no,no
18722,unknown,no,no
18723,no,no,no
18724,no,yes,no
18725,no,no,no
18726,no,no,no
18727,no,yes,no
18728,unknown,yes,no
18729,unknown,yes,no
18730,no,no,no
18731,no,yes,no
18732,no,yes,yes
18733,no,no,no
18734,no,no,yes
18735,no,yes,no
18736,unknown,yes,no
18737,unknown,yes,no
18738,unknown,yes,no
18739,no,yes,no
18740,no,no,no
18741,no,yes,no
18742,unknown,no,no
18743,no,yes,no
18744,no,no,no
18745,unknown,yes,no
18746,unknown,yes,no
18747,no,no,no
18748,no,yes,no
18749,no,yes,no
18750,no,no,no
18751,no,no,yes
18752,no,no,yes
18753,no,yes,no
18754,unknown,no,no
18755,no,no,no
18756,no,yes,no
18757,unknown,no,yes
18758,no,no,no
18759,no,yes,yes
18760,no,yes,no
18761,no,yes,no
18762,no,yes,no
18763,no,yes,no
18764,no,yes,no
18765,no,yes,no
18766,no,yes,no
18767,no,yes,no
18768,no,no,yes
18769,no,no,no
18770,no,no,no
18771,no,yes,no
18772,no,yes,yes
18773,no,no,no
18774,no,no,no
18775,unknown,yes,no
18776,no,yes,no
18777,no,yes,yes
18778,no,no,no
18779,no,yes,yes
18780,no,yes,yes
18781,unknown,yes,no
18782,unknown,yes,no
18783,unknown,yes,no
18784,no,yes,no
18785,no,yes,no
18786,no,yes,no
18787,no,yes,no
18788,no,yes,yes
18789,no,yes,no
18790,no,no,no
18791,no,yes,no
18792,unknown,yes,yes
18793,no,yes,no
18794,no,yes,no
18795,unknown,no,no
18796,no,yes,no
18797,no,yes,no
18798,no,no,no
18799,no,yes,no
18800,unknown,yes,no
18801,no,yes,no
18802,no,yes,no
18803,no,yes,no
18804,no,yes,no
18805,no,no,no
18806,unknown,no,no
18807,no,no,no
18808,no,no,no
18809,unknown,no,yes
18810,no,yes,no
18811,no,yes,no
18812,no,yes,no
18813,unknown,yes,no
18814,no,no,no
18815,no,no,yes
18816,no,no,no
18817,no,no,no
18818,no,no,yes
18819,no,no,yes
18820,unknown,no,no
18821,unknown,no,yes
18822,unknown,no,no
18823,unknown,no,yes
18824,no,no,yes
18825,no,yes,no
18826,no,no,no
18827,no,unknown,unknown
18828,no,yes,no
18829,no,no,no
18830,no,yes,yes
18831,no,yes,no
18832,no,no,no
18833,unknown,no,no
18834,unknown,yes,no
18835,no,yes,no
18836,no,yes,no
18837,no,yes,no
18838,no,yes,no
18839,no,yes,no
18840,unknown,yes,no
18841,no,yes,no
18842,no,yes,no
18843,no,no,no
18844,no,no,no
18845,no,no,no
18846,no,yes,no
18847,no,no,no
18848,no,no,no
18849,no,no,no
18850,no,no,no
18851,no,no,yes
18852,no,yes,no
18853,no,yes,no
18854,unknown,no,no
18855,unknown,yes,no
18856,unknown,yes,no
18857,no,no,no
18858,no,unknown,unknown
18859,no,no,no
18860,no,no,no
18861,no,yes,no
18862,no,yes,no
18863,no,yes,no
18864,no,yes,no
18865,no,yes,no
18866,no,yes,no
18867,unknown,no,no
18868,unknown,yes,yes
18869,no,yes,no
18870,unknown,yes,no
18871,no,yes,no
18872,no,yes,no
18873,no,no,no
18874,unknown,no,no
18875,unknown,yes,no
18876,no,yes,no
18877,no,yes,yes
18878,unknown,yes,no
18879,no,yes,no
18880,no,yes,yes
18881,no,no,yes
18882,unknown,yes,no
18883,no,no,no
18884,no,no,no
18885,no,no,no
18886,no,yes,no
18887,no,no,no
18888,unknown,no,no
18889,unknown,no,no
18890,no,no,no
18891,no,no,yes
18892,no,no,no
18893,no,yes,yes
18894,no,yes,no
18895,no,no,no
18896,no,no,no
18897,no,yes,no
18898,no,no,yes
18899,no,yes,no
18900,no,yes,no
18901,no,yes,yes
18902,unknown,no,no
18903,unknown,yes,no
18904,no,no,no
18905,no,no,no
18906,no,no,no
18907,unknown,no,no
18908,no,yes,no
18909,unknown,yes,no
18910,no,no,yes
18911,no,yes,no
18912,unknown,yes,no
18913,no,no,no
18914,no,yes,no
18915,no,no,no
18916,no,yes,no
18917,unknown,yes,no
18918,no,yes,no
18919,no,no,no
18920,unknown,yes,no
18921,no,no,no
18922,no,no,no
18923,no,yes,no
18924,no,no,no
18925,no,yes,yes
18926,unknown,no,no
18927,unknown,no,no
18928,no,yes,yes
18929,no,no,no
18930,no,yes,no
18931,no,yes,no
18932,no,yes,no
18933,no,no,no
18934,no,no,yes
18935,no,yes,no
18936,no,no,no
18937,no,no,no
18938,no,no,no
18939,no,no,no
18940,no,yes,no
18941,no,yes,no
18942,no,no,no
18943,no,yes,no
18944,no,yes,no
18945,no,no,no
18946,no,no,no
18947,no,yes,no
18948,unknown,yes,no
18949,unknown,yes,no
18950,no,yes,no
18951,unknown,no,no
18952,no,yes,yes
18953,no,no,no
18954,no,yes,no
18955,no,yes,no
18956,no,yes,no
18957,no,yes,no
18958,no,yes,yes
18959,no,yes,no
18960,no,yes,no
18961,no,yes,no
18962,no,yes,no
18963,unknown,no,no
18964,no,yes,no
18965,unknown,no,yes
18966,no,no,no
18967,unknown,yes,no
18968,unknown,yes,no
18969,unknown,yes,yes
18970,unknown,yes,no
18971,no,yes,no
18972,no,no,no
18973,no,no,yes
18974,no,no,no
18975,unknown,yes,no
18976,no,yes,no
18977,unknown,yes,no
18978,no,yes,no
18979,no,no,yes
18980,no,yes,no
18981,no,no,no
18982,unknown,yes,no
18983,unknown,no,no
18984,unknown,yes,no
18985,no,no,no
18986,no,yes,no
18987,no,yes,no
18988,no,no,no
18989,no,yes,no
18990,no,no,no
18991,no,yes,no
18992,unknown,yes,no
18993,unknown,no,no
18994,no,no,no
18995,no,yes,no
18996,no,yes,no
18997,no,no,no
18998,no,no,no
18999,no,yes,no
19000,no,yes,no
19001,no,no,no
19002,no,yes,no
19003,no,yes,no
19004,no,no,yes
19005,no,no,no
19006,no,yes,no
19007,no,no,no
19008,no,no,no
19009,no,no,no
19010,no,yes,yes
19011,no,yes,no
19012,no,yes,no
19013,no,yes,no
19014,no,no,no
19015,no,no,yes
19016,no,no,no
19017,no,yes,no
19018,no,no,no
19019,no,no,yes
19020,no,yes,no
19021,no,no,no
19022,no,yes,no
19023,no,no,no
19024,no,no,no
19025,no,yes,no
19026,no,no,no
19027,no,yes,no
19028,unknown,yes,no
19029,unknown,no,no
19030,unknown,no,no
19031,no,yes,no
19032,unknown,no,no
19033,no,yes,no
19034,no,no,no
19035,no,no,no
19036,no,yes,no
19037,no,yes,no
19038,unknown,yes,no
19039,unknown,no,no
19040,no,yes,no
19041,unknown,yes,no
19042,no,yes,no
19043,no,yes,no
19044,no,yes,no
19045,no,yes,no
19046,no,yes,yes
19047,no,yes,no
19048,no,no,no
19049,no,no,no
19050,no,yes,yes
19051,unknown,yes,no
19052,unknown,no,no
19053,unknown,yes,no
19054,unknown,no,no
19055,no,yes,no
19056,no,no,no
19057,no,yes,no
19058,unknown,yes,no
19059,no,yes,no
19060,no,no,no
19061,unknown,yes,no
19062,unknown,yes,no
19063,no,yes,no
19064,no,yes,no
19065,no,yes,no
19066,no,yes,no
19067,no,no,no
19068,unknown,no,no
19069,no,yes,no
19070,no,yes,no
19071,unknown,yes,no
19072,unknown,no,no
19073,unknown,yes,no
19074,unknown,yes,no
19075,no,yes,yes
19076,no,no,no
19077,no,yes,no
19078,unknown,yes,no
19079,no,yes,no
19080,no,yes,no
19081,no,yes,no
19082,no,no,no
19083,no,yes,yes
19084,no,yes,no
19085,no,no,no
19086,unknown,yes,yes
19087,no,yes,no
19088,unknown,yes,no
19089,no,yes,no
19090,no,yes,no
19091,no,yes,no
19092,no,yes,no
19093,no,yes,no
19094,unknown,yes,no
19095,no,no,no
19096,no,no,no
19097,no,yes,no
19098,no,yes,no
19099,no,yes,no
19100,no,no,no
19101,no,no,no
19102,no,yes,no
19103,unknown,yes,no
19104,no,no,yes
19105,no,yes,no
19106,no,yes,no
19107,no,yes,no
19108,unknown,yes,no
19109,no,yes,no
19110,unknown,no,no
19111,no,no,no
19112,unknown,no,no
19113,no,no,no
19114,unknown,yes,no
19115,no,yes,no
19116,no,yes,no
19117,no,yes,no
19118,no,no,yes
19119,no,yes,no
19120,no,no,no
19121,unknown,no,no
19122,no,no,no
19123,no,yes,no
19124,no,no,no
19125,unknown,yes,no
19126,no,yes,no
19127,no,yes,yes
19128,no,no,no
19129,no,yes,no
19130,unknown,yes,no
19131,no,yes,no
19132,no,no,no
19133,no,no,yes
19134,unknown,no,no
19135,no,yes,no
19136,no,yes,yes
19137,unknown,no,no
19138,no,no,no
19139,no,yes,no
19140,unknown,no,no
19141,no,no,no
19142,no,no,no
19143,no,no,no
19144,unknown,no,no
19145,no,no,no
19146,no,no,no
19147,no,no,no
19148,no,no,no
19149,no,no,no
19150,no,yes,no
19151,unknown,no,no
19152,no,no,no
19153,unknown,yes,no
19154,no,no,no
19155,no,no,no
19156,no,no,no
19157,no,no,yes
19158,unknown,yes,yes
19159,no,yes,no
19160,no,yes,no
19161,no,no,no
19162,no,no,no
19163,no,no,no
19164,no,yes,no
19165,no,no,yes
19166,no,yes,no
19167,no,yes,yes
19168,no,no,no
19169,unknown,no,no
19170,no,yes,no
19171,no,yes,yes
19172,no,yes,no
19173,no,yes,no
19174,no,no,no
19175,no,no,yes
19176,unknown,no,no
19177,unknown,no,no
19178,unknown,yes,no
19179,no,yes,no
19180,no,yes,no
19181,no,no,no
19182,unknown,yes,no
19183,unknown,yes,yes
19184,no,yes,no
19185,no,yes,no
19186,unknown,yes,no
19187,unknown,yes,no
19188,no,yes,no
19189,no,yes,no
19190,no,yes,no
19191,no,no,no
19192,no,yes,no
19193,no,yes,no
19194,no,yes,no
19195,no,no,no
19196,unknown,yes,no
19197,unknown,yes,no
19198,unknown,yes,no
19199,unknown,yes,yes
19200,no,yes,yes
19201,no,yes,no
19202,no,no,no
19203,no,yes,no
19204,no,yes,no
19205,unknown,yes,yes
19206,no,yes,no
19207,no,no,no
19208,no,no,no
19209,no,yes,no
19210,no,no,no
19211,no,no,no
19212,no,no,yes
19213,no,no,no
19214,no,no,yes
19215,no,no,no
19216,no,no,no
19217,no,yes,no
19218,unknown,yes,yes
19219,unknown,no,no
19220,no,yes,no
19221,unknown,yes,no
19222,no,no,no
19223,unknown,unknown,unknown
19224,no,unknown,unknown
19225,no,no,no
19226,no,yes,no
19227,no,no,no
19228,no,yes,no
19229,no,no,no
19230,unknown,no,no
19231,unknown,no,no
19232,no,yes,no
19233,unknown,yes,no
19234,unknown,yes,yes
19235,unknown,yes,yes
19236,no,yes,no
19237,unknown,yes,no
19238,no,yes,no
19239,unknown,yes,no
19240,no,yes,yes
19241,unknown,yes,no
19242,no,no,no
19243,no,yes,no
19244,no,yes,no
19245,no,yes,no
19246,no,no,no
19247,no,no,no
19248,no,yes,yes
19249,no,yes,yes
19250,no,no,no
19251,no,yes,no
19252,no,yes,yes
19253,no,no,no
19254,unknown,yes,no
19255,unknown,yes,yes
19256,no,yes,no
19257,no,yes,no
19258,no,yes,no
19259,no,yes,no
19260,no,yes,yes
19261,unknown,no,no
19262,unknown,no,no
19263,unknown,no,no
19264,no,yes,yes
19265,no,no,yes
19266,no,no,yes
19267,unknown,no,no
19268,no,yes,yes
19269,unknown,no,no
19270,unknown,no,yes
19271,unknown,no,no
19272,no,yes,no
19273,no,no,no
19274,no,no,no
19275,no,yes,yes
19276,no,no,no
19277,no,yes,yes
19278,no,yes,yes
19279,no,unknown,unknown
19280,no,no,no
19281,no,yes,no
19282,no,yes,yes
19283,no,yes,no
19284,unknown,no,no
19285,no,no,no
19286,no,no,yes
19287,no,yes,no
19288,no,no,no
19289,no,yes,yes
19290,no,yes,no
19291,no,yes,no
19292,no,yes,no
19293,no,yes,no
19294,unknown,yes,yes
19295,no,yes,no
19296,no,yes,no
19297,no,yes,no
19298,no,no,no
19299,no,yes,no
19300,no,no,no
19301,no,no,no
19302,unknown,no,yes
19303,no,yes,no
19304,no,yes,no
19305,unknown,no,no
19306,no,yes,no
19307,no,yes,no
19308,no,no,no
19309,no,no,no
19310,unknown,yes,no
19311,no,no,no
19312,no,yes,no
19313,no,no,no
19314,no,yes,no
19315,unknown,no,no
19316,no,yes,no
19317,unknown,unknown,unknown
19318,unknown,no,no
19319,no,no,no
19320,unknown,yes,yes
19321,unknown,yes,no
19322,no,yes,no
19323,unknown,yes,no
19324,no,no,no
19325,no,yes,no
19326,no,yes,no
19327,no,yes,no
19328,no,yes,no
19329,no,yes,no
19330,unknown,yes,no
19331,no,yes,no
19332,no,no,no
19333,unknown,yes,no
19334,no,yes,yes
19335,unknown,yes,no
19336,no,no,no
19337,no,no,no
19338,no,unknown,unknown
19339,no,yes,yes
19340,no,yes,no
19341,no,yes,no
19342,unknown,yes,no
19343,no,no,no
19344,no,yes,no
19345,no,no,no
19346,no,no,no
19347,no,no,no
19348,unknown,yes,no
19349,no,no,no
19350,unknown,yes,no
19351,no,no,no
19352,no,yes,no
19353,no,no,no
19354,no,yes,no
19355,unknown,no,no
19356,no,yes,no
19357,unknown,no,no
19358,unknown,no,no
19359,no,yes,no
19360,unknown,no,no
19361,no,no,no
19362,unknown,yes,no
19363,no,no,no
19364,unknown,no,yes
19365,no,yes,no
19366,no,yes,no
19367,no,yes,no
19368,no,no,no
19369,unknown,no,no
19370,no,yes,no
19371,unknown,yes,no
19372,no,yes,no
19373,no,no,no
19374,no,yes,yes
19375,unknown,no,no
19376,unknown,yes,no
19377,no,no,no
19378,no,yes,no
19379,no,yes,yes
19380,no,no,no
19381,no,yes,no
19382,unknown,yes,yes
19383,no,no,no
19384,unknown,no,no
19385,no,unknown,unknown
19386,no,no,yes
19387,no,yes,no
19388,no,yes,no
19389,unknown,yes,no
19390,unknown,no,no
19391,no,yes,yes
19392,no,no,no
19393,no,yes,no
19394,no,no,no
19395,no,no,no
19396,no,yes,no
19397,no,yes,no
19398,no,no,no
19399,no,yes,no
19400,unknown,yes,no
19401,unknown,no,no
19402,no,no,no
19403,no,yes,no
19404,no,no,no
19405,unknown,no,no
19406,no,yes,no
19407,no,yes,no
19408,no,yes,no
19409,no,no,no
19410,no,no,no
19411,no,yes,yes
19412,no,no,no
19413,unknown,no,no
19414,no,no,no
19415,no,no,no
19416,no,no,no
19417,no,yes,no
19418,no,yes,yes
19419,no,no,no
19420,unknown,unknown,unknown
19421,no,yes,yes
19422,no,no,no
19423,unknown,no,yes
19424,no,yes,no
19425,no,yes,yes
19426,no,yes,yes
19427,unknown,yes,no
19428,no,unknown,unknown
19429,no,no,no
19430,no,no,no
19431,no,no,yes
19432,unknown,no,no
19433,no,yes,yes
19434,no,yes,yes
19435,no,yes,yes
19436,no,yes,no
19437,no,yes,yes
19438,unknown,yes,yes
19439,no,yes,yes
19440,no,no,yes
19441,no,yes,yes
19442,no,yes,yes
19443,no,yes,no
19444,no,no,no
19445,no,no,no
19446,no,yes,yes
19447,no,no,no
19448,unknown,yes,yes
19449,unknown,no,no
19450,no,yes,yes
19451,no,no,no
19452,unknown,yes,no
19453,no,yes,no
19454,no,yes,no
19455,no,no,no
19456,no,no,no
19457,no,yes,no
19458,no,no,no
19459,no,yes,no
19460,no,yes,no
19461,no,yes,no
19462,no,no,yes
19463,no,yes,no
19464,unknown,yes,no
19465,no,yes,no
19466,unknown,yes,no
19467,unknown,yes,no
19468,unknown,no,no
19469,no,yes,yes
19470,no,no,no
19471,no,no,no
19472,unknown,no,no
19473,no,no,no
19474,no,no,no
19475,no,yes,no
19476,no,no,no
19477,unknown,no,yes
19478,no,no,no
19479,no,no,no
19480,unknown,no,no
19481,no,yes,no
19482,unknown,yes,no
19483,no,no,no
19484,no,no,no
19485,unknown,yes,no
19486,no,yes,no
19487,no,yes,no
19488,unknown,no,no
19489,no,yes,yes
19490,no,no,yes
19491,unknown,yes,no
19492,no,no,no
19493,unknown,no,yes
19494,unknown,no,yes
19495,no,yes,yes
19496,unknown,yes,no
19497,no,no,no
19498,no,yes,no
19499,no,yes,no
19500,no,yes,no
19501,unknown,yes,no
19502,no,yes,yes
19503,no,yes,yes
19504,no,yes,yes
19505,no,no,no
19506,no,yes,no
19507,no,no,no
19508,no,yes,no
19509,unknown,yes,no
19510,no,yes,no
19511,no,no,no
19512,unknown,yes,yes
19513,unknown,yes,no
19514,no,yes,no
19515,no,yes,yes
19516,no,no,no
19517,no,yes,yes
19518,no,no,no
19519,unknown,yes,no
19520,no,no,yes
19521,no,no,yes
19522,no,yes,yes
19523,no,yes,no
19524,no,yes,no
19525,no,yes,no
19526,no,no,no
19527,no,no,no
19528,no,yes,yes
19529,no,yes,yes
19530,no,no,yes
19531,unknown,yes,no
19532,no,no,no
19533,no,yes,no
19534,no,no,no
19535,no,yes,no
19536,unknown,no,yes
19537,unknown,yes,no
19538,no,no,no
19539,unknown,yes,yes
19540,no,no,no
19541,no,no,no
19542,no,yes,no
19543,no,no,no
19544,unknown,no,no
19545,unknown,yes,no
19546,no,yes,no
19547,no,no,yes
19548,no,unknown,unknown
19549,no,no,no
19550,no,yes,no
19551,unknown,no,yes
19552,no,yes,no
19553,no,yes,no
19554,unknown,no,no
19555,unknown,yes,no
19556,no,yes,no
19557,no,yes,no
19558,unknown,yes,yes
19559,no,yes,no
19560,no,yes,no
19561,no,no,no
19562,no,no,no
19563,no,no,no
19564,no,yes,no
19565,no,yes,no
19566,unknown,yes,no
19567,no,yes,yes
19568,unknown,yes,no
19569,unknown,yes,no
19570,unknown,yes,no
19571,unknown,no,no
19572,unknown,no,no
19573,unknown,no,no
19574,unknown,no,no
19575,no,no,no
19576,unknown,no,no
19577,unknown,yes,no
19578,no,unknown,unknown
19579,no,yes,no
19580,no,no,no
19581,no,no,no
19582,no,no,no
19583,no,yes,no
19584,no,no,yes
19585,unknown,yes,no
19586,unknown,yes,yes
19587,unknown,yes,no
19588,no,yes,no
19589,unknown,yes,no
19590,no,yes,no
19591,no,no,no
19592,unknown,no,yes
19593,no,yes,yes
19594,no,no,no
19595,no,yes,yes
19596,no,yes,no
19597,no,yes,no
19598,no,yes,no
19599,no,yes,no
19600,no,no,no
19601,unknown,yes,no
19602,no,yes,no
19603,no,no,no
19604,no,yes,no
19605,no,no,no
19606,no,yes,yes
19607,no,no,no
19608,no,no,no
19609,no,yes,no
19610,no,no,no
19611,no,yes,no
19612,no,no,yes
19613,no,no,no
19614,unknown,no,yes
19615,unknown,no,yes
19616,unknown,no,no
19617,unknown,yes,yes
19618,no,no,no
19619,no,no,no
19620,no,yes,no
19621,no,no,no
19622,no,no,yes
19623,no,no,no
19624,no,no,no
19625,no,no,no
19626,unknown,no,no
19627,unknown,no,no
19628,no,no,no
19629,unknown,yes,no
19630,unknown,no,no
19631,no,no,no
19632,no,yes,yes
19633,no,no,no
19634,unknown,yes,no
19635,unknown,no,no
19636,no,no,no
19637,no,yes,no
19638,no,no,no
19639,no,no,no
19640,no,yes,yes
19641,no,yes,no
19642,unknown,no,no
19643,unknown,yes,no
19644,no,yes,no
19645,unknown,yes,no
19646,no,no,no
19647,no,yes,no
19648,no,yes,no
19649,no,no,no
19650,no,yes,no
19651,unknown,yes,no
19652,unknown,yes,no
19653,unknown,yes,no
19654,no,yes,no
19655,unknown,no,no
19656,unknown,yes,no
19657,unknown,no,no
19658,unknown,yes,no
19659,no,no,no
19660,no,yes,no
19661,no,yes,no
19662,unknown,no,yes
19663,no,yes,yes
19664,no,yes,no
19665,no,yes,no
19666,no,yes,no
19667,no,yes,no
19668,no,no,no
19669,no,no,no
19670,unknown,no,no
19671,no,no,no
19672,no,yes,no
19673,no,no,no
19674,no,no,no
19675,no,no,no
19676,no,no,no
19677,no,yes,no
19678,unknown,yes,no
19679,unknown,unknown,unknown
19680,no,yes,no
19681,no,no,no
19682,no,yes,no
19683,no,yes,no
19684,no,yes,no
19685,no,yes,no
19686,no,no,no
19687,no,yes,no
19688,unknown,yes,no
19689,no,yes,no
19690,no,no,no
19691,unknown,no,no
19692,no,yes,no
19693,no,yes,no
19694,unknown,no,yes
19695,no,yes,no
19696,no,yes,no
19697,no,yes,no
19698,unknown,yes,no
19699,no,no,no
19700,no,yes,no
19701,unknown,yes,no
19702,unknown,yes,no
19703,no,no,no
19704,no,no,no
19705,unknown,no,no
19706,no,no,yes
19707,unknown,yes,yes
19708,unknown,no,yes
19709,unknown,yes,no
19710,unknown,yes,no
19711,no,no,no
19712,unknown,no,yes
19713,no,yes,no
19714,no,yes,no
19715,unknown,no,no
19716,no,yes,no
19717,no,no,yes
19718,no,yes,no
19719,unknown,yes,yes
19720,no,no,no
19721,no,no,no
19722,no,yes,yes
19723,no,yes,yes
19724,no,yes,no
19725,no,yes,no
19726,no,no,no
19727,no,yes,no
19728,no,yes,no
19729,no,no,no
19730,no,no,no
19731,no,yes,no
19732,no,no,no
19733,no,no,no
19734,no,no,yes
19735,no,yes,no
19736,no,yes,no
19737,unknown,yes,no
19738,no,yes,no
19739,no,no,no
19740,unknown,yes,no
19741,no,no,no
19742,no,no,no
19743,no,no,no
19744,unknown,yes,no
19745,unknown,no,no
19746,unknown,no,no
19747,no,yes,no
19748,unknown,yes,yes
19749,no,no,no
19750,no,yes,no
19751,no,no,no
19752,no,yes,yes
19753,unknown,yes,no
19754,no,no,no
19755,no,no,yes
19756,no,no,no
19757,unknown,yes,no
19758,no,yes,no
19759,no,no,no
19760,no,yes,no
19761,no,no,no
19762,no,yes,no
19763,no,no,no
19764,unknown,yes,no
19765,no,no,yes
19766,unknown,no,no
19767,no,yes,no
19768,unknown,yes,no
19769,no,yes,no
19770,unknown,no,no
19771,no,yes,no
19772,no,yes,no
19773,no,yes,no
19774,unknown,no,no
19775,no,yes,no
19776,no,yes,no
19777,no,no,no
19778,no,no,no
19779,no,no,no
19780,unknown,yes,no
19781,unknown,yes,no
19782,no,yes,no
19783,no,yes,no
19784,no,yes,yes
19785,no,no,no
19786,no,yes,no
19787,no,yes,no
19788,no,yes,no
19789,no,yes,no
19790,no,yes,yes
19791,unknown,no,no
19792,no,yes,no
19793,no,no,no
19794,no,no,no
19795,unknown,no,no
19796,no,no,no
19797,no,no,no
19798,no,no,no
19799,no,yes,no
19800,unknown,no,no
19801,no,no,no
19802,unknown,no,no
19803,unknown,no,no
19804,no,no,no
19805,no,yes,yes
19806,no,no,no
19807,no,yes,no
19808,no,no,no
19809,unknown,no,no
19810,no,yes,no
19811,unknown,yes,no
19812,unknown,no,yes
19813,no,yes,no
19814,no,no,no
19815,no,no,no
19816,no,no,no
19817,unknown,yes,no
19818,unknown,no,no
19819,no,no,no
19820,no,yes,no
19821,no,no,no
19822,no,yes,no
19823,no,yes,no
19824,no,no,no
19825,no,yes,no
19826,unknown,no,no
19827,unknown,no,no
19828,no,no,no
19829,no,no,no
19830,no,no,no
19831,no,yes,no
19832,unknown,yes,no
19833,no,yes,no
19834,unknown,no,no
19835,unknown,yes,no
19836,no,yes,no
19837,unknown,yes,no
19838,unknown,yes,yes
19839,unknown,no,no
19840,no,no,no
19841,no,no,no
19842,unknown,no,no
19843,no,no,no
19844,no,unknown,unknown
19845,no,yes,no
19846,unknown,no,yes
19847,no,no,no
19848,no,yes,no
19849,no,yes,no
19850,no,unknown,unknown
19851,no,no,no
19852,unknown,yes,yes
19853,unknown,yes,yes
19854,unknown,no,no
19855,unknown,yes,no
19856,unknown,yes,no
19857,unknown,yes,no
19858,no,no,no
19859,unknown,unknown,unknown
19860,no,unknown,unknown
19861,no,no,no
19862,no,no,no
19863,no,no,no
19864,no,yes,yes
19865,no,yes,no
19866,no,yes,no
19867,unknown,no,no
19868,unknown,no,no
19869,unknown,no,no
19870,no,no,no
19871,no,no,no
19872,no,no,no
19873,no,no,no
19874,no,no,no
19875,no,yes,no
19876,no,yes,no
19877,no,yes,no
19878,no,yes,no
19879,no,yes,no
19880,no,unknown,unknown
19881,no,yes,no
19882,no,yes,no
19883,no,yes,no
19884,no,no,yes
19885,no,yes,no
19886,no,yes,no
19887,no,yes,no
19888,no,yes,no
19889,no,no,no
19890,unknown,no,no
19891,unknown,no,no
19892,unknown,yes,no
19893,no,no,no
19894,no,yes,no
19895,no,yes,no
19896,no,no,yes
19897,unknown,yes,no
19898,unknown,yes,no
19899,no,yes,no
19900,unknown,unknown,unknown
19901,no,no,yes
19902,no,yes,no
19903,unknown,yes,no
19904,no,yes,no
19905,no,no,yes
19906,unknown,yes,no
19907,unknown,no,no
19908,no,yes,yes
19909,no,yes,no
19910,no,yes,no
19911,no,yes,no
19912,unknown,yes,no
19913,no,yes,no
19914,unknown,yes,no
19915,unknown,no,no
19916,no,no,no
19917,no,no,yes
19918,unknown,no,no
19919,no,no,yes
19920,no,yes,no
19921,no,yes,no
19922,no,no,no
19923,no,no,no
19924,no,yes,no
19925,unknown,yes,no
19926,unknown,no,no
19927,no,no,no
19928,unknown,no,no
19929,unknown,no,no
19930,unknown,no,no
19931,unknown,no,no
19932,no,no,no
19933,no,no,no
19934,no,no,no
19935,no,yes,no
19936,no,no,no
19937,no,yes,no
19938,no,no,no
19939,unknown,no,no
19940,no,no,no
19941,no,yes,no
19942,unknown,yes,no
19943,unknown,no,no
19944,no,no,no
19945,no,yes,no
19946,no,no,yes
19947,no,no,no
19948,no,yes,no
19949,no,yes,no
19950,no,yes,no
19951,unknown,no,no
19952,no,yes,no
19953,no,yes,no
19954,unknown,yes,no
19955,no,no,no
19956,no,yes,no
19957,no,no,no
19958,no,yes,no
19959,no,yes,yes
19960,no,yes,yes
19961,unknown,yes,no
19962,no,no,no
19963,no,yes,no
19964,no,no,no
19965,no,yes,no
19966,no,no,no
19967,unknown,no,no
19968,no,no,no
19969,unknown,no,no
19970,no,yes,no
19971,no,no,no
19972,no,yes,no
19973,no,no,no
19974,no,yes,no
19975,no,yes,no
19976,no,yes,no
19977,no,yes,no
19978,no,yes,no
19979,no,yes,no
19980,no,no,no
19981,no,yes,no
19982,unknown,yes,no
19983,no,yes,no
19984,no,yes,yes
19985,no,yes,no
19986,unknown,no,no
19987,unknown,yes,no
19988,no,no,no
19989,unknown,no,yes
19990,no,unknown,unknown
19991,no,no,yes
19992,no,unknown,unknown
19993,no,yes,no
19994,unknown,yes,no
19995,no,yes,no
19996,no,yes,yes
19997,unknown,yes,no
19998,no,no,no
19999,no,no,no
20000,no,no,no
20001,no,yes,no
20002,no,no,no
20003,no,unknown,unknown
20004,no,no,no
20005,no,no,no
20006,unknown,yes,no
20007,no,yes,no
20008,no,yes,no
20009,no,yes,no
20010,no,yes,no
20011,no,yes,no
20012,no,yes,no
20013,no,yes,no
20014,no,yes,no
20015,no,no,yes
20016,no,yes,no
20017,no,yes,yes
20018,unknown,no,no
20019,no,no,no
20020,no,no,yes
20021,no,no,no
20022,no,yes,yes
20023,unknown,yes,no
20024,no,yes,no
20025,no,yes,no
20026,unknown,no,no
20027,no,no,no
20028,no,yes,no
20029,no,no,no
20030,unknown,yes,no
20031,no,yes,no
20032,no,yes,no
20033,no,yes,no
20034,no,yes,no
20035,no,yes,yes
20036,no,no,no
20037,no,no,no
20038,no,no,no
20039,no,no,no
20040,no,yes,no
20041,no,yes,no
20042,no,yes,no
20043,no,yes,no
20044,no,yes,no
20045,no,no,no
20046,no,no,no
20047,no,no,no
20048,no,no,no
20049,unknown,yes,yes
20050,no,no,no
20051,no,yes,no
20052,no,yes,no
20053,no,yes,no
20054,no,yes,no
20055,no,yes,yes
20056,no,yes,no
20057,no,yes,yes
20058,no,yes,yes
20059,no,yes,no
20060,no,yes,no
20061,no,no,no
20062,no,yes,no
20063,no,yes,no
20064,unknown,yes,no
20065,unknown,yes,no
20066,unknown,yes,no
20067,no,yes,no
20068,no,yes,no
20069,no,unknown,unknown
20070,unknown,no,yes
20071,no,yes,no
20072,no,no,no
20073,unknown,no,no
20074,no,no,no
20075,no,no,no
20076,no,yes,yes
20077,no,yes,no
20078,no,yes,no
20079,unknown,no,yes
20080,unknown,yes,no
20081,no,no,no
20082,no,yes,no
20083,no,yes,yes
20084,no,no,no
20085,no,no,no
20086,unknown,no,yes
20087,no,yes,no
20088,no,yes,no
20089,no,yes,no
20090,no,yes,yes
20091,no,no,no
20092,no,yes,no
20093,no,no,no
20094,unknown,yes,yes
20095,no,no,no
20096,no,yes,no
20097,no,yes,no
20098,no,yes,no
20099,no,yes,yes
20100,no,yes,no
20101,no,no,no
20102,no,yes,no
20103,no,no,no
20104,unknown,no,no
20105,unknown,yes,yes
20106,unknown,yes,no
20107,no,no,no
20108,no,no,no
20109,unknown,yes,no
20110,unknown,no,no
20111,unknown,yes,no
20112,no,no,no
20113,unknown,no,no
20114,no,yes,no
20115,unknown,yes,no
20116,no,no,no
20117,unknown,no,no
20118,no,no,no
20119,unknown,yes,no
20120,no,yes,no
20121,no,yes,no
20122,no,yes,no
20123,no,yes,yes
20124,no,no,no
20125,no,yes,no
20126,unknown,yes,yes
20127,unknown,no,no
20128,no,no,no
20129,no,no,no
20130,no,no,no
20131,no,no,no
20132,no,yes,no
20133,no,no,yes
20134,no,yes,yes
20135,no,yes,no
20136,no,no,no
20137,no,no,no
20138,no,yes,no
20139,no,yes,no
20140,no,yes,no
20141,no,yes,no
20142,no,yes,no
20143,unknown,no,yes
20144,unknown,no,no
20145,no,no,no
20146,no,no,no
20147,no,no,no
20148,no,yes,no
20149,no,no,no
20150,no,no,yes
20151,no,yes,no
20152,no,no,yes
20153,no,yes,no
20154,no,no,no
20155,no,yes,no
20156,no,yes,no
20157,no,yes,no
20158,no,yes,yes
20159,no,unknown,unknown
20160,no,yes,no
20161,no,yes,no
20162,no,yes,no
20163,no,yes,no
20164,no,no,no
20165,no,yes,no
20166,no,yes,no
20167,no,yes,yes
20168,no,yes,no
20169,no,yes,yes
20170,no,yes,yes
20171,no,yes,no
20172,no,yes,no
20173,no,no,no
20174,no,no,no
20175,unknown,no,no
20176,unknown,yes,no
20177,unknown,no,no
20178,unknown,yes,no
20179,unknown,yes,no
20180,unknown,yes,no
20181,no,no,no
20182,no,no,no
20183,no,no,no
20184,no,no,no
20185,no,yes,yes
20186,no,yes,no
20187,unknown,yes,no
20188,no,yes,no
20189,no,no,no
20190,unknown,no,no
20191,no,no,no
20192,no,no,no
20193,no,no,no
20194,no,no,no
20195,unknown,yes,no
20196,no,no,no
20197,no,no,yes
20198,no,no,no
20199,unknown,yes,no
20200,no,no,no
20201,no,no,no
20202,no,yes,no
20203,no,yes,no
20204,no,yes,no
20205,no,yes,no
20206,unknown,yes,no
20207,no,yes,no
20208,no,yes,no
20209,no,no,no
20210,no,no,no
20211,unknown,yes,no
20212,no,no,no
20213,no,yes,no
20214,no,no,no
20215,no,yes,no
20216,no,yes,no
20217,unknown,no,no
20218,no,yes,no
20219,no,no,no
20220,no,yes,no
20221,no,yes,no
20222,no,no,no
20223,no,yes,no
20224,no,yes,no
20225,no,no,no
20226,unknown,yes,no
20227,no,yes,no
20228,no,yes,yes
20229,no,yes,no
20230,no,no,no
20231,unknown,no,no
20232,unknown,no,no
20233,no,yes,yes
20234,unknown,no,no
20235,unknown,yes,no
20236,no,yes,no
20237,no,no,no
20238,no,no,no
20239,no,no,no
20240,unknown,no,no
20241,no,yes,no
20242,no,yes,no
20243,no,no,no
20244,no,yes,yes
20245,no,yes,no
20246,no,no,no
20247,no,no,no
20248,no,no,no
20249,no,yes,no
20250,no,yes,yes
20251,no,no,no
20252,no,no,yes
20253,unknown,no,no
20254,no,no,no
20255,no,yes,no
20256,unknown,no,no
20257,no,yes,yes
20258,unknown,no,no
20259,no,yes,no
20260,no,yes,yes
20261,no,yes,no
20262,no,no,yes
20263,unknown,yes,yes
20264,no,unknown,unknown
20265,no,no,no
20266,unknown,yes,yes
20267,no,yes,no
20268,no,yes,no
20269,unknown,yes,yes
20270,no,no,yes
20271,no,no,yes
20272,no,yes,no
20273,no,no,no
20274,unknown,no,no
20275,unknown,yes,no
20276,no,yes,no
20277,no,yes,no
20278,no,yes,no
20279,no,no,no
20280,unknown,no,no
20281,no,yes,no
20282,no,yes,no
20283,no,yes,no
20284,unknown,yes,no
20285,no,yes,yes
20286,no,no,yes
20287,no,no,no
20288,no,no,no
20289,no,no,no
20290,no,yes,no
20291,no,no,no
20292,unknown,yes,yes
20293,no,no,no
20294,no,no,no
20295,no,no,no
20296,unknown,yes,yes
20297,no,no,no
20298,unknown,no,no
20299,no,no,yes
20300,no,no,no
20301,unknown,no,no
20302,no,yes,no
20303,no,yes,no
20304,no,no,no
20305,no,yes,no
20306,no,yes,no
20307,no,no,no
20308,no,no,no
20309,unknown,no,no
20310,no,yes,no
20311,no,no,no
20312,unknown,no,no
20313,no,yes,no
20314,no,yes,no
20315,no,yes,no
20316,no,no,no
20317,no,unknown,unknown
20318,no,no,no
20319,unknown,yes,no
20320,no,no,no
20321,no,yes,no
20322,unknown,yes,no
20323,no,yes,no
20324,no,yes,no
20325,no,yes,yes
20326,no,yes,yes
20327,unknown,no,yes
20328,no,unknown,unknown
20329,no,no,no
20330,no,yes,yes
20331,no,yes,no
20332,no,no,no
20333,no,yes,yes
20334,no,yes,no
20335,unknown,yes,no
20336,unknown,yes,yes
20337,no,yes,no
20338,no,no,no
20339,unknown,no,no
20340,no,no,no
20341,no,no,no
20342,unknown,no,no
20343,no,yes,no
20344,no,no,no
20345,unknown,no,no
20346,no,no,no
20347,no,no,yes
20348,no,yes,yes
20349,no,yes,no
20350,unknown,no,no
20351,no,yes,no
20352,no,yes,no
20353,no,no,yes
20354,no,yes,no
20355,no,yes,no
20356,no,yes,no
20357,no,no,no
20358,no,yes,no
20359,no,yes,no
20360,no,yes,no
20361,no,yes,no
20362,no,yes,no
20363,no,no,no
20364,no,no,no
20365,no,yes,yes
20366,unknown,yes,no
20367,no,no,no
20368,no,no,no
20369,no,yes,yes
20370,no,unknown,unknown
20371,no,no,no
20372,no,yes,no
20373,no,yes,yes
20374,no,yes,yes
20375,no,no,no
20376,no,yes,no
20377,no,yes,no
20378,no,yes,yes
20379,no,yes,no
20380,no,unknown,unknown
20381,no,yes,no
20382,unknown,yes,no
20383,no,no,no
20384,no,no,no
20385,no,no,no
20386,no,yes,no
20387,no,yes,no
20388,no,unknown,unknown
20389,no,yes,no
20390,no,yes,no
20391,no,no,no
20392,no,yes,no
20393,no,no,no
20394,no,no,no
20395,no,no,no
20396,no,yes,no
20397,unknown,no,no
20398,no,no,no
20399,no,no,no
20400,no,no,no
20401,no,no,no
20402,no,yes,no
20403,unknown,yes,yes
20404,no,yes,no
20405,no,no,no
20406,no,yes,no
20407,no,no,no
20408,no,yes,no
20409,no,yes,yes
20410,no,yes,no
20411,no,yes,no
20412,no,yes,no
20413,no,yes,yes
20414,unknown,yes,no
20415,no,no,no
20416,unknown,yes,no
20417,no,yes,no
20418,no,no,no
20419,no,yes,no
20420,no,yes,no
20421,no,yes,no
20422,no,yes,yes
20423,no,no,no
20424,no,yes,no
20425,no,no,yes
20426,unknown,no,no
20427,no,yes,no
20428,no,no,no
20429,no,yes,no
20430,no,no,no
20431,unknown,yes,no
20432,no,no,no
20433,no,yes,no
20434,unknown,no,yes
20435,no,no,no
20436,no,yes,no
20437,no,yes,no
20438,no,yes,yes
20439,no,no,no
20440,unknown,unknown,unknown
20441,no,no,no
20442,no,no,no
20443,no,no,yes
20444,no,no,no
20445,no,yes,no
20446,no,yes,no
20447,no,yes,no
20448,no,yes,no
20449,no,yes,no
20450,unknown,no,no
20451,no,yes,no
20452,no,yes,no
20453,no,unknown,unknown
20454,unknown,yes,no
20455,no,no,no
20456,unknown,no,no
20457,no,no,no
20458,unknown,no,no
20459,no,yes,yes
20460,no,no,no
20461,no,yes,no
20462,no,yes,no
20463,no,yes,no
20464,no,no,no
20465,no,no,no
20466,no,no,no
20467,no,no,yes
20468,unknown,yes,no
20469,no,no,no
20470,no,yes,no
20471,no,yes,no
20472,no,yes,no
20473,unknown,yes,no
20474,no,no,no
20475,no,no,no
20476,unknown,no,no
20477,no,no,no
20478,no,no,no
20479,unknown,yes,no
20480,unknown,yes,no
20481,no,yes,yes
20482,no,yes,no
20483,no,yes,no
20484,no,yes,no
20485,unknown,yes,no
20486,unknown,yes,no
20487,no,yes,no
20488,no,no,no
20489,unknown,no,no
20490,no,no,yes
20491,no,yes,no
20492,no,yes,yes
20493,no,no,yes
20494,unknown,no,no
20495,no,yes,no
20496,unknown,no,no
20497,no,no,no
20498,no,yes,yes
20499,no,no,yes
20500,no,no,no
20501,no,no,yes
20502,unknown,no,no
20503,no,no,no
20504,no,yes,no
20505,unknown,no,no
20506,no,no,no
20507,no,no,no
20508,no,no,no
20509,no,no,no
20510,no,no,no
20511,unknown,no,no
20512,no,yes,no
20513,unknown,no,yes
20514,no,unknown,unknown
20515,no,no,no
20516,no,yes,no
20517,no,no,no
20518,no,yes,no
20519,no,yes,yes
20520,unknown,yes,no
20521,unknown,yes,no
20522,no,yes,no
20523,no,yes,no
20524,no,no,no
20525,no,yes,no
20526,no,yes,no
20527,no,yes,yes
20528,no,no,no
20529,no,yes,no
20530,no,no,yes
20531,no,no,no
20532,no,yes,no
20533,no,yes,yes
20534,no,yes,no
20535,no,yes,no
20536,no,no,no
20537,unknown,yes,no
20538,unknown,yes,no
20539,no,yes,no
20540,no,yes,no
20541,no,no,no
20542,unknown,no,no
20543,unknown,yes,no
20544,unknown,yes,no
20545,no,no,no
20546,no,yes,no
20547,no,no,no
20548,unknown,yes,no
20549,no,yes,no
20550,no,no,no
20551,no,no,yes
20552,no,no,no
20553,no,no,no
20554,unknown,yes,no
20555,no,no,no
20556,no,no,no
20557,unknown,no,no
20558,no,no,no
20559,no,no,yes
20560,no,yes,no
20561,no,yes,no
20562,no,yes,no
20563,no,yes,no
20564,no,no,no
20565,no,yes,no
20566,no,yes,no
20567,no,yes,no
20568,no,no,no
20569,no,yes,no
20570,no,yes,no
20571,no,no,no
20572,no,no,yes
20573,no,yes,no
20574,no,yes,no
20575,no,yes,no
20576,no,yes,no
20577,no,yes,no
20578,no,no,no
20579,no,yes,no
20580,no,yes,no
20581,no,yes,no
20582,unknown,yes,no
20583,no,yes,no
20584,unknown,yes,no
20585,no,yes,no
20586,unknown,no,no
20587,no,no,no
20588,no,yes,yes
20589,no,no,no
20590,unknown,no,no
20591,no,no,no
20592,no,no,no
20593,no,no,yes
20594,no,yes,no
20595,no,yes,no
20596,unknown,no,no
20597,no,yes,no
20598,no,yes,no
20599,unknown,yes,no
20600,no,yes,no
20601,no,yes,no
20602,no,yes,yes
20603,no,no,no
20604,no,yes,no
20605,no,yes,no
20606,unknown,yes,no
20607,no,yes,yes
20608,unknown,yes,yes
20609,unknown,yes,no
20610,no,no,no
20611,no,no,no
20612,unknown,yes,yes
20613,no,yes,no
20614,no,yes,no
20615,no,yes,yes
20616,unknown,no,no
20617,no,no,yes
20618,no,yes,no
20619,no,no,no
20620,no,no,yes
20621,unknown,yes,no
20622,no,yes,no
20623,unknown,unknown,unknown
20624,no,no,no
20625,unknown,no,no
20626,no,no,no
20627,unknown,yes,no
20628,no,no,yes
20629,no,no,no
20630,no,no,no
20631,no,no,no
20632,no,no,no
20633,no,no,no
20634,unknown,yes,no
20635,unknown,yes,no
20636,no,yes,no
20637,no,no,no
20638,no,yes,yes
20639,no,yes,no
20640,no,no,no
20641,no,no,no
20642,no,no,no
20643,unknown,no,yes
20644,no,no,no
20645,no,no,no
20646,unknown,yes,yes
20647,no,yes,yes
20648,no,no,yes
20649,no,no,no
20650,no,no,no
20651,no,no,no
20652,unknown,yes,yes
20653,unknown,yes,yes
20654,no,yes,yes
20655,unknown,yes,yes
20656,unknown,yes,no
20657,unknown,no,no
20658,unknown,no,no
20659,no,yes,yes
20660,no,yes,yes
20661,unknown,yes,yes
20662,no,yes,no
20663,no,yes,no
20664,no,yes,yes
20665,unknown,no,no
20666,no,yes,no
20667,no,no,no
20668,no,yes,yes
20669,unknown,no,yes
20670,no,no,no
20671,unknown,yes,no
20672,unknown,no,yes
20673,no,no,no
20674,unknown,no,yes
20675,unknown,no,no
20676,unknown,yes,yes
20677,no,yes,no
20678,no,yes,no
20679,no,yes,no
20680,no,yes,no
20681,no,yes,no
20682,unknown,unknown,unknown
20683,no,yes,no
20684,no,yes,no
20685,unknown,yes,no
20686,no,yes,no
20687,no,yes,no
20688,no,no,no
20689,no,no,yes
20690,unknown,no,no
20691,no,no,no
20692,unknown,yes,no
20693,no,no,no
20694,unknown,yes,no
20695,unknown,yes,no
20696,no,yes,no
20697,no,yes,no
20698,unknown,yes,no
20699,no,yes,no
20700,no,yes,no
20701,no,no,no
20702,unknown,unknown,unknown
20703,no,no,no
20704,no,no,no
20705,unknown,yes,no
20706,no,yes,no
20707,no,yes,no
20708,no,yes,no
20709,no,no,yes
20710,no,yes,no
20711,no,no,no
20712,no,yes,no
20713,no,yes,no
20714,unknown,yes,no
20715,unknown,yes,no
20716,unknown,yes,no
20717,no,no,no
20718,unknown,no,no
20719,no,yes,no
20720,no,no,no
20721,no,yes,no
20722,unknown,yes,no
20723,unknown,yes,no
20724,no,yes,yes
20725,no,no,no
20726,no,yes,yes
20727,no,yes,no
20728,no,yes,no
20729,unknown,yes,no
20730,no,yes,no
20731,no,yes,yes
20732,unknown,no,no
20733,unknown,yes,no
20734,no,yes,no
20735,unknown,yes,no
20736,no,yes,no
20737,no,yes,no
20738,no,no,no
20739,no,yes,no
20740,no,yes,yes
20741,no,yes,no
20742,no,yes,no
20743,no,no,yes
20744,no,yes,yes
20745,no,yes,no
20746,unknown,no,no
20747,unknown,yes,no
20748,unknown,yes,no
20749,no,yes,no
20750,no,no,no
20751,no,no,no
20752,no,yes,yes
20753,unknown,yes,yes
20754,unknown,no,no
20755,no,no,no
20756,no,no,no
20757,no,yes,no
20758,no,no,no
20759,no,yes,no
20760,no,yes,yes
20761,no,yes,no
20762,no,yes,no
20763,unknown,no,no
20764,no,no,no
20765,unknown,no,no
20766,no,no,no
20767,no,yes,no
20768,no,yes,no
20769,no,yes,no
20770,no,yes,no
20771,unknown,no,no
20772,unknown,no,yes
20773,no,no,no
20774,no,no,yes
20775,unknown,yes,yes
20776,no,yes,no
20777,no,yes,no
20778,no,no,no
20779,no,yes,no
20780,no,yes,no
20781,no,no,no
20782,no,no,no
20783,no,yes,no
20784,no,yes,no
20785,unknown,yes,no
20786,no,yes,yes
20787,unknown,yes,yes
20788,no,yes,no
20789,no,no,no
20790,no,yes,no
20791,no,yes,no
20792,no,no,no
20793,no,yes,no
20794,no,no,no
20795,unknown,no,no
20796,unknown,yes,no
20797,unknown,no,no
20798,unknown,yes,no
20799,no,yes,no
20800,unknown,no,no
20801,unknown,yes,no
20802,no,no,no
20803,no,no,no
20804,no,no,no
20805,unknown,yes,yes
20806,no,no,no
20807,no,yes,no
20808,unknown,no,no
20809,unknown,yes,no
20810,no,yes,no
20811,unknown,yes,no
20812,unknown,no,no
20813,unknown,yes,no
20814,no,no,no
20815,no,yes,no
20816,unknown,yes,no
20817,unknown,yes,no
20818,no,yes,yes
20819,no,yes,no
20820,no,yes,no
20821,no,yes,no
20822,no,yes,no
20823,unknown,no,no
20824,unknown,no,no
20825,no,no,no
20826,no,yes,no
20827,no,no,yes
20828,no,yes,yes
20829,no,yes,no
20830,no,yes,no
20831,no,yes,no
20832,no,no,no
20833,no,no,no
20834,unknown,no,no
20835,no,no,no
20836,no,yes,no
20837,no,no,yes
20838,no,no,no
20839,no,no,no
20840,no,no,no
20841,no,no,no
20842,unknown,yes,no
20843,no,yes,no
20844,unknown,no,no
20845,no,no,no
20846,no,no,no
20847,unknown,no,no
20848,unknown,yes,no
20849,no,yes,no
20850,no,yes,no
20851,no,yes,yes
20852,no,yes,no
20853,no,yes,no
20854,no,yes,no
20855,no,yes,no
20856,no,yes,no
20857,no,no,no
20858,unknown,yes,no
20859,no,yes,no
20860,unknown,no,yes
20861,unknown,yes,yes
20862,unknown,yes,no
20863,no,no,yes
20864,no,yes,no
20865,no,yes,no
20866,no,yes,no
20867,no,yes,yes
20868,no,yes,no
20869,no,yes,no
20870,unknown,yes,no
20871,no,no,no
20872,no,no,no
20873,no,no,yes
20874,no,yes,no
20875,unknown,unknown,unknown
20876,no,yes,no
20877,no,no,no
20878,no,yes,no
20879,no,no,no
20880,no,yes,no
20881,no,yes,no
20882,no,yes,no
20883,unknown,no,yes
20884,no,yes,no
20885,no,yes,no
20886,no,no,no
20887,unknown,yes,no
20888,no,yes,no
20889,unknown,yes,no
20890,no,yes,no
20891,unknown,yes,no
20892,unknown,no,yes
20893,unknown,yes,no
20894,no,unknown,unknown
20895,no,yes,no
20896,no,no,no
20897,unknown,yes,no
20898,unknown,yes,no
20899,unknown,yes,no
20900,no,yes,no
20901,unknown,yes,no
20902,unknown,no,no
20903,no,no,no
20904,unknown,yes,no
20905,unknown,no,no
20906,no,yes,no
20907,unknown,yes,no
20908,no,yes,no
20909,unknown,no,yes
20910,no,yes,yes
20911,no,yes,yes
20912,unknown,yes,yes
20913,no,yes,no
20914,no,yes,no
20915,no,yes,no
20916,no,yes,no
20917,no,yes,no
20918,no,yes,no
20919,no,yes,no
20920,no,yes,no
20921,no,no,no
20922,no,yes,no
20923,unknown,yes,yes
20924,unknown,yes,no
20925,no,yes,no
20926,no,no,no
20927,no,yes,no
20928,unknown,yes,no
20929,no,yes,no
20930,no,yes,no
20931,no,yes,no
20932,unknown,yes,no
20933,no,yes,no
20934,no,yes,no
20935,no,no,no
20936,unknown,no,no
20937,no,no,no
20938,unknown,yes,no
20939,unknown,yes,yes
20940,no,yes,no
20941,no,yes,no
20942,no,yes,no
20943,no,no,no
20944,unknown,yes,no
20945,unknown,no,no
20946,no,yes,no
20947,unknown,yes,no
20948,unknown,no,no
20949,unknown,yes,no
20950,no,yes,no
20951,no,yes,no
20952,no,no,no
20953,no,no,no
20954,no,yes,no
20955,no,no,no
20956,no,yes,no
20957,no,yes,no
20958,no,no,no
20959,no,no,no
20960,no,yes,no
20961,no,no,no
20962,no,yes,no
20963,no,yes,no
20964,no,yes,no
20965,no,no,no
20966,unknown,no,no
20967,unknown,no,no
20968,no,yes,no
20969,unknown,no,no
20970,no,no,no
20971,unknown,no,no
20972,no,yes,no
20973,no,yes,no
20974,no,no,no
20975,unknown,yes,no
20976,no,no,no
20977,no,yes,no
20978,no,yes,no
20979,unknown,yes,yes
20980,no,yes,no
20981,no,no,no
20982,no,yes,no
20983,unknown,yes,no
20984,no,yes,no
20985,no,yes,no
20986,no,yes,yes
20987,no,yes,yes
20988,unknown,no,no
20989,no,yes,no
20990,unknown,yes,no
20991,no,no,yes
20992,unknown,no,no
20993,no,yes,no
20994,no,yes,yes
20995,no,no,no
20996,no,yes,no
20997,no,yes,yes
20998,unknown,no,yes
20999,no,no,no
21000,no,yes,no
21001,no,yes,no
21002,no,no,no
21003,unknown,no,no
21004,no,yes,yes
21005,no,yes,yes
21006,no,yes,yes
21007,unknown,yes,yes
21008,unknown,unknown,unknown
21009,no,yes,no
21010,unknown,yes,no
21011,unknown,no,no
21012,unknown,yes,yes
21013,no,no,yes
21014,no,yes,yes
21015,no,yes,no
21016,no,yes,no
21017,no,no,no
21018,no,yes,no
21019,no,yes,no
21020,no,no,no
21021,no,yes,no
21022,no,yes,no
21023,no,no,no
21024,no,yes,no
21025,no,no,yes
21026,unknown,yes,no
21027,unknown,no,no
21028,no,yes,no
21029,no,yes,yes
21030,no,yes,yes
21031,no,yes,yes
21032,no,yes,yes
21033,unknown,no,no
21034,unknown,yes,no
21035,no,yes,no
21036,no,unknown,unknown
21037,no,yes,yes
21038,no,yes,yes
21039,no,yes,no
21040,no,yes,no
21041,no,yes,yes
21042,no,yes,no
21043,unknown,unknown,unknown
21044,no,yes,no
21045,no,yes,yes
21046,unknown,no,no
21047,no,yes,no
21048,unknown,yes,yes
21049,no,no,no
21050,unknown,yes,yes
21051,no,yes,no
21052,no,yes,yes
21053,no,yes,no
21054,no,no,no
21055,unknown,no,no
21056,unknown,yes,yes
21057,unknown,yes,no
21058,unknown,no,no
21059,unknown,yes,yes
21060,no,yes,no
21061,no,yes,no
21062,no,yes,yes
21063,no,no,yes
21064,no,yes,no
21065,no,yes,no
21066,no,yes,no
21067,unknown,no,no
21068,no,yes,yes
21069,no,no,no
21070,no,no,no
21071,unknown,yes,no
21072,no,yes,no
21073,unknown,no,yes
21074,no,no,yes
21075,no,no,no
21076,no,yes,no
21077,no,yes,no
21078,no,yes,yes
21079,no,yes,no
21080,no,yes,no
21081,no,yes,no
21082,no,yes,no
21083,no,yes,no
21084,unknown,yes,no
21085,no,yes,no
21086,no,no,no
21087,no,yes,no
21088,unknown,no,yes
21089,no,no,no
21090,no,no,no
21091,no,yes,no
21092,no,yes,no
21093,no,yes,no
21094,unknown,yes,no
21095,no,yes,no
21096,no,unknown,unknown
21097,no,no,no
21098,no,yes,no
21099,no,yes,no
21100,unknown,no,no
21101,no,yes,no
21102,no,no,no
21103,no,yes,no
21104,no,unknown,unknown
21105,no,yes,no
21106,no,yes,no
21107,no,yes,no
21108,no,yes,no
21109,no,yes,no
21110,no,no,no
21111,no,yes,no
21112,no,unknown,unknown
21113,no,no,no
21114,no,no,no
21115,no,yes,no
21116,no,no,no
21117,no,no,no
21118,unknown,no,no
21119,no,yes,no
21120,no,yes,no
21121,no,no,no
21122,no,no,no
21123,unknown,no,no
21124,no,no,no
21125,no,no,no
21126,unknown,yes,no
21127,no,yes,no
21128,no,yes,yes
21129,no,yes,no
21130,no,no,no
21131,unknown,yes,no
21132,no,yes,no
21133,unknown,no,no
21134,no,yes,yes
21135,no,no,no
21136,no,no,no
21137,no,no,no
21138,no,no,no
21139,no,no,no
21140,unknown,yes,yes
21141,unknown,no,no
21142,no,no,no
21143,no,yes,yes
21144,no,yes,no
21145,unknown,yes,no
21146,unknown,yes,yes
21147,no,no,no
21148,no,no,no
21149,unknown,unknown,unknown
21150,no,yes,yes
21151,no,no,no
21152,no,no,no
21153,unknown,yes,no
21154,unknown,no,no
21155,no,no,no
21156,unknown,yes,no
21157,no,yes,no
21158,unknown,yes,no
21159,no,no,no
21160,no,yes,no
21161,no,yes,no
21162,no,yes,no
21163,no,yes,no
21164,no,yes,no
21165,no,no,yes
21166,no,yes,no
21167,no,no,no
21168,no,no,no
21169,no,yes,no
21170,no,yes,no
21171,no,no,no
21172,unknown,yes,no
21173,unknown,no,no
21174,no,no,no
21175,no,yes,no
21176,no,no,no
21177,no,yes,no
21178,no,yes,no
21179,no,no,no
21180,unknown,yes,no
21181,no,yes,no
21182,no,no,no
21183,unknown,no,no
21184,no,no,no
21185,unknown,no,no
21186,unknown,no,no
21187,no,no,no
21188,no,no,no
21189,unknown,no,no
21190,no,yes,no
21191,no,yes,yes
21192,unknown,no,yes
21193,no,no,no
21194,no,yes,no
21195,unknown,no,no
21196,unknown,yes,no
21197,no,no,no
21198,no,yes,no
21199,no,yes,no
21200,no,yes,no
21201,no,no,no
21202,no,no,no
21203,no,no,no
21204,no,yes,no
21205,unknown,yes,no
21206,unknown,yes,no
21207,unknown,no,no
21208,no,yes,yes
21209,no,yes,no
21210,no,yes,no
21211,no,yes,yes
21212,unknown,no,no
21213,no,yes,no
21214,no,yes,no
21215,unknown,yes,no
21216,no,yes,no
21217,unknown,yes,no
21218,no,yes,no
21219,no,yes,no
21220,no,yes,no
21221,no,yes,no
21222,no,no,no
21223,no,no,no
21224,no,yes,no
21225,unknown,yes,no
21226,no,yes,yes
21227,no,no,no
21228,no,no,no
21229,unknown,yes,no
21230,no,no,no
21231,no,yes,no
21232,no,yes,yes
21233,no,no,no
21234,no,no,no
21235,unknown,no,no
21236,no,yes,yes
21237,unknown,no,no
21238,no,no,no
21239,no,no,no
21240,no,no,no
21241,no,yes,no
21242,no,yes,no
21243,no,yes,no
21244,no,yes,yes
21245,no,no,yes
21246,unknown,yes,no
21247,unknown,yes,no
21248,no,yes,yes
21249,no,yes,no
21250,unknown,no,no
21251,no,yes,yes
21252,no,yes,yes
21253,unknown,yes,no
21254,no,no,no
21255,unknown,yes,no
21256,no,yes,no
21257,no,yes,yes
21258,no,no,no
21259,no,yes,no
21260,unknown,yes,no
21261,no,no,no
21262,no,yes,no
21263,unknown,yes,yes
21264,unknown,yes,no
21265,no,yes,no
21266,no,yes,no
21267,unknown,yes,no
21268,no,no,no
21269,no,yes,no
21270,unknown,yes,yes
21271,no,no,no
21272,no,no,no
21273,no,no,no
21274,no,no,no
21275,no,yes,no
21276,no,yes,no
21277,no,yes,yes
21278,unknown,yes,no
21279,no,no,no
21280,unknown,no,no
21281,unknown,no,yes
21282,no,no,no
21283,no,no,no
21284,no,yes,yes
21285,no,yes,yes
21286,unknown,no,no
21287,no,no,no
21288,no,yes,no
21289,unknown,no,no
21290,no,yes,no
21291,no,yes,no
21292,no,yes,no
21293,no,yes,no
21294,no,yes,no
21295,no,yes,yes
21296,no,no,no
21297,unknown,yes,no
21298,no,no,no
21299,no,yes,no
21300,unknown,yes,yes
21301,no,unknown,unknown
21302,no,yes,no
21303,unknown,yes,yes
21304,no,no,no
21305,unknown,yes,no
21306,no,no,no
21307,no,no,no
21308,no,no,no
21309,no,yes,yes
21310,no,yes,no
21311,no,yes,no
21312,unknown,yes,no
21313,no,yes,no
21314,unknown,yes,yes
21315,no,yes,no
21316,no,yes,no
21317,no,yes,no
21318,no,no,no
21319,no,unknown,unknown
21320,no,no,no
21321,unknown,no,no
21322,no,no,yes
21323,no,no,no
21324,unknown,yes,yes
21325,no,yes,no
21326,unknown,yes,yes
21327,no,yes,no
21328,no,yes,yes
21329,unknown,yes,no
21330,unknown,no,yes
21331,no,yes,no
21332,unknown,no,no
21333,no,no,no
21334,no,no,yes
21335,no,yes,yes
21336,unknown,yes,yes
21337,no,yes,yes
21338,no,no,no
21339,unknown,yes,yes
21340,unknown,no,no
21341,no,no,no
21342,no,yes,no
21343,unknown,yes,no
21344,unknown,yes,no
21345,no,yes,no
21346,no,yes,no
21347,unknown,yes,no
21348,no,yes,no
21349,no,no,no
21350,no,yes,no
21351,no,yes,no
21352,unknown,yes,no
21353,no,yes,no
21354,no,no,no
21355,no,no,no
21356,unknown,no,no
21357,no,yes,no
21358,no,no,no
21359,no,no,yes
21360,no,yes,yes
21361,unknown,yes,no
21362,no,yes,no
21363,unknown,yes,no
21364,unknown,no,no
21365,unknown,yes,yes
21366,no,yes,no
21367,no,no,yes
21368,no,no,no
21369,unknown,yes,no
21370,unknown,yes,no
21371,no,yes,no
21372,no,no,no
21373,unknown,no,no
21374,no,no,no
21375,unknown,no,no
21376,no,yes,yes
21377,unknown,no,no
21378,unknown,yes,no
21379,no,yes,no
21380,no,yes,no
21381,no,no,no
21382,no,no,no
21383,no,no,no
21384,no,no,no
21385,no,no,no
21386,no,yes,no
21387,no,yes,no
21388,no,no,no
21389,unknown,no,no
21390,no,no,no
21391,no,no,no
21392,no,no,no
21393,no,no,no
21394,no,yes,no
21395,no,no,no
21396,no,yes,no
21397,no,yes,no
21398,no,no,yes
21399,no,yes,no
21400,no,yes,no
21401,no,yes,no
21402,unknown,yes,no
21403,unknown,yes,no
21404,no,yes,no
21405,unknown,yes,no
21406,unknown,no,no
21407,no,yes,yes
21408,no,yes,no
21409,no,yes,yes
21410,no,no,no
21411,unknown,no,no
21412,no,yes,no
21413,unknown,yes,no
21414,no,yes,no
21415,no,no,no
21416,no,yes,no
21417,no,no,yes
21418,unknown,no,no
21419,no,no,no
21420,unknown,no,no
21421,unknown,yes,no
21422,unknown,no,no
21423,unknown,no,no
21424,unknown,no,no
21425,no,no,no
21426,no,yes,no
21427,no,yes,no
21428,no,no,no
21429,no,yes,no
21430,unknown,yes,no
21431,no,yes,no
21432,unknown,no,no
21433,unknown,yes,no
21434,no,no,no
21435,no,no,no
21436,no,yes,no
21437,no,no,no
21438,no,yes,yes
21439,no,yes,no
21440,no,yes,yes
21441,no,unknown,unknown
21442,no,no,no
21443,no,yes,no
21444,no,no,no
21445,no,yes,no
21446,no,yes,no
21447,no,no,yes
21448,no,no,no
21449,no,no,no
21450,no,no,no
21451,no,yes,no
21452,no,yes,no
21453,no,yes,yes
21454,unknown,no,yes
21455,unknown,no,no
21456,no,yes,no
21457,no,no,no
21458,unknown,yes,no
21459,no,no,yes
21460,no,yes,no
21461,unknown,no,no
21462,no,yes,no
21463,no,yes,no
21464,unknown,yes,no
21465,no,yes,no
21466,no,yes,no
21467,no,no,no
21468,unknown,no,no
21469,no,yes,no
21470,no,no,no
21471,no,no,no
21472,no,no,no
21473,no,yes,no
21474,no,yes,no
21475,no,no,yes
21476,no,no,no
21477,no,yes,no
21478,no,yes,no
21479,no,no,no
21480,unknown,no,no
21481,unknown,no,no
21482,no,no,no
21483,no,no,no
21484,no,no,no
21485,no,no,no
21486,no,no,no
21487,no,yes,no
21488,no,no,no
21489,no,no,no
21490,no,no,no
21491,no,no,no
21492,no,yes,no
21493,no,no,no
21494,unknown,yes,no
21495,no,yes,no
21496,no,yes,no
21497,unknown,no,yes
21498,no,no,no
21499,no,no,no
21500,unknown,yes,no
21501,no,yes,no
21502,unknown,yes,no
21503,unknown,no,no
21504,no,yes,no
21505,no,no,no
21506,unknown,yes,no
21507,unknown,no,yes
21508,no,yes,no
21509,no,yes,yes
21510,no,yes,no
21511,unknown,yes,no
21512,no,yes,no
21513,unknown,no,no
21514,no,no,no
21515,no,yes,no
21516,no,yes,no
21517,unknown,yes,no
21518,unknown,no,no
21519,no,yes,yes
21520,no,no,no
21521,no,yes,no
21522,unknown,no,no
21523,unknown,yes,no
21524,no,no,no
21525,unknown,yes,no
21526,no,yes,no
21527,no,yes,no
21528,no,yes,no
21529,no,yes,no
21530,no,yes,yes
21531,no,no,yes
21532,no,no,yes
21533,no,yes,yes
21534,no,yes,no
21535,no,yes,no
21536,unknown,no,no
21537,no,yes,yes
21538,no,yes,no
21539,unknown,no,no
21540,no,yes,no
21541,unknown,no,no
21542,unknown,unknown,unknown
21543,no,no,no
21544,no,yes,no
21545,no,yes,no
21546,no,yes,no
21547,unknown,yes,no
21548,no,no,yes
21549,unknown,yes,no
21550,no,yes,no
21551,no,yes,no
21552,no,no,no
21553,no,no,no
21554,no,yes,no
21555,no,yes,no
21556,no,yes,no
21557,unknown,unknown,unknown
21558,no,yes,no
21559,no,yes,no
21560,no,yes,no
21561,no,yes,no
21562,no,no,no
21563,no,no,no
21564,no,no,yes
21565,no,no,no
21566,no,no,yes
21567,no,no,no
21568,no,yes,yes
21569,unknown,no,no
21570,no,yes,no
21571,no,yes,no
21572,no,no,no
21573,unknown,yes,yes
21574,unknown,no,yes
21575,no,yes,yes
21576,no,yes,no
21577,no,no,yes
21578,no,yes,yes
21579,no,yes,no
21580,no,no,yes
21581,yes,no,no
21582,yes,yes,no
21583,no,yes,no
21584,no,yes,yes
21585,no,yes,yes
21586,no,no,no
21587,no,yes,no
21588,no,yes,no
21589,no,no,no
21590,unknown,no,no
21591,no,yes,no
21592,no,yes,yes
21593,no,yes,no
21594,no,yes,no
21595,no,no,no
21596,unknown,yes,no
21597,no,no,no
21598,no,yes,no
21599,unknown,no,no
21600,unknown,yes,no
21601,unknown,yes,yes
21602,no,yes,no
21603,unknown,no,yes
21604,no,yes,no
21605,unknown,yes,no
21606,unknown,yes,yes
21607,no,yes,no
21608,no,no,no
21609,no,no,no
21610,no,yes,yes
21611,no,yes,no
21612,no,yes,no
21613,no,no,no
21614,no,no,no
21615,no,no,no
21616,unknown,yes,no
21617,no,no,no
21618,no,yes,no
21619,unknown,no,no
21620,unknown,yes,no
21621,no,no,no
21622,no,no,no
21623,unknown,no,no
21624,no,no,yes
21625,no,yes,no
21626,no,yes,no
21627,no,yes,yes
21628,no,yes,no
21629,no,yes,no
21630,no,no,no
21631,no,no,no
21632,no,yes,yes
21633,no,no,yes
21634,no,no,yes
21635,unknown,no,no
21636,no,no,no
21637,no,no,yes
21638,no,yes,no
21639,no,no,no
21640,no,yes,no
21641,no,no,no
21642,no,no,no
21643,no,yes,no
21644,no,yes,yes
21645,no,yes,yes
21646,no,no,no
21647,no,yes,no
21648,no,unknown,unknown
21649,unknown,yes,no
21650,no,yes,no
21651,no,yes,no
21652,no,yes,no
21653,unknown,yes,no
21654,no,no,no
21655,no,yes,no
21656,no,yes,no
21657,no,yes,yes
21658,no,yes,no
21659,no,yes,yes
21660,no,yes,yes
21661,no,yes,yes
21662,no,no,no
21663,no,no,no
21664,no,yes,yes
21665,no,yes,no
21666,no,no,no
21667,unknown,no,no
21668,no,yes,no
21669,no,no,yes
21670,no,no,no
21671,no,yes,yes
21672,no,yes,no
21673,unknown,yes,yes
21674,no,no,no
21675,no,yes,no
21676,no,yes,yes
21677,no,yes,no
21678,unknown,yes,no
21679,no,yes,no
21680,no,yes,yes
21681,no,yes,no
21682,no,yes,no
21683,no,no,no
21684,unknown,yes,no
21685,unknown,yes,no
21686,no,no,no
21687,unknown,no,yes
21688,no,no,no
21689,no,yes,no
21690,unknown,yes,no
21691,no,no,no
21692,no,no,no
21693,unknown,no,no
21694,no,yes,no
21695,no,yes,no
21696,no,yes,no
21697,no,yes,no
21698,unknown,unknown,unknown
21699,no,yes,no
21700,unknown,no,no
21701,no,yes,no
21702,no,no,no
21703,no,no,no
21704,unknown,yes,yes
21705,no,yes,yes
21706,unknown,no,no
21707,no,no,no
21708,no,no,no
21709,no,yes,no
21710,unknown,no,no
21711,unknown,no,no
21712,unknown,yes,no
21713,no,yes,no
21714,unknown,no,yes
21715,unknown,yes,no
21716,no,yes,no
21717,no,yes,no
21718,no,yes,yes
21719,no,no,no
21720,no,yes,yes
21721,unknown,no,yes
21722,no,yes,no
21723,no,no,no
21724,no,yes,no
21725,unknown,no,no
21726,unknown,yes,no
21727,no,no,no
21728,unknown,yes,no
21729,no,no,no
21730,no,no,no
21731,no,yes,no
21732,no,yes,no
21733,no,no,no
21734,no,yes,no
21735,no,no,no
21736,no,no,no
21737,no,unknown,unknown
21738,no,no,no
21739,no,yes,no
21740,no,yes,no
21741,no,no,yes
21742,no,yes,yes
21743,no,no,no
21744,no,yes,no
21745,no,yes,no
21746,no,no,no
21747,unknown,no,no
21748,no,no,no
21749,no,yes,yes
21750,no,yes,yes
21751,unknown,yes,no
21752,unknown,yes,no
21753,no,yes,yes
21754,no,yes,no
21755,no,yes,no
21756,no,yes,no
21757,unknown,yes,yes
21758,unknown,yes,no
21759,unknown,yes,no
21760,unknown,yes,no
21761,unknown,yes,yes
21762,no,unknown,unknown
21763,no,yes,no
21764,no,yes,no
21765,no,yes,no
21766,unknown,yes,yes
21767,no,yes,no
21768,no,yes,no
21769,no,no,no
21770,no,no,no
21771,unknown,yes,yes
21772,unknown,no,no
21773,no,no,no
21774,no,no,no
21775,unknown,no,no
21776,unknown,yes,yes
21777,unknown,yes,no
21778,unknown,yes,no
21779,no,yes,no
21780,no,yes,no
21781,unknown,yes,no
21782,no,no,no
21783,no,no,no
21784,no,no,no
21785,no,no,yes
21786,no,yes,no
21787,no,no,no
21788,no,yes,no
21789,unknown,yes,no
21790,no,yes,no
21791,no,no,no
21792,no,yes,no
21793,no,yes,no
21794,no,no,no
21795,no,no,no
21796,no,no,no
21797,no,yes,yes
21798,no,no,no
21799,no,yes,no
21800,no,yes,no
21801,unknown,no,no
21802,no,no,no
21803,no,no,yes
21804,no,no,no
21805,no,no,no
21806,no,yes,no
21807,no,no,no
21808,unknown,yes,no
21809,unknown,no,no
21810,no,no,no
21811,no,no,no
21812,no,no,yes
21813,no,yes,yes
21814,unknown,no,no
21815,no,yes,no
21816,no,no,no
21817,no,no,no
21818,no,yes,no
21819,no,no,yes
21820,no,yes,no
21821,unknown,no,no
21822,no,no,no
21823,unknown,yes,no
21824,no,yes,no
21825,no,yes,no
21826,no,no,no
21827,no,yes,no
21828,no,no,no
21829,unknown,yes,no
21830,no,yes,no
21831,no,no,no
21832,no,no,no
21833,no,yes,no
21834,no,no,no
21835,no,yes,no
21836,no,no,no
21837,no,no,no
21838,no,yes,no
21839,no,yes,no
21840,no,yes,no
21841,no,no,no
21842,no,no,no
21843,no,yes,no
21844,no,no,no
21845,no,yes,no
21846,no,no,no
21847,no,yes,no
21848,no,yes,yes
21849,unknown,yes,no
21850,unknown,yes,no
21851,no,no,no
21852,unknown,yes,no
21853,no,yes,no
21854,no,yes,no
21855,no,yes,yes
21856,no,yes,no
21857,no,yes,yes
21858,no,yes,no
21859,unknown,no,no
21860,no,yes,yes
21861,unknown,yes,no
21862,unknown,yes,no
21863,no,yes,no
21864,unknown,no,no
21865,unknown,yes,no
21866,no,no,no
21867,no,yes,yes
21868,no,no,no
21869,no,yes,no
21870,no,yes,no
21871,no,no,no
21872,no,no,no
21873,unknown,no,no
21874,no,yes,no
21875,no,yes,no
21876,unknown,yes,no
21877,no,yes,no
21878,no,no,no
21879,no,no,no
21880,no,no,no
21881,no,no,no
21882,no,no,yes
21883,no,yes,no
21884,no,yes,no
21885,no,no,yes
21886,no,yes,no
21887,no,no,no
21888,no,no,no
21889,no,yes,no
21890,unknown,no,no
21891,no,yes,no
21892,no,yes,no
21893,no,yes,no
21894,no,no,no
21895,unknown,no,no
21896,no,no,no
21897,no,no,no
21898,no,no,no
21899,no,yes,no
21900,no,no,no
21901,no,yes,no
21902,no,no,no
21903,no,yes,no
21904,unknown,yes,no
21905,no,yes,no
21906,no,no,no
21907,no,yes,no
21908,no,no,no
21909,unknown,yes,no
21910,no,yes,no
21911,no,yes,yes
21912,no,yes,no
21913,no,no,no
21914,no,no,no
21915,no,no,no
21916,no,yes,no
21917,no,yes,no
21918,no,yes,no
21919,no,yes,no
21920,no,yes,no
21921,no,no,no
21922,no,unknown,unknown
21923,unknown,no,no
21924,no,no,no
21925,unknown,yes,no
21926,no,yes,no
21927,unknown,no,no
21928,unknown,yes,no
21929,no,no,no
21930,unknown,yes,no
21931,no,yes,no
21932,no,yes,no
21933,no,unknown,unknown
21934,no,no,no
21935,no,no,no
21936,no,no,no
21937,unknown,yes,no
21938,no,yes,no
21939,no,yes,no
21940,no,no,no
21941,no,no,no
21942,no,no,no
21943,no,yes,no
21944,unknown,no,no
21945,no,yes,yes
21946,no,no,yes
21947,no,yes,yes
21948,no,yes,no
21949,no,yes,no
21950,no,yes,no
21951,no,yes,no
21952,no,yes,no
21953,no,no,no
21954,unknown,no,no
21955,no,yes,no
21956,no,yes,yes
21957,no,no,no
21958,no,no,no
21959,no,no,yes
21960,no,yes,no
21961,no,yes,yes
21962,no,unknown,unknown
21963,no,no,no
21964,no,no,no
21965,no,yes,no
21966,no,no,no
21967,no,yes,no
21968,no,no,no
21969,no,no,no
21970,no,yes,no
21971,no,yes,no
21972,no,yes,no
21973,no,no,yes
21974,no,no,yes
21975,unknown,no,no
21976,no,yes,no
21977,no,no,yes
21978,no,yes,no
21979,no,no,yes
21980,no,yes,no
21981,no,yes,no
21982,no,yes,no
21983,no,yes,no
21984,no,yes,no
21985,no,yes,no
21986,unknown,yes,no
21987,no,unknown,unknown
21988,no,no,no
21989,no,yes,no
21990,no,no,no
21991,no,no,no
21992,no,yes,no
21993,no,no,yes
21994,no,no,yes
21995,no,no,yes
21996,no,no,no
21997,no,yes,no
21998,no,no,no
21999,unknown,no,no
22000,unknown,no,no
22001,no,yes,no
22002,unknown,yes,no
22003,no,no,no
22004,no,no,yes
22005,no,yes,no
22006,unknown,yes,no
22007,no,no,no
22008,no,no,yes
22009,no,yes,yes
22010,no,no,no
22011,no,no,no
22012,unknown,no,no
22013,no,no,yes
22014,no,no,no
22015,unknown,no,no
22016,no,yes,no
22017,no,yes,no
22018,unknown,no,no
22019,unknown,yes,no
22020,no,no,no
22021,no,yes,no
22022,no,yes,no
22023,no,yes,no
22024,no,yes,no
22025,no,no,yes
22026,no,no,no
22027,unknown,yes,yes
22028,no,no,no
22029,unknown,no,no
22030,no,yes,no
22031,no,no,yes
22032,no,yes,no
22033,no,yes,no
22034,unknown,no,no
22035,no,yes,no
22036,no,no,no
22037,unknown,unknown,unknown
22038,no,yes,no
22039,no,yes,no
22040,no,yes,no
22041,no,no,no
22042,no,no,no
22043,unknown,no,no
22044,no,no,no
22045,no,yes,no
22046,no,yes,no
22047,no,no,no
22048,no,yes,yes
22049,no,no,no
22050,no,yes,yes
22051,no,yes,no
22052,no,no,no
22053,no,no,no
22054,no,no,no
22055,no,yes,no
22056,no,yes,yes
22057,no,yes,no
22058,no,yes,no
22059,unknown,yes,yes
22060,no,yes,no
22061,no,yes,no
22062,no,no,no
22063,unknown,unknown,unknown
22064,unknown,yes,no
22065,no,yes,no
22066,no,no,yes
22067,no,yes,no
22068,no,yes,no
22069,no,no,no
22070,no,no,yes
22071,no,no,no
22072,no,no,no
22073,no,no,no
22074,no,no,no
22075,no,yes,no
22076,no,no,no
22077,no,yes,no
22078,unknown,no,no
22079,no,no,no
22080,no,yes,no
22081,no,no,no
22082,no,yes,no
22083,no,yes,no
22084,no,yes,no
22085,unknown,yes,no
22086,no,yes,yes
22087,no,no,no
22088,unknown,yes,no
22089,unknown,no,yes
22090,no,yes,yes
22091,no,yes,no
22092,no,yes,yes
22093,no,yes,no
22094,no,no,no
22095,no,no,no
22096,no,yes,no
22097,unknown,no,no
22098,no,yes,yes
22099,unknown,yes,no
22100,no,yes,no
22101,no,no,yes
22102,no,yes,no
22103,no,yes,yes
22104,no,yes,no
22105,no,no,yes
22106,no,yes,no
22107,unknown,no,yes
22108,no,no,no
22109,no,no,no
22110,no,yes,yes
22111,no,no,no
22112,no,yes,yes
22113,no,yes,no
22114,no,no,yes
22115,unknown,no,no
22116,unknown,no,yes
22117,no,no,no
22118,unknown,yes,no
22119,no,yes,no
22120,no,no,yes
22121,no,yes,no
22122,no,yes,yes
22123,unknown,yes,no
22124,unknown,yes,yes
22125,unknown,yes,no
22126,unknown,yes,no
22127,unknown,no,yes
22128,unknown,yes,no
22129,no,no,no
22130,no,yes,no
22131,no,no,no
22132,no,no,no
22133,no,no,no
22134,no,no,no
22135,no,no,no
22136,no,yes,no
22137,no,yes,no
22138,no,no,yes
22139,no,yes,no
22140,no,yes,no
22141,no,no,no
22142,unknown,no,no
22143,no,no,no
22144,unknown,no,no
22145,no,yes,no
22146,no,yes,no
22147,no,no,no
22148,no,no,yes
22149,no,no,no
22150,no,yes,yes
22151,no,yes,no
22152,no,no,no
22153,no,yes,no
22154,no,no,no
22155,no,yes,no
22156,no,yes,yes
22157,no,no,no
22158,no,yes,no
22159,no,yes,no
22160,no,yes,no
22161,no,yes,no
22162,no,no,no
22163,unknown,yes,no
22164,no,no,no
22165,no,yes,no
22166,no,yes,no
22167,no,no,no
22168,unknown,no,no
22169,unknown,yes,yes
22170,no,yes,no
22171,no,no,no
22172,no,no,no
22173,no,yes,no
22174,no,no,yes
22175,no,yes,yes
22176,unknown,no,no
22177,no,yes,no
22178,unknown,no,no
22179,no,yes,no
22180,no,no,no
22181,unknown,yes,no
22182,no,no,no
22183,no,yes,no
22184,no,unknown,unknown
22185,no,yes,no
22186,no,yes,no
22187,no,no,yes
22188,no,yes,no
22189,unknown,yes,no
22190,no,no,no
22191,no,yes,no
22192,unknown,yes,yes
22193,no,no,no
22194,no,no,no
22195,no,yes,no
22196,no,yes,no
22197,no,yes,no
22198,no,yes,no
22199,no,no,no
22200,unknown,no,no
22201,no,unknown,unknown
22202,no,no,no
22203,no,yes,no
22204,no,yes,no
22205,no,no,no
22206,no,yes,no
22207,no,yes,yes
22208,no,yes,no
22209,no,yes,no
22210,no,no,no
22211,unknown,yes,yes
22212,no,no,no
22213,no,yes,no
22214,no,no,no
22215,no,no,no
22216,no,no,no
22217,unknown,yes,no
22218,no,no,no
22219,no,yes,no
22220,unknown,yes,no
22221,unknown,no,no
22222,no,no,no
22223,no,no,no
22224,unknown,yes,no
22225,no,yes,no
22226,unknown,yes,no
22227,no,yes,yes
22228,no,no,no
22229,no,no,no
22230,no,yes,no
22231,unknown,no,yes
22232,no,no,yes
22233,no,no,no
22234,unknown,no,yes
22235,no,no,yes
22236,unknown,no,yes
22237,no,yes,no
22238,no,yes,no
22239,no,yes,no
22240,no,yes,no
22241,unknown,no,yes
22242,no,yes,no
22243,no,no,yes
22244,unknown,no,yes
22245,unknown,no,no
22246,no,yes,no
22247,unknown,yes,no
22248,no,yes,no
22249,unknown,no,no
22250,no,yes,no
22251,unknown,yes,no
22252,no,no,no
22253,no,yes,no
22254,no,no,no
22255,no,no,no
22256,no,no,no
22257,no,yes,no
22258,no,no,no
22259,no,yes,no
22260,unknown,yes,no
22261,no,yes,no
22262,no,yes,no
22263,no,yes,no
22264,no,yes,no
22265,no,no,no
22266,no,yes,no
22267,unknown,yes,no
22268,no,unknown,unknown
22269,no,unknown,unknown
22270,no,no,no
22271,no,yes,no
22272,unknown,yes,no
22273,no,yes,no
22274,no,yes,no
22275,no,no,no
22276,unknown,yes,yes
22277,no,no,no
22278,unknown,yes,no
22279,no,yes,no
22280,no,no,no
22281,unknown,no,no
22282,no,yes,no
22283,no,yes,yes
22284,no,yes,no
22285,unknown,yes,no
22286,no,yes,no
22287,no,yes,no
22288,no,no,no
22289,unknown,yes,yes
22290,unknown,unknown,unknown
22291,no,yes,no
22292,unknown,yes,no
22293,unknown,yes,yes
22294,no,yes,yes
22295,no,yes,no
22296,no,yes,no
22297,no,yes,yes
22298,no,yes,no
22299,no,yes,no
22300,no,no,no
22301,no,no,no
22302,no,no,no
22303,no,yes,no
22304,no,no,no
22305,unknown,yes,no
22306,unknown,yes,no
22307,no,yes,no
22308,unknown,yes,no
22309,no,yes,no
22310,no,no,no
22311,unknown,no,no
22312,unknown,no,yes
22313,no,yes,no
22314,no,no,yes
22315,no,yes,no
22316,no,yes,no
22317,unknown,yes,no
22318,unknown,yes,yes
22319,no,no,no
22320,unknown,yes,no
22321,no,yes,no
22322,no,yes,no
22323,unknown,yes,yes
22324,no,yes,yes
22325,no,yes,no
22326,no,yes,no
22327,unknown,no,no
22328,no,no,no
22329,no,yes,no
22330,no,no,no
22331,unknown,yes,no
22332,unknown,no,no
22333,no,no,no
22334,no,yes,no
22335,unknown,no,no
22336,unknown,yes,no
22337,unknown,unknown,unknown
22338,no,no,no
22339,unknown,yes,no
22340,no,yes,no
22341,no,no,no
22342,unknown,yes,no
22343,no,yes,no
22344,no,yes,no
22345,no,yes,no
22346,no,yes,no
22347,no,no,no
22348,no,no,no
22349,unknown,yes,yes
22350,no,yes,no
22351,no,yes,yes
22352,no,yes,no
22353,no,yes,yes
22354,no,yes,no
22355,unknown,yes,no
22356,unknown,yes,no
22357,no,yes,no
22358,no,no,no
22359,no,yes,no
22360,unknown,yes,no
22361,no,no,no
22362,no,yes,no
22363,no,yes,no
22364,no,yes,no
22365,no,no,no
22366,no,yes,no
22367,no,yes,no
22368,no,yes,no
22369,no,yes,no
22370,no,yes,no
22371,unknown,no,no
22372,no,no,no
22373,no,yes,no
22374,no,no,no
22375,no,yes,no
22376,no,no,no
22377,no,unknown,unknown
22378,no,yes,no
22379,no,yes,yes
22380,no,no,no
22381,unknown,yes,yes
22382,no,yes,yes
22383,no,yes,no
22384,no,no,no
22385,no,yes,no
22386,no,yes,no
22387,unknown,yes,no
22388,no,yes,no
22389,no,yes,yes
22390,no,no,no
22391,no,yes,no
22392,no,yes,no
22393,unknown,yes,no
22394,no,yes,no
22395,no,yes,yes
22396,unknown,yes,yes
22397,no,yes,no
22398,unknown,no,no
22399,unknown,yes,yes
22400,unknown,yes,no
22401,unknown,yes,no
22402,unknown,yes,no
22403,no,yes,no
22404,no,yes,no
22405,no,yes,no
22406,no,yes,no
22407,unknown,yes,no
22408,unknown,yes,no
22409,no,yes,no
22410,no,yes,no
22411,unknown,no,no
22412,no,yes,no
22413,no,yes,yes
22414,no,yes,no
22415,unknown,yes,no
22416,no,no,no
22417,no,yes,no
22418,no,unknown,unknown
22419,unknown,no,yes
22420,unknown,unknown,unknown
22421,no,yes,no
22422,no,yes,no
22423,no,no,no
22424,no,yes,no
22425,no,yes,no
22426,no,yes,yes
22427,no,yes,yes
22428,no,yes,no
22429,no,no,no
22430,no,yes,no
22431,no,yes,no
22432,no,no,no
22433,no,no,no
22434,no,yes,no
22435,no,yes,no
22436,no,yes,no
22437,no,yes,no
22438,no,no,no
22439,no,unknown,unknown
22440,no,no,no
22441,no,no,yes
22442,no,no,no
22443,no,yes,no
22444,no,no,no
22445,no,no,no
22446,no,yes,no
22447,no,no,yes
22448,no,yes,no
22449,unknown,no,no
22450,no,no,no
22451,no,no,no
22452,no,no,no
22453,no,yes,no
22454,no,yes,no
22455,unknown,yes,no
22456,no,yes,no
22457,no,no,no
22458,no,no,no
22459,unknown,no,no
22460,no,yes,no
22461,unknown,no,no
22462,no,no,no
22463,no,no,no
22464,no,yes,yes
22465,unknown,no,no
22466,no,yes,no
22467,no,yes,no
22468,unknown,yes,yes
22469,no,no,no
22470,no,yes,no
22471,no,no,yes
22472,no,yes,yes
22473,unknown,yes,no
22474,no,yes,no
22475,unknown,yes,no
22476,no,yes,no
22477,no,yes,no
22478,no,no,no
22479,no,no,yes
22480,unknown,no,no
22481,unknown,no,no
22482,no,no,no
22483,no,no,no
22484,no,no,no
22485,no,no,no
22486,no,yes,yes
22487,unknown,no,no
22488,unknown,yes,no
22489,no,yes,yes
22490,no,yes,no
22491,no,yes,no
22492,no,yes,no
22493,unknown,yes,yes
22494,no,yes,yes
22495,unknown,yes,no
22496,no,no,no
22497,no,yes,no
22498,unknown,no,no
22499,unknown,no,no
22500,no,yes,no
22501,no,yes,yes
22502,no,yes,no
22503,no,yes,no
22504,no,yes,no
22505,no,no,no
22506,no,no,no
22507,unknown,yes,no
22508,no,yes,no
22509,no,yes,no
22510,no,yes,no
22511,unknown,yes,no
22512,no,yes,no
22513,unknown,yes,no
22514,unknown,yes,no
22515,no,yes,no
22516,no,no,no
22517,no,yes,no
22518,no,no,no
22519,no,no,yes
22520,no,yes,no
22521,unknown,no,no
22522,no,yes,no
22523,no,no,yes
22524,no,yes,no
22525,no,yes,no
22526,no,no,no
22527,no,no,no
22528,no,no,no
22529,no,yes,yes
22530,unknown,yes,no
22531,no,yes,no
22532,no,yes,no
22533,no,yes,no
22534,no,yes,no
22535,no,yes,no
22536,no,yes,no
22537,no,yes,no
22538,no,yes,yes
22539,no,no,no
22540,no,no,no
22541,no,no,no
22542,no,yes,no
22543,no,no,no
22544,no,no,no
22545,no,no,no
22546,unknown,no,no
22547,no,no,no
22548,no,no,no
22549,unknown,yes,no
22550,no,no,no
22551,unknown,yes,no
22552,no,yes,no
22553,no,no,no
22554,no,yes,yes
22555,no,no,no
22556,no,yes,no
22557,no,yes,no
22558,unknown,yes,no
22559,no,no,no
22560,unknown,yes,yes
22561,no,no,no
22562,no,no,no
22563,no,no,no
22564,no,no,no
22565,unknown,yes,no
22566,no,no,yes
22567,unknown,yes,no
22568,unknown,no,no
22569,no,yes,no
22570,unknown,yes,yes
22571,no,yes,no
22572,no,no,no
22573,no,yes,no
22574,no,no,no
22575,no,no,no
22576,unknown,yes,yes
22577,no,no,no
22578,unknown,no,no
22579,no,no,no
22580,no,yes,no
22581,no,yes,no
22582,no,no,no
22583,no,no,no
22584,no,no,no
22585,no,no,yes
22586,no,yes,no
22587,no,yes,yes
22588,unknown,no,no
22589,unknown,unknown,unknown
22590,no,no,no
22591,unknown,yes,no
22592,no,no,no
22593,no,no,no
22594,no,no,yes
22595,unknown,no,no
22596,no,no,no
22597,no,no,no
22598,unknown,no,no
22599,no,no,no
22600,no,no,no
22601,unknown,yes,no
22602,unknown,no,no
22603,unknown,no,no
22604,no,unknown,unknown
22605,no,unknown,unknown
22606,unknown,no,no
22607,no,yes,no
22608,no,unknown,unknown
22609,no,no,yes
22610,no,no,no
22611,unknown,yes,no
22612,no,yes,yes
22613,no,yes,no
22614,no,no,yes
22615,no,yes,yes
22616,no,yes,no
22617,no,no,no
22618,no,yes,no
22619,no,no,no
22620,unknown,no,no
22621,unknown,no,no
22622,no,no,no
22623,no,yes,no
22624,no,yes,no
22625,no,yes,no
22626,no,no,no
22627,no,yes,no
22628,no,no,no
22629,no,no,no
22630,no,yes,no
22631,no,yes,yes
22632,no,yes,no
22633,no,no,no
22634,no,no,yes
22635,no,no,yes
22636,no,no,yes
22637,no,yes,no
22638,no,yes,yes
22639,no,yes,yes
22640,no,unknown,unknown
22641,no,no,no
22642,no,no,no
22643,no,no,no
22644,no,yes,yes
22645,no,no,no
22646,no,no,no
22647,no,no,no
22648,no,yes,yes
22649,no,no,no
22650,no,no,yes
22651,no,yes,yes
22652,no,yes,yes
22653,no,yes,yes
22654,no,no,yes
22655,no,yes,no
22656,no,no,no
22657,no,no,no
22658,unknown,yes,no
22659,no,no,no
22660,no,yes,no
22661,no,no,no
22662,no,yes,no
22663,no,yes,yes
22664,unknown,yes,no
22665,no,no,no
22666,no,no,no
22667,no,no,no
22668,no,yes,yes
22669,no,yes,yes
22670,no,yes,yes
22671,unknown,no,no
22672,no,yes,yes
22673,no,no,yes
22674,no,no,no
22675,no,yes,no
22676,unknown,no,no
22677,no,yes,yes
22678,no,no,no
22679,no,no,no
22680,no,no,no
22681,no,yes,yes
22682,no,no,yes
22683,no,no,no
22684,no,no,no
22685,no,no,no
22686,no,no,no
22687,unknown,no,no
22688,unknown,no,no
22689,no,no,no
22690,no,yes,no
22691,no,no,no
22692,no,no,no
22693,no,no,yes
22694,no,no,no
22695,no,no,no
22696,no,no,yes
22697,unknown,no,no
22698,no,yes,no
22699,no,no,no
22700,no,no,yes
22701,no,no,no
22702,no,unknown,unknown
22703,no,no,no
22704,no,no,no
22705,unknown,yes,no
22706,no,yes,no
22707,no,yes,no
22708,no,no,no
22709,no,no,no
22710,no,yes,no
22711,no,yes,no
22712,no,no,no
22713,no,yes,no
22714,no,yes,no
22715,no,no,yes
22716,no,no,yes
22717,no,yes,no
22718,no,yes,no
22719,no,no,no
22720,no,no,no
22721,no,no,no
22722,no,yes,no
22723,unknown,unknown,unknown
22724,no,yes,no
22725,no,yes,no
22726,unknown,yes,no
22727,no,yes,no
22728,unknown,yes,no
22729,no,no,yes
22730,no,no,no
22731,no,yes,no
22732,no,no,no
22733,no,yes,no
22734,no,no,no
22735,no,no,no
22736,no,no,no
22737,no,no,no
22738,no,yes,no
22739,no,yes,no
22740,no,no,no
22741,no,yes,no
22742,no,no,no
22743,no,yes,no
22744,unknown,no,no
22745,no,yes,no
22746,no,no,no
22747,no,no,yes
22748,no,yes,no
22749,no,yes,no
22750,no,no,yes
22751,no,yes,no
22752,no,yes,no
22753,no,yes,yes
22754,no,no,no
22755,no,yes,no
22756,unknown,no,no
22757,unknown,yes,no
22758,no,no,no
22759,no,yes,no
22760,unknown,no,no
22761,no,yes,no
22762,no,no,no
22763,no,yes,no
22764,no,yes,no
22765,no,yes,no
22766,no,yes,no
22767,no,no,no
22768,no,no,yes
22769,no,no,yes
22770,no,no,yes
22771,no,yes,no
22772,unknown,no,no
22773,no,no,yes
22774,unknown,no,yes
22775,no,no,no
22776,no,no,no
22777,unknown,no,no
22778,no,no,no
22779,unknown,no,no
22780,no,yes,no
22781,unknown,no,no
22782,no,no,no
22783,no,no,no
22784,no,yes,no
22785,no,yes,no
22786,no,no,no
22787,unknown,yes,no
22788,no,no,no
22789,no,no,no
22790,no,yes,no
22791,unknown,no,yes
22792,no,yes,no
22793,no,yes,no
22794,no,no,no
22795,unknown,no,no
22796,no,no,no
22797,no,no,no
22798,no,no,no
22799,no,unknown,unknown
22800,no,no,no
22801,no,no,no
22802,unknown,yes,no
22803,no,yes,no
22804,no,yes,no
22805,no,no,no
22806,no,yes,no
22807,no,yes,no
22808,no,no,yes
22809,no,yes,no
22810,no,yes,no
22811,no,yes,no
22812,no,yes,no
22813,no,no,no
22814,no,yes,no
22815,unknown,yes,no
22816,no,no,no
22817,no,yes,no
22818,unknown,yes,no
22819,unknown,no,no
22820,no,yes,no
22821,no,yes,no
22822,no,yes,yes
22823,no,no,no
22824,no,yes,no
22825,no,yes,no
22826,no,no,no
22827,no,yes,no
22828,unknown,no,no
22829,no,yes,no
22830,no,yes,yes
22831,no,no,no
22832,no,no,yes
22833,no,no,no
22834,no,no,no
22835,unknown,yes,yes
22836,unknown,yes,no
22837,unknown,no,no
22838,unknown,no,yes
22839,no,no,no
22840,no,yes,yes
22841,no,yes,no
22842,no,no,no
22843,no,no,no
22844,no,no,no
22845,no,yes,no
22846,no,yes,no
22847,no,yes,no
22848,no,no,no
22849,no,no,no
22850,no,yes,no
22851,unknown,yes,no
22852,no,yes,no
22853,no,yes,yes
22854,no,yes,no
22855,no,no,yes
22856,no,no,no
22857,no,yes,no
22858,no,yes,no
22859,no,yes,no
22860,no,yes,no
22861,no,no,no
22862,no,no,no
22863,no,no,no
22864,no,yes,no
22865,unknown,yes,yes
22866,no,yes,yes
22867,no,yes,no
22868,no,yes,no
22869,no,unknown,unknown
22870,unknown,yes,yes
22871,no,no,no
22872,no,yes,no
22873,no,no,no
22874,no,yes,no
22875,no,no,no
22876,unknown,yes,yes
22877,no,yes,no
22878,no,yes,no
22879,unknown,yes,no
22880,no,no,no
22881,no,yes,yes
22882,no,yes,no
22883,unknown,yes,no
22884,no,no,no
22885,no,no,no
22886,no,no,yes
22887,no,no,no
22888,no,yes,no
22889,no,no,no
22890,no,yes,no
22891,no,yes,no
22892,no,yes,yes
22893,no,yes,yes
22894,no,yes,no
22895,no,yes,no
22896,no,yes,no
22897,no,no,no
22898,no,no,no
22899,unknown,no,no
22900,no,no,yes
22901,no,yes,no
22902,unknown,yes,yes
22903,no,no,no
22904,unknown,no,no
22905,no,no,no
22906,unknown,no,yes
22907,no,yes,no
22908,no,no,no
22909,unknown,yes,no
22910,unknown,yes,yes
22911,no,yes,no
22912,unknown,yes,no
22913,unknown,yes,yes
22914,no,yes,no
22915,no,yes,no
22916,no,yes,no
22917,no,no,no
22918,no,yes,no
22919,unknown,yes,yes
22920,no,yes,no
22921,no,no,no
22922,no,yes,no
22923,no,yes,no
22924,no,no,no
22925,unknown,yes,no
22926,no,yes,no
22927,unknown,no,yes
22928,no,yes,no
22929,unknown,yes,yes
22930,no,yes,no
22931,no,no,no
22932,no,yes,no
22933,no,yes,no
22934,no,yes,yes
22935,unknown,no,no
22936,unknown,no,no
22937,no,yes,no
22938,no,yes,no
22939,no,yes,no
22940,unknown,no,no
22941,no,no,no
22942,no,no,no
22943,no,yes,no
22944,no,no,no
22945,no,no,no
22946,no,yes,no
22947,no,no,no
22948,no,no,no
22949,unknown,no,no
22950,unknown,yes,no
22951,no,no,no
22952,no,yes,yes
22953,no,yes,no
22954,no,yes,no
22955,no,yes,no
22956,no,yes,no
22957,unknown,yes,no
22958,no,yes,no
22959,no,no,no
22960,unknown,yes,yes
22961,unknown,no,no
22962,no,yes,no
22963,no,yes,no
22964,unknown,yes,yes
22965,unknown,yes,no
22966,no,yes,no
22967,no,no,yes
22968,no,yes,no
22969,no,no,no
22970,no,no,no
22971,no,yes,yes
22972,unknown,no,no
22973,unknown,yes,yes
22974,no,yes,yes
22975,unknown,yes,no
22976,no,yes,no
22977,unknown,yes,no
22978,no,yes,no
22979,unknown,yes,no
22980,no,no,no
22981,no,yes,no
22982,no,yes,no
22983,no,no,no
22984,no,no,no
22985,no,no,yes
22986,no,no,no
22987,unknown,yes,no
22988,no,yes,no
22989,no,yes,no
22990,no,no,no
22991,no,yes,no
22992,no,no,no
22993,no,yes,yes
22994,no,no,no
22995,no,yes,no
22996,no,no,no
22997,unknown,yes,yes
22998,no,yes,no
22999,no,no,no
23000,unknown,yes,no
23001,no,yes,no
23002,no,yes,no
23003,no,no,no
23004,no,no,no
23005,no,no,no
23006,no,yes,no
23007,no,yes,yes
23008,no,yes,no
23009,unknown,yes,no
23010,no,unknown,unknown
23011,no,unknown,unknown
23012,no,yes,no
23013,no,no,no
23014,no,yes,no
23015,unknown,yes,no
23016,no,no,no
23017,no,yes,no
23018,no,yes,no
23019,no,unknown,unknown
23020,unknown,yes,no
23021,no,no,no
23022,no,yes,no
23023,no,yes,no
23024,no,yes,no
23025,unknown,no,no
23026,unknown,yes,no
23027,no,yes,no
23028,no,yes,no
23029,no,yes,no
23030,no,yes,no
23031,no,yes,no
23032,no,yes,no
23033,no,no,no
23034,no,no,no
23035,no,no,no
23036,no,yes,no
23037,no,yes,no
23038,no,yes,no
23039,unknown,no,no
23040,no,no,no
23041,unknown,no,yes
23042,no,no,no
23043,unknown,no,no
23044,no,yes,no
23045,unknown,no,yes
23046,no,yes,no
23047,no,yes,no
23048,no,yes,no
23049,no,no,no
23050,no,yes,no
23051,no,no,no
23052,no,no,no
23053,no,no,no
23054,no,yes,no
23055,no,no,no
23056,unknown,yes,no
23057,unknown,no,no
23058,no,no,no
23059,no,no,no
23060,unknown,no,no
23061,unknown,yes,no
23062,no,yes,no
23063,no,yes,yes
23064,unknown,yes,yes
23065,unknown,no,no
23066,no,no,no
23067,no,no,no
23068,no,yes,no
23069,no,no,no
23070,unknown,yes,no
23071,unknown,yes,no
23072,no,yes,no
23073,no,no,yes
23074,no,no,no
23075,no,yes,yes
23076,no,yes,no
23077,no,yes,yes
23078,no,yes,no
23079,no,yes,no
23080,no,no,no
23081,no,no,no
23082,no,no,no
23083,no,yes,no
23084,no,yes,no
23085,no,yes,no
23086,no,no,no
23087,no,yes,no
23088,no,no,no
23089,no,yes,no
23090,unknown,no,no
23091,no,yes,no
23092,no,yes,no
23093,no,yes,no
23094,unknown,yes,no
23095,no,yes,yes
23096,no,yes,no
23097,no,unknown,unknown
23098,unknown,yes,no
23099,no,no,no
23100,no,yes,no
23101,no,unknown,unknown
23102,no,yes,no
23103,no,no,no
23104,unknown,yes,no
23105,no,no,no
23106,no,no,no
23107,no,yes,no
23108,no,unknown,unknown
23109,no,no,no
23110,no,no,no
23111,no,no,no
23112,no,no,no
23113,no,yes,yes
23114,no,no,no
23115,no,yes,no
23116,no,yes,no
23117,no,yes,no
23118,no,yes,no
23119,no,no,no
23120,no,yes,no
23121,no,no,no
23122,no,yes,no
23123,no,yes,yes
23124,unknown,yes,no
23125,unknown,no,no
23126,unknown,yes,no
23127,no,yes,no
23128,unknown,no,no
23129,no,no,no
23130,unknown,yes,no
23131,no,no,no
23132,no,no,no
23133,unknown,yes,no
23134,no,yes,no
23135,no,no,no
23136,no,no,no
23137,no,unknown,unknown
23138,no,no,no
23139,no,yes,no
23140,no,yes,no
23141,no,no,no
23142,no,yes,no
23143,no,yes,no
23144,unknown,yes,no
23145,no,no,no
23146,no,yes,no
23147,unknown,yes,no
23148,no,no,no
23149,no,yes,no
23150,unknown,yes,no
23151,no,no,no
23152,no,yes,no
23153,no,yes,no
23154,no,no,no
23155,unknown,yes,no
23156,no,no,no
23157,no,no,no
23158,no,no,yes
23159,no,yes,yes
23160,no,yes,no
23161,unknown,yes,no
23162,no,yes,no
23163,no,no,no
23164,no,no,no
23165,unknown,no,no
23166,no,yes,no
23167,no,no,no
23168,no,yes,no
23169,no,yes,no
23170,unknown,yes,no
23171,no,no,no
23172,unknown,yes,no
23173,no,no,no
23174,no,no,no
23175,no,yes,no
23176,no,unknown,unknown
23177,no,no,no
23178,no,no,no
23179,no,no,no
23180,unknown,yes,no
23181,no,unknown,unknown
23182,no,yes,no
23183,unknown,no,no
23184,no,no,no
23185,unknown,no,no
23186,unknown,yes,no
23187,no,no,no
23188,no,no,no
23189,no,yes,no
23190,no,yes,no
23191,no,yes,no
23192,no,yes,no
23193,no,yes,no
23194,unknown,no,no
23195,no,no,no
23196,no,yes,no
23197,no,yes,no
23198,no,no,yes
23199,no,yes,no
23200,no,yes,no
23201,no,yes,no
23202,no,yes,no
23203,no,no,no
23204,unknown,no,no
23205,no,no,no
23206,no,yes,no
23207,no,no,no
23208,no,yes,yes
23209,no,yes,yes
23210,no,yes,no
23211,unknown,no,no
23212,no,no,no
23213,no,no,yes
23214,no,no,no
23215,no,yes,no
23216,no,yes,no
23217,unknown,yes,yes
23218,no,yes,no
23219,no,yes,yes
23220,no,yes,yes
23221,no,yes,no
23222,no,yes,no
23223,no,no,no
23224,no,no,no
23225,no,unknown,unknown
23226,no,no,no
23227,unknown,no,no
23228,unknown,no,no
23229,unknown,yes,no
23230,no,no,no
23231,no,no,no
23232,unknown,yes,no
23233,no,no,no
23234,unknown,no,no
23235,no,yes,no
23236,no,no,no
23237,no,yes,no
23238,unknown,no,yes
23239,no,yes,no
23240,unknown,no,no
23241,no,no,no
23242,unknown,yes,no
23243,unknown,no,no
23244,no,yes,no
23245,no,no,no
23246,no,no,no
23247,unknown,no,no
23248,no,yes,no
23249,no,yes,no
23250,no,yes,no
23251,no,no,no
23252,no,yes,no
23253,no,no,no
23254,no,no,no
23255,no,yes,no
23256,no,yes,yes
23257,no,yes,no
23258,no,yes,no
23259,no,yes,no
23260,no,yes,no
23261,no,yes,no
23262,no,yes,yes
23263,no,no,no
23264,no,no,no
23265,no,no,no
23266,no,yes,no
23267,no,no,no
23268,no,no,no
23269,no,yes,no
23270,no,yes,no
23271,unknown,yes,no
23272,no,no,no
23273,unknown,yes,no
23274,unknown,no,no
23275,unknown,no,no
23276,no,yes,no
23277,no,yes,no
23278,no,no,no
23279,no,no,no
23280,unknown,yes,no
23281,no,yes,no
23282,no,yes,no
23283,no,yes,no
23284,no,yes,yes
23285,unknown,no,no
23286,no,yes,no
23287,no,yes,no
23288,no,no,no
23289,no,yes,no
23290,no,no,no
23291,unknown,yes,no
23292,no,yes,no
23293,no,no,no
23294,no,yes,no
23295,no,no,no
23296,no,yes,no
23297,unknown,yes,yes
23298,unknown,no,no
23299,unknown,no,yes
23300,unknown,no,no
23301,no,yes,no
23302,unknown,yes,no
23303,no,yes,no
23304,no,yes,no
23305,no,yes,no
23306,no,yes,no
23307,no,yes,yes
23308,no,yes,no
23309,no,no,no
23310,unknown,no,no
23311,no,no,no
23312,no,no,yes
23313,unknown,yes,no
23314,no,no,no
23315,no,yes,no
23316,no,yes,yes
23317,no,yes,no
23318,no,yes,yes
23319,no,no,yes
23320,no,yes,no
23321,unknown,yes,no
23322,no,no,no
23323,no,yes,no
23324,no,yes,no
23325,no,no,yes
23326,unknown,no,no
23327,unknown,yes,no
23328,no,yes,no
23329,no,yes,no
23330,no,yes,no
23331,no,yes,no
23332,no,no,no
23333,no,no,no
23334,no,yes,no
23335,no,yes,no
23336,no,yes,no
23337,no,no,no
23338,unknown,yes,no
23339,no,no,no
23340,no,no,no
23341,no,yes,no
23342,no,no,no
23343,no,unknown,unknown
23344,unknown,no,no
23345,no,yes,no
23346,no,no,no
23347,no,no,no
23348,unknown,no,no
23349,no,yes,no
23350,no,no,no
23351,unknown,yes,no
23352,no,yes,no
23353,unknown,yes,no
23354,unknown,yes,no
23355,no,yes,no
23356,no,yes,no
23357,no,unknown,unknown
23358,no,yes,no
23359,no,yes,no
23360,unknown,no,no
23361,no,no,no
23362,no,yes,no
23363,no,yes,no
23364,no,no,yes
23365,no,no,no
23366,no,no,no
23367,no,yes,no
23368,unknown,yes,no
23369,no,yes,yes
23370,no,no,no
23371,no,yes,no
23372,unknown,yes,yes
23373,no,yes,no
23374,no,no,no
23375,no,no,yes
23376,unknown,yes,yes
23377,no,yes,no
23378,unknown,yes,no
23379,no,yes,yes
23380,no,no,yes
23381,no,yes,no
23382,no,no,no
23383,no,yes,no
23384,no,yes,no
23385,no,no,no
23386,no,yes,no
23387,no,no,no
23388,no,no,no
23389,unknown,yes,no
23390,no,no,no
23391,no,yes,no
23392,no,no,no
23393,no,yes,no
23394,unknown,no,no
23395,unknown,yes,no
23396,unknown,yes,no
23397,no,yes,no
23398,no,no,no
23399,no,yes,no
23400,unknown,no,no
23401,unknown,yes,no
23402,no,yes,yes
23403,no,yes,yes
23404,no,yes,no
23405,no,yes,yes
23406,unknown,no,no
23407,no,no,no
23408,no,yes,no
23409,no,no,no
23410,unknown,yes,no
23411,unknown,no,no
23412,no,no,no
23413,no,yes,no
23414,no,no,no
23415,no,no,no
23416,no,no,no
23417,no,no,no
23418,no,no,no
23419,no,yes,no
23420,no,no,no
23421,unknown,yes,no
23422,no,yes,no
23423,no,yes,no
23424,no,no,no
23425,no,no,no
23426,unknown,yes,no
23427,no,no,no
23428,no,yes,no
23429,no,no,no
23430,no,yes,no
23431,no,no,no
23432,unknown,no,yes
23433,no,yes,yes
23434,no,no,no
23435,no,no,no
23436,no,yes,no
23437,unknown,yes,no
23438,no,yes,no
23439,no,yes,no
23440,no,no,no
23441,no,no,no
23442,no,yes,no
23443,no,no,no
23444,no,yes,no
23445,no,no,yes
23446,no,yes,no
23447,no,no,no
23448,no,yes,no
23449,no,no,yes
23450,no,no,no
23451,no,no,no
23452,no,no,no
23453,no,no,yes
23454,unknown,no,no
23455,no,no,no
23456,no,no,no
23457,no,no,no
23458,no,yes,no
23459,unknown,no,no
23460,no,no,no
23461,no,no,no
23462,no,yes,no
23463,no,no,no
23464,no,yes,no
23465,no,yes,no
23466,no,yes,no
23467,unknown,yes,yes
23468,unknown,yes,no
23469,no,yes,no
23470,no,yes,yes
23471,no,yes,yes
23472,no,no,no
23473,unknown,no,no
23474,no,yes,no
23475,no,yes,no
23476,no,no,no
23477,unknown,no,yes
23478,unknown,yes,no
23479,no,yes,no
23480,no,yes,no
23481,no,yes,yes
23482,no,yes,no
23483,no,yes,yes
23484,no,yes,no
23485,no,yes,yes
23486,no,yes,no
23487,no,no,no
23488,no,yes,no
23489,no,yes,no
23490,no,yes,no
23491,no,no,no
23492,no,no,no
23493,no,yes,no
23494,unknown,no,no
23495,no,yes,no
23496,unknown,no,no
23497,no,no,no
23498,no,yes,no
23499,no,yes,no
23500,no,no,no
23501,no,no,no
23502,no,yes,no
23503,no,no,no
23504,no,no,no
23505,no,yes,no
23506,no,yes,no
23507,no,no,no
23508,no,yes,no
23509,no,yes,no
23510,unknown,no,no
23511,no,yes,no
23512,no,yes,no
23513,no,yes,no
23514,no,no,no
23515,no,yes,no
23516,unknown,yes,yes
23517,no,no,no
23518,no,no,no
23519,no,no,no
23520,no,yes,no
23521,no,yes,no
23522,no,no,yes
23523,no,yes,no
23524,no,no,no
23525,no,yes,no
23526,no,yes,no
23527,no,yes,no
23528,no,yes,yes
23529,no,unknown,unknown
23530,no,no,no
23531,unknown,no,no
23532,no,yes,no
23533,no,no,no
23534,no,yes,no
23535,unknown,yes,no
23536,no,no,no
23537,unknown,no,no
23538,no,no,no
23539,no,no,no
23540,unknown,yes,no
23541,no,yes,yes
23542,no,yes,no
23543,no,yes,no
23544,no,yes,no
23545,no,yes,no
23546,no,yes,no
23547,no,yes,no
23548,no,no,no
23549,no,yes,no
23550,no,no,no
23551,unknown,yes,no
23552,no,no,no
23553,no,no,no
23554,unknown,yes,no
23555,no,yes,no
23556,no,no,no
23557,no,yes,yes
23558,no,yes,yes
23559,no,yes,no
23560,unknown,no,no
23561,no,yes,no
23562,no,yes,no
23563,no,yes,no
23564,unknown,yes,no
23565,no,unknown,unknown
23566,no,no,no
23567,unknown,yes,no
23568,unknown,yes,no
23569,no,no,no
23570,no,no,no
23571,no,yes,no
23572,no,no,yes
23573,no,no,no
23574,no,no,no
23575,no,yes,yes
23576,unknown,no,yes
23577,unknown,yes,no
23578,unknown,no,no
23579,unknown,yes,no
23580,unknown,no,yes
23581,unknown,yes,yes
23582,no,yes,no
23583,unknown,yes,no
23584,no,yes,no
23585,no,yes,no
23586,no,yes,no
23587,unknown,no,no
23588,no,yes,no
23589,unknown,no,no
23590,no,yes,no
23591,no,yes,yes
23592,no,yes,no
23593,no,no,yes
23594,no,yes,no
23595,no,yes,yes
23596,no,yes,yes
23597,no,no,no
23598,unknown,yes,no
23599,unknown,yes,yes
23600,no,no,no
23601,no,yes,no
23602,unknown,no,no
23603,no,yes,no
23604,no,yes,no
23605,no,yes,no
23606,no,no,no
23607,unknown,no,no
23608,no,yes,no
23609,unknown,no,no
23610,no,no,no
23611,no,yes,no
23612,no,yes,no
23613,unknown,yes,no
23614,no,yes,no
23615,no,yes,no
23616,no,no,no
23617,no,yes,yes
23618,no,yes,no
23619,no,no,yes
23620,no,no,no
23621,no,yes,no
23622,no,yes,no
23623,no,yes,no
23624,no,yes,no
23625,no,yes,no
23626,no,no,no
23627,unknown,yes,no
23628,unknown,no,no
23629,no,yes,no
23630,no,no,no
23631,unknown,no,no
23632,no,yes,no
23633,no,yes,no
23634,no,no,no
23635,no,no,no
23636,unknown,no,no
23637,no,yes,no
23638,no,yes,no
23639,unknown,yes,yes
23640,no,yes,no
23641,no,yes,no
23642,no,yes,yes
23643,no,no,no
23644,no,no,no
23645,no,unknown,unknown
23646,unknown,no,no
23647,no,yes,no
23648,no,no,no
23649,no,yes,yes
23650,no,yes,yes
23651,no,no,no
23652,no,yes,no
23653,no,no,no
23654,no,yes,yes
23655,no,no,no
23656,no,yes,yes
23657,unknown,yes,no
23658,no,yes,no
23659,no,yes,no
23660,unknown,yes,no
23661,no,yes,no
23662,no,yes,yes
23663,no,no,no
23664,no,yes,no
23665,unknown,yes,no
23666,no,no,no
23667,no,yes,no
23668,no,yes,no
23669,no,no,no
23670,unknown,no,no
23671,no,no,no
23672,no,yes,no
23673,no,yes,no
23674,unknown,yes,no
23675,unknown,yes,no
23676,no,yes,no
23677,no,yes,no
23678,no,yes,yes
23679,no,no,no
23680,unknown,yes,no
23681,no,yes,no
23682,no,no,no
23683,no,no,no
23684,no,yes,no
23685,no,no,no
23686,no,yes,no
23687,no,yes,no
23688,no,no,no
23689,no,no,no
23690,no,no,no
23691,no,yes,yes
23692,no,no,no
23693,no,yes,no
23694,no,yes,no
23695,no,yes,no
23696,no,no,no
23697,no,yes,no
23698,no,yes,no
23699,no,no,no
23700,no,yes,no
23701,no,yes,no
23702,no,no,no
23703,no,yes,no
23704,no,yes,yes
23705,no,yes,no
23706,no,yes,yes
23707,no,yes,yes
23708,no,yes,no
23709,unknown,yes,no
23710,unknown,yes,no
23711,no,yes,no
23712,no,yes,yes
23713,no,yes,no
23714,no,no,no
23715,no,yes,no
23716,no,yes,no
23717,no,no,no
23718,unknown,yes,no
23719,no,yes,no
23720,no,yes,no
23721,no,no,yes
23722,no,no,no
23723,unknown,yes,no
23724,no,yes,no
23725,unknown,yes,no
23726,no,yes,yes
23727,no,yes,no
23728,no,yes,no
23729,no,no,no
23730,no,no,no
23731,no,yes,no
23732,no,no,no
23733,no,no,yes
23734,no,yes,no
23735,no,yes,yes
23736,no,no,no
23737,no,yes,yes
23738,unknown,yes,no
23739,no,yes,no
23740,no,yes,no
23741,no,no,no
23742,unknown,no,no
23743,no,no,no
23744,no,yes,yes
23745,no,yes,yes
23746,no,no,no
23747,no,yes,no
23748,no,yes,no
23749,no,yes,no
23750,no,no,no
23751,no,no,no
23752,no,yes,no
23753,no,no,no
23754,no,no,no
23755,no,yes,yes
23756,no,yes,no
23757,unknown,yes,no
23758,unknown,yes,no
23759,no,yes,no
23760,no,yes,no
23761,no,yes,no
23762,no,no,no
23763,no,yes,no
23764,no,no,no
23765,no,yes,no
23766,no,yes,yes
23767,no,no,no
23768,no,yes,no
23769,no,yes,no
23770,no,no,no
23771,no,yes,yes
23772,no,yes,no
23773,no,no,no
23774,no,no,no
23775,no,yes,no
23776,no,yes,no
23777,no,yes,no
23778,no,no,no
23779,no,yes,no
23780,no,yes,no
23781,no,yes,no
23782,unknown,no,no
23783,unknown,yes,no
23784,no,yes,yes
23785,unknown,no,no
23786,no,yes,no
23787,unknown,yes,no
23788,no,yes,no
23789,no,yes,no
23790,no,no,no
23791,no,no,yes
23792,no,yes,no
23793,no,yes,no
23794,no,no,no
23795,no,no,no
23796,no,no,no
23797,no,no,no
23798,no,no,no
23799,no,no,no
23800,no,no,no
23801,unknown,yes,no
23802,no,no,no
23803,no,yes,no
23804,no,yes,no
23805,unknown,no,no
23806,no,yes,no
23807,no,yes,no
23808,no,yes,yes
23809,no,unknown,unknown
23810,no,yes,no
23811,unknown,yes,yes
23812,no,no,no
23813,no,unknown,unknown
23814,no,yes,no
23815,no,no,no
23816,no,yes,yes
23817,no,yes,no
23818,no,yes,no
23819,unknown,no,no
23820,no,no,no
23821,no,yes,yes
23822,no,yes,no
23823,unknown,yes,no
23824,no,yes,yes
23825,no,yes,no
23826,unknown,no,yes
23827,no,yes,no
23828,no,yes,no
23829,no,yes,no
23830,no,no,yes
23831,no,yes,no
23832,no,no,no
23833,no,no,no
23834,unknown,yes,no
23835,no,no,no
23836,no,no,no
23837,no,yes,no
23838,no,yes,no
23839,no,yes,no
23840,no,yes,no
23841,no,yes,no
23842,unknown,no,no
23843,no,yes,no
23844,no,no,yes
23845,no,yes,no
23846,unknown,no,yes
23847,no,yes,no
23848,unknown,yes,no
23849,no,yes,no
23850,no,no,no
23851,no,no,no
23852,no,yes,no
23853,no,no,yes
23854,no,no,no
23855,no,yes,no
23856,unknown,yes,yes
23857,no,yes,no
23858,unknown,no,no
23859,no,yes,no
23860,no,yes,no
23861,no,no,no
23862,no,yes,no
23863,unknown,yes,yes
23864,unknown,no,no
23865,unknown,yes,no
23866,no,no,no
23867,no,yes,no
23868,no,yes,no
23869,no,no,no
23870,no,yes,no
23871,no,no,no
23872,no,yes,no
23873,no,unknown,unknown
23874,no,unknown,unknown
23875,no,no,no
23876,no,yes,no
23877,unknown,no,no
23878,no,yes,no
23879,no,yes,no
23880,no,unknown,unknown
23881,no,no,yes
23882,no,yes,no
23883,unknown,yes,no
23884,unknown,yes,no
23885,no,yes,no
23886,no,yes,no
23887,unknown,yes,no
23888,no,yes,yes
23889,no,yes,no
23890,no,yes,no
23891,no,no,yes
23892,no,yes,no
23893,no,yes,no
23894,no,yes,yes
23895,no,no,no
23896,unknown,no,no
23897,no,no,no
23898,no,yes,no
23899,no,yes,no
23900,unknown,no,no
23901,no,no,no
23902,no,no,no
23903,no,yes,no
23904,unknown,yes,no
23905,no,yes,no
23906,no,no,no
23907,no,yes,no
23908,unknown,yes,no
23909,no,no,no
23910,unknown,yes,no
23911,no,yes,no
23912,no,yes,no
23913,no,unknown,unknown
23914,no,yes,no
23915,no,yes,no
23916,no,yes,no
23917,no,yes,no
23918,no,no,no
23919,no,no,no
23920,no,yes,no
23921,unknown,yes,no
23922,no,yes,no
23923,no,yes,yes
23924,no,yes,no
23925,no,yes,no
23926,no,yes,no
23927,no,yes,no
23928,no,yes,no
23929,no,no,no
23930,no,no,no
23931,no,yes,no
23932,no,yes,no
23933,no,no,no
23934,no,no,no
23935,no,no,no
23936,no,yes,no
23937,no,no,no
23938,no,no,no
23939,unknown,no,yes
23940,unknown,yes,no
23941,no,yes,yes
23942,no,yes,no
23943,unknown,unknown,unknown
23944,no,yes,no
23945,no,yes,no
23946,no,yes,no
23947,no,yes,no
23948,no,no,no
23949,no,yes,no
23950,no,no,no
23951,no,yes,no
23952,unknown,yes,yes
23953,unknown,no,no
23954,no,yes,no
23955,no,no,no
23956,no,unknown,unknown
23957,unknown,yes,no
23958,no,yes,yes
23959,no,no,no
23960,unknown,no,no
23961,no,yes,no
23962,no,no,yes
23963,no,yes,no
23964,no,yes,yes
23965,unknown,no,no
23966,no,no,no
23967,no,yes,no
23968,no,yes,no
23969,no,no,no
23970,no,yes,no
23971,no,yes,yes
23972,no,no,no
23973,no,yes,no
23974,no,no,no
23975,unknown,yes,no
23976,no,no,no
23977,no,yes,no
23978,no,yes,no
23979,no,no,no
23980,no,no,no
23981,no,no,no
23982,no,yes,no
23983,no,no,yes
23984,no,no,no
23985,unknown,yes,no
23986,no,no,no
23987,no,yes,no
23988,no,yes,yes
23989,no,yes,no
23990,unknown,yes,yes
23991,no,yes,yes
23992,no,yes,no
23993,no,yes,no
23994,no,no,no
23995,no,no,yes
23996,no,yes,yes
23997,no,yes,no
23998,no,yes,no
23999,no,yes,yes
24000,no,no,no
24001,no,no,no
24002,no,no,no
24003,no,no,no
24004,no,no,no
24005,no,yes,no
24006,no,no,no
24007,no,yes,yes
24008,no,yes,no
24009,no,yes,yes
24010,no,no,no
24011,no,unknown,unknown
24012,no,yes,yes
24013,no,no,yes
24014,no,yes,no
24015,no,yes,no
24016,no,no,no
24017,no,no,no
24018,no,no,no
24019,no,no,no
24020,no,yes,no
24021,no,yes,no
24022,no,yes,no
24023,no,no,no
24024,no,no,no
24025,no,no,no
24026,no,no,no
24027,no,no,no
24028,no,yes,no
24029,no,no,no
24030,no,yes,no
24031,no,yes,no
24032,no,yes,no
24033,no,no,no
24034,no,yes,no
24035,no,yes,no
24036,no,yes,no
24037,no,yes,no
24038,no,no,no
24039,no,yes,no
24040,no,no,yes
24041,no,yes,no
24042,no,yes,no
24043,no,yes,no
24044,no,yes,no
24045,no,yes,no
24046,no,no,no
24047,no,yes,no
24048,no,yes,no
24049,no,no,no
24050,no,no,no
24051,no,yes,no
24052,no,yes,no
24053,no,no,no
24054,no,no,no
24055,no,no,no
24056,no,yes,no
24057,no,yes,no
24058,no,no,no
24059,no,no,no
24060,no,yes,no
24061,no,no,no
24062,no,no,no
24063,no,no,no
24064,no,no,no
24065,no,yes,no
24066,no,no,no
24067,no,no,no
24068,no,no,yes
24069,no,yes,no
24070,no,yes,yes
24071,no,yes,no
24072,no,yes,no
24073,no,no,no
24074,no,no,no
24075,no,yes,no
24076,no,no,no
24077,no,yes,no
24078,no,no,no
24079,no,yes,no
24080,no,yes,no
24081,no,no,no
24082,no,yes,yes
24083,no,no,yes
24084,no,yes,no
24085,no,yes,no
24086,no,yes,no
24087,no,no,no
24088,no,yes,no
24089,no,yes,no
24090,no,yes,no
24091,no,no,no
24092,no,yes,no
24093,no,yes,no
24094,no,no,yes
24095,no,unknown,unknown
24096,no,no,no
24097,no,yes,no
24098,no,no,no
24099,no,no,no
24100,no,no,no
24101,no,yes,no
24102,no,no,no
24103,no,yes,no
24104,no,no,no
24105,no,yes,no
24106,no,yes,no
24107,no,no,no
24108,no,yes,no
24109,no,yes,no
24110,no,no,no
24111,no,no,no
24112,no,no,no
24113,no,no,no
24114,no,yes,no
24115,no,unknown,unknown
24116,no,yes,no
24117,no,unknown,unknown
24118,no,no,no
24119,no,no,yes
24120,no,yes,no
24121,no,yes,no
24122,no,no,no
24123,no,yes,no
24124,no,no,no
24125,no,no,no
24126,unknown,no,no
24127,no,no,no
24128,no,no,no
24129,no,no,no
24130,no,no,no
24131,no,no,no
24132,no,yes,yes
24133,no,no,no
24134,no,yes,no
24135,no,yes,no
24136,no,no,no
24137,no,no,no
24138,no,yes,no
24139,no,yes,no
24140,no,yes,no
24141,no,no,no
24142,no,yes,no
24143,no,yes,no
24144,no,yes,yes
24145,unknown,yes,no
24146,unknown,yes,no
24147,no,yes,no
24148,no,no,no
24149,no,yes,no
24150,no,yes,no
24151,no,yes,no
24152,no,yes,no
24153,no,no,no
24154,no,yes,no
24155,no,yes,no
24156,no,yes,no
24157,unknown,yes,no
24158,no,no,no
24159,no,no,no
24160,no,yes,no
24161,no,no,yes
24162,no,yes,yes
24163,no,no,no
24164,no,yes,no
24165,no,yes,no
24166,no,no,no
24167,no,no,no
24168,no,yes,no
24169,no,no,no
24170,no,yes,no
24171,no,yes,no
24172,no,no,yes
24173,no,yes,no
24174,unknown,no,yes
24175,no,yes,no
24176,no,no,no
24177,no,yes,no
24178,no,no,no
24179,no,no,no
24180,no,yes,no
24181,unknown,yes,no
24182,no,no,no
24183,unknown,yes,no
24184,no,yes,no
24185,unknown,yes,no
24186,no,yes,no
24187,no,no,no
24188,no,no,no
24189,no,no,no
24190,no,yes,no
24191,no,yes,no
24192,no,yes,no
24193,no,no,no
24194,no,no,no
24195,unknown,no,no
24196,no,yes,no
24197,no,yes,no
24198,no,yes,no
24199,no,no,no
24200,no,no,no
24201,unknown,yes,no
24202,no,yes,no
24203,no,no,no
24204,no,unknown,unknown
24205,no,no,yes
24206,no,no,no
24207,no,yes,no
24208,no,yes,no
24209,no,yes,no
24210,no,yes,yes
24211,no,no,no
24212,no,no,no
24213,no,no,no
24214,no,no,no
24215,no,no,no
24216,unknown,no,no
24217,no,yes,no
24218,no,no,no
24219,no,no,yes
24220,no,yes,no
24221,no,yes,no
24222,no,no,no
24223,no,no,no
24224,no,no,no
24225,no,no,no
24226,no,no,no
24227,no,yes,no
24228,no,no,yes
24229,no,yes,no
24230,no,no,no
24231,no,yes,no
24232,no,yes,no
24233,no,yes,no
24234,no,unknown,unknown
24235,no,yes,no
24236,no,yes,no
24237,no,yes,yes
24238,no,yes,no
24239,no,yes,no
24240,no,no,no
24241,no,yes,no
24242,no,no,no
24243,unknown,yes,no
24244,no,no,no
24245,no,yes,yes
24246,no,no,no
24247,no,no,no
24248,no,yes,yes
24249,no,no,no
24250,no,yes,no
24251,no,yes,no
24252,no,yes,no
24253,no,yes,no
24254,no,unknown,unknown
24255,no,no,no
24256,no,yes,no
24257,no,yes,no
24258,no,no,no
24259,no,yes,no
24260,no,yes,no
24261,no,yes,no
24262,unknown,no,no
24263,unknown,yes,no
24264,no,yes,no
24265,no,yes,no
24266,unknown,no,no
24267,no,yes,no
24268,no,yes,no
24269,no,yes,no
24270,no,no,no
24271,no,yes,no
24272,no,yes,no
24273,no,yes,yes
24274,unknown,no,no
24275,no,no,no
24276,no,yes,no
24277,no,yes,no
24278,unknown,no,no
24279,no,yes,no
24280,unknown,yes,no
24281,no,no,no
24282,no,yes,no
24283,no,yes,no
24284,no,yes,no
24285,no,yes,no
24286,no,no,no
24287,no,no,no
24288,unknown,yes,no
24289,no,yes,no
24290,unknown,yes,no
24291,no,yes,no
24292,no,yes,no
24293,no,no,yes
24294,no,yes,no
24295,no,no,no
24296,no,no,no
24297,no,no,no
24298,no,yes,no
24299,no,yes,no
24300,no,yes,no
24301,no,yes,no
24302,no,yes,no
24303,no,yes,no
24304,no,yes,no
24305,no,yes,no
24306,no,yes,no
24307,no,no,no
24308,no,yes,no
24309,no,yes,no
24310,no,yes,no
24311,no,yes,no
24312,no,no,no
24313,no,no,no
24314,no,yes,no
24315,no,yes,no
24316,no,yes,no
24317,unknown,yes,no
24318,no,yes,no
24319,no,yes,no
24320,no,no,yes
24321,no,yes,no
24322,no,yes,no
24323,no,yes,no
24324,no,no,yes
24325,no,yes,no
24326,no,no,no
24327,no,no,no
24328,unknown,no,no
24329,no,yes,no
24330,no,no,no
24331,no,yes,no
24332,no,no,no
24333,no,yes,no
24334,no,yes,no
24335,no,no,yes
24336,no,yes,no
24337,unknown,yes,no
24338,no,no,no
24339,no,yes,no
24340,no,no,no
24341,no,yes,no
24342,no,yes,no
24343,no,yes,yes
24344,no,no,no
24345,unknown,yes,no
24346,no,no,no
24347,no,no,no
24348,no,yes,no
24349,no,no,yes
24350,no,no,no
24351,no,yes,no
24352,no,yes,no
24353,no,yes,no
24354,no,yes,no
24355,no,yes,no
24356,no,no,no
24357,no,yes,no
24358,no,yes,no
24359,no,no,no
24360,no,no,no
24361,no,yes,yes
24362,no,yes,no
24363,no,unknown,unknown
24364,no,yes,no
24365,no,yes,no
24366,no,yes,no
24367,no,yes,yes
24368,no,no,no
24369,unknown,yes,no
24370,no,no,no
24371,unknown,no,yes
24372,no,no,no
24373,no,no,no
24374,no,yes,yes
24375,no,yes,yes
24376,no,yes,no
24377,no,no,yes
24378,no,no,no
24379,no,no,no
24380,no,no,no
24381,no,yes,no
24382,unknown,yes,yes
24383,no,yes,no
24384,no,yes,yes
24385,no,yes,no
24386,no,no,no
24387,no,yes,yes
24388,no,no,no
24389,unknown,yes,no
24390,no,yes,no
24391,no,no,no
24392,no,yes,no
24393,no,no,no
24394,no,no,no
24395,no,yes,no
24396,no,yes,no
24397,no,no,no
24398,unknown,yes,no
24399,unknown,no,no
24400,no,no,no
24401,unknown,yes,no
24402,no,no,no
24403,unknown,yes,no
24404,no,no,no
24405,unknown,yes,no
24406,no,yes,no
24407,no,unknown,unknown
24408,no,unknown,unknown
24409,no,yes,no
24410,no,no,no
24411,no,no,no
24412,no,no,no
24413,no,no,no
24414,unknown,yes,no
24415,no,yes,yes
24416,no,no,no
24417,no,no,no
24418,no,no,no
24419,no,no,no
24420,no,yes,no
24421,no,no,no
24422,no,no,no
24423,no,no,no
24424,no,yes,yes
24425,no,no,no
24426,no,yes,yes
24427,unknown,yes,no
24428,no,no,no
24429,no,yes,no
24430,no,yes,no
24431,no,yes,no
24432,no,no,no
24433,no,yes,no
24434,no,no,no
24435,no,yes,no
24436,no,yes,yes
24437,no,yes,no
24438,no,no,no
24439,no,no,yes
24440,no,no,no
24441,no,no,no
24442,no,yes,no
24443,no,yes,no
24444,no,yes,no
24445,no,yes,no
24446,no,yes,no
24447,no,yes,no
24448,no,yes,no
24449,no,no,no
24450,no,yes,no
24451,no,yes,no
24452,no,yes,no
24453,unknown,no,yes
24454,no,yes,no
24455,unknown,yes,no
24456,no,yes,no
24457,unknown,yes,no
24458,no,no,no
24459,no,yes,no
24460,unknown,no,no
24461,no,no,no
24462,unknown,yes,no
24463,no,yes,no
24464,no,no,no
24465,no,no,no
24466,no,yes,no
24467,unknown,no,no
24468,no,yes,no
24469,no,yes,no
24470,no,yes,no
24471,no,no,yes
24472,no,no,yes
24473,no,yes,no
24474,unknown,yes,yes
24475,no,yes,no
24476,unknown,yes,no
24477,no,yes,no
24478,no,yes,no
24479,no,yes,no
24480,no,no,no
24481,no,no,no
24482,unknown,no,no
24483,no,yes,no
24484,no,no,no
24485,no,yes,yes
24486,no,yes,no
24487,no,yes,no
24488,no,no,no
24489,no,yes,no
24490,no,yes,no
24491,no,yes,no
24492,no,yes,yes
24493,no,yes,no
24494,no,yes,no
24495,no,yes,no
24496,no,yes,no
24497,no,no,no
24498,unknown,yes,no
24499,no,yes,no
24500,no,yes,yes
24501,unknown,no,no
24502,unknown,yes,no
24503,no,no,no
24504,no,yes,yes
24505,no,yes,no
24506,unknown,no,no
24507,no,yes,no
24508,no,yes,no
24509,no,yes,no
24510,no,yes,no
24511,no,no,no
24512,no,no,no
24513,no,yes,no
24514,no,no,no
24515,no,no,no
24516,no,yes,yes
24517,no,yes,no
24518,no,no,no
24519,no,no,no
24520,no,no,no
24521,no,no,no
24522,no,yes,no
24523,no,no,no
24524,no,yes,no
24525,no,no,yes
24526,unknown,yes,no
24527,unknown,no,no
24528,unknown,yes,no
24529,no,yes,no
24530,no,yes,no
24531,no,unknown,unknown
24532,unknown,yes,no
24533,no,yes,no
24534,no,no,yes
24535,unknown,yes,no
24536,no,yes,no
24537,no,yes,no
24538,unknown,no,no
24539,no,yes,yes
24540,no,no,no
24541,no,yes,no
24542,unknown,no,no
24543,no,yes,yes
24544,no,yes,no
24545,no,yes,no
24546,no,yes,no
24547,no,no,no
24548,unknown,yes,no
24549,no,yes,no
24550,no,no,no
24551,no,yes,yes
24552,unknown,no,no
24553,no,yes,yes
24554,no,yes,no
24555,no,yes,yes
24556,no,yes,no
24557,no,yes,no
24558,unknown,yes,yes
24559,unknown,yes,yes
24560,no,no,no
24561,no,no,no
24562,no,yes,no
24563,no,yes,no
24564,no,yes,no
24565,no,yes,no
24566,no,yes,no
24567,no,yes,no
24568,unknown,no,no
24569,no,no,no
24570,no,yes,no
24571,no,yes,no
24572,no,no,yes
24573,no,yes,no
24574,unknown,yes,no
24575,no,no,no
24576,no,yes,no
24577,no,no,no
24578,no,yes,no
24579,unknown,no,yes
24580,unknown,no,no
24581,no,yes,no
24582,no,yes,no
24583,no,yes,no
24584,unknown,yes,no
24585,no,yes,no
24586,no,yes,no
24587,no,yes,no
24588,no,yes,no
24589,no,yes,no
24590,no,no,no
24591,no,yes,yes
24592,no,yes,no
24593,no,yes,no
24594,no,no,no
24595,no,yes,yes
24596,no,no,no
24597,no,yes,no
24598,no,yes,no
24599,unknown,unknown,unknown
24600,unknown,yes,no
24601,no,unknown,unknown
24602,no,yes,no
24603,no,yes,no
24604,unknown,yes,no
24605,no,yes,no
24606,unknown,yes,no
24607,no,yes,yes
24608,no,yes,no
24609,no,yes,no
24610,no,yes,no
24611,no,no,no
24612,no,yes,no
24613,no,yes,no
24614,no,no,no
24615,no,no,no
24616,no,no,no
24617,no,no,no
24618,no,yes,yes
24619,no,no,yes
24620,no,yes,no
24621,no,no,no
24622,unknown,no,no
24623,no,no,no
24624,no,yes,no
24625,no,yes,no
24626,no,yes,no
24627,no,yes,yes
24628,no,yes,no
24629,unknown,yes,no
24630,no,no,no
24631,no,no,no
24632,no,yes,no
24633,no,yes,yes
24634,unknown,yes,no
24635,no,yes,no
24636,no,yes,no
24637,no,yes,no
24638,no,yes,no
24639,no,yes,no
24640,no,yes,yes
24641,no,no,no
24642,no,yes,no
24643,no,yes,yes
24644,no,yes,yes
24645,no,yes,yes
24646,no,yes,yes
24647,no,yes,no
24648,no,yes,no
24649,no,no,no
24650,no,no,no
24651,unknown,yes,no
24652,no,yes,yes
24653,no,yes,no
24654,no,no,no
24655,no,yes,yes
24656,unknown,no,no
24657,no,no,no
24658,no,yes,yes
24659,no,yes,yes
24660,no,yes,yes
24661,no,no,no
24662,no,no,no
24663,no,yes,no
24664,unknown,yes,no
24665,no,yes,yes
24666,no,no,no
24667,no,yes,yes
24668,unknown,yes,no
24669,no,yes,no
24670,unknown,yes,no
24671,no,yes,no
24672,no,no,no
24673,no,no,no
24674,no,yes,no
24675,no,yes,no
24676,unknown,yes,no
24677,no,yes,no
24678,no,yes,no
24679,no,yes,yes
24680,no,yes,yes
24681,no,no,no
24682,unknown,yes,no
24683,unknown,yes,no
24684,no,yes,yes
24685,no,yes,no
24686,no,yes,no
24687,no,yes,yes
24688,no,yes,no
24689,no,no,no
24690,no,no,no
24691,no,no,no
24692,no,no,no
24693,no,no,no
24694,no,yes,no
24695,no,yes,no
24696,no,no,no
24697,no,yes,no
24698,no,no,no
24699,unknown,no,no
24700,no,yes,no
24701,no,yes,no
24702,no,yes,no
24703,no,yes,no
24704,no,yes,no
24705,unknown,yes,no
24706,unknown,yes,yes
24707,no,yes,no
24708,unknown,yes,no
24709,unknown,no,no
24710,unknown,yes,no
24711,unknown,no,no
24712,unknown,yes,no
24713,unknown,no,no
24714,no,no,no
24715,no,yes,yes
24716,no,yes,yes
24717,no,yes,no
24718,no,yes,yes
24719,unknown,yes,no
24720,no,yes,no
24721,unknown,yes,no
24722,no,no,no
24723,unknown,yes,yes
24724,unknown,no,no
24725,no,yes,no
24726,no,yes,yes
24727,no,no,no
24728,no,no,no
24729,no,no,no
24730,unknown,yes,yes
24731,no,no,no
24732,unknown,yes,no
24733,no,yes,no
24734,no,no,yes
24735,no,no,no
24736,no,unknown,unknown
24737,no,yes,no
24738,unknown,yes,yes
24739,unknown,unknown,unknown
24740,no,no,no
24741,no,yes,yes
24742,no,no,no
24743,no,no,no
24744,no,no,no
24745,unknown,no,no
24746,no,no,no
24747,no,yes,no
24748,no,yes,no
24749,no,no,no
24750,no,yes,no
24751,no,no,no
24752,no,yes,no
24753,no,no,no
24754,no,no,no
24755,no,no,no
24756,no,unknown,unknown
24757,no,unknown,unknown
24758,no,yes,yes
24759,no,yes,no
24760,no,no,no
24761,no,yes,no
24762,no,yes,no
24763,no,no,no
24764,no,yes,no
24765,no,yes,no
24766,no,no,no
24767,no,no,no
24768,no,yes,no
24769,no,yes,no
24770,no,no,no
24771,no,yes,yes
24772,no,yes,no
24773,unknown,no,no
24774,no,yes,no
24775,no,yes,yes
24776,no,yes,no
24777,no,yes,no
24778,no,yes,no
24779,no,yes,no
24780,no,no,no
24781,unknown,yes,no
24782,no,no,no
24783,no,yes,yes
24784,no,no,yes
24785,no,no,no
24786,no,unknown,unknown
24787,no,yes,no
24788,no,yes,no
24789,no,no,no
24790,no,no,no
24791,no,no,no
24792,no,no,no
24793,no,yes,no
24794,no,yes,no
24795,no,yes,no
24796,no,yes,no
24797,no,no,no
24798,unknown,no,no
24799,no,yes,yes
24800,no,no,no
24801,no,no,no
24802,unknown,no,no
24803,no,no,no
24804,no,yes,no
24805,no,no,no
24806,no,no,no
24807,no,yes,no
24808,no,yes,no
24809,no,yes,no
24810,no,yes,no
24811,no,no,yes
24812,no,yes,no
24813,no,no,no
24814,no,no,no
24815,no,no,no
24816,no,yes,yes
24817,no,yes,no
24818,no,yes,no
24819,no,no,no
24820,unknown,yes,no
24821,no,no,no
24822,unknown,yes,no
24823,unknown,yes,no
24824,no,yes,no
24825,no,yes,no
24826,unknown,yes,no
24827,no,yes,no
24828,no,unknown,unknown
24829,no,no,no
24830,no,yes,no
24831,no,yes,yes
24832,no,yes,no
24833,no,no,yes
24834,no,yes,no
24835,no,no,no
24836,no,yes,no
24837,no,yes,no
24838,no,no,no
24839,no,yes,no
24840,no,yes,yes
24841,no,yes,no
24842,no,no,no
24843,no,yes,no
24844,no,yes,no
24845,no,yes,no
24846,no,yes,no
24847,no,no,no
24848,no,no,no
24849,no,unknown,unknown
24850,no,yes,yes
24851,no,no,no
24852,no,yes,no
24853,no,yes,no
24854,no,yes,no
24855,no,no,no
24856,no,no,no
24857,unknown,no,no
24858,unknown,yes,no
24859,no,yes,no
24860,unknown,yes,no
24861,unknown,yes,no
24862,no,yes,no
24863,no,yes,no
24864,no,yes,no
24865,unknown,no,no
24866,no,yes,no
24867,yes,no,no
24868,no,yes,no
24869,no,no,no
24870,no,no,no
24871,no,yes,yes
24872,unknown,no,no
24873,no,yes,no
24874,no,yes,no
24875,no,yes,yes
24876,no,yes,no
24877,unknown,no,no
24878,no,yes,no
24879,unknown,no,no
24880,no,yes,no
24881,no,yes,no
24882,no,yes,no
24883,no,yes,yes
24884,unknown,yes,no
24885,no,yes,no
24886,no,yes,no
24887,no,yes,no
24888,no,yes,no
24889,no,unknown,unknown
24890,no,no,yes
24891,no,no,no
24892,unknown,no,no
24893,no,no,no
24894,no,no,no
24895,no,yes,no
24896,no,no,no
24897,no,yes,no
24898,no,yes,no
24899,no,no,no
24900,no,yes,no
24901,no,no,no
24902,no,no,no
24903,no,no,yes
24904,no,yes,no
24905,no,yes,no
24906,no,yes,no
24907,no,no,no
24908,no,yes,no
24909,no,yes,no
24910,unknown,yes,no
24911,no,yes,no
24912,no,yes,no
24913,no,no,yes
24914,no,no,no
24915,no,yes,no
24916,no,yes,no
24917,no,yes,no
24918,no,yes,yes
24919,no,yes,no
24920,no,yes,no
24921,no,yes,no
24922,no,yes,no
24923,no,unknown,unknown
24924,no,yes,no
24925,no,no,no
24926,no,yes,no
24927,no,yes,no
24928,no,yes,no
24929,no,no,no
24930,no,no,no
24931,no,yes,yes
24932,no,yes,yes
24933,no,no,yes
24934,no,yes,no
24935,no,no,no
24936,no,yes,no
24937,no,yes,no
24938,no,no,no
24939,no,no,no
24940,unknown,no,no
24941,no,no,no
24942,no,yes,yes
24943,no,yes,no
24944,no,no,no
24945,unknown,yes,no
24946,no,no,no
24947,no,yes,no
24948,no,no,no
24949,no,no,no
24950,no,yes,no
24951,no,no,yes
24952,no,yes,no
24953,no,no,no
24954,no,unknown,unknown
24955,no,no,no
24956,no,no,no
24957,no,no,no
24958,no,yes,no
24959,no,no,no
24960,no,yes,no
24961,no,yes,no
24962,no,yes,no
24963,no,yes,yes
24964,no,yes,yes
24965,no,yes,no
24966,no,yes,no
24967,no,yes,no
24968,no,yes,no
24969,no,no,no
24970,no,no,no
24971,no,unknown,unknown
24972,no,no,no
24973,no,no,no
24974,no,no,no
24975,no,yes,no
24976,no,yes,yes
24977,no,no,no
24978,no,yes,no
24979,no,yes,no
24980,no,no,no
24981,no,yes,no
24982,no,no,no
24983,no,yes,no
24984,no,yes,no
24985,no,yes,yes
24986,no,no,no
24987,no,yes,no
24988,no,yes,no
24989,no,yes,no
24990,no,yes,no
24991,no,yes,yes
24992,no,no,no
24993,no,yes,no
24994,no,yes,no
24995,no,no,no
24996,no,no,no
24997,no,no,no
24998,no,yes,no
24999,no,no,no
25000,no,no,no
25001,no,yes,no
25002,no,yes,no
25003,no,no,no
25004,no,yes,no
25005,no,no,yes
25006,no,no,no
25007,no,yes,no
25008,no,yes,no
25009,no,no,no
25010,no,yes,no
25011,no,yes,no
25012,no,no,yes
25013,no,yes,no
25014,no,yes,no
25015,no,no,no
25016,no,yes,no
25017,no,no,no
25018,no,yes,no
25019,no,yes,no
25020,no,no,yes
25021,no,no,no
25022,no,yes,no
25023,no,no,no
25024,no,yes,no
25025,no,no,no
25026,no,no,yes
25027,no,yes,no
25028,no,no,no
25029,no,no,no
25030,no,yes,no
25031,no,no,no
25032,no,yes,yes
25033,no,no,no
25034,no,no,no
25035,no,yes,yes
25036,no,yes,no
25037,no,no,no
25038,no,yes,no
25039,no,yes,no
25040,unknown,yes,no
25041,no,no,no
25042,no,no,no
25043,no,no,yes
25044,no,yes,no
25045,no,no,no
25046,no,no,yes
25047,no,no,no
25048,no,yes,yes
25049,no,no,no
25050,no,no,no
25051,no,yes,no
25052,no,yes,no
25053,no,no,no
25054,no,yes,no
25055,no,no,no
25056,unknown,no,no
25057,no,no,no
25058,no,no,no
25059,no,no,no
25060,no,no,no
25061,no,yes,no
25062,no,no,no
25063,unknown,no,no
25064,no,no,no
25065,no,yes,yes
25066,no,yes,yes
25067,no,yes,yes
25068,no,yes,no
25069,no,no,no
25070,no,no,no
25071,no,yes,no
25072,no,yes,no
25073,no,no,no
25074,unknown,yes,no
25075,no,no,no
25076,unknown,no,no
25077,no,no,no
25078,no,no,no
25079,unknown,no,no
25080,unknown,yes,no
25081,no,no,no
25082,unknown,no,no
25083,no,no,no
25084,no,yes,no
25085,no,yes,no
25086,no,yes,no
25087,no,no,no
25088,no,yes,no
25089,no,no,no
25090,no,yes,no
25091,no,yes,no
25092,no,yes,no
25093,no,yes,yes
25094,no,no,no
25095,no,no,no
25096,no,yes,no
25097,no,yes,no
25098,no,no,no
25099,no,no,no
25100,unknown,no,no
25101,no,unknown,unknown
25102,no,yes,no
25103,unknown,yes,no
25104,unknown,no,no
25105,no,no,yes
25106,unknown,yes,no
25107,no,no,no
25108,no,no,no
25109,no,no,no
25110,no,no,no
25111,no,yes,no
25112,no,yes,no
25113,no,yes,no
25114,no,yes,no
25115,no,unknown,unknown
25116,no,unknown,unknown
25117,no,yes,yes
25118,no,no,no
25119,no,no,no
25120,no,no,no
25121,no,no,no
25122,no,no,no
25123,unknown,yes,no
25124,no,no,no
25125,no,yes,no
25126,no,yes,no
25127,no,no,no
25128,no,no,no
25129,unknown,no,no
25130,no,no,no
25131,no,no,yes
25132,no,no,no
25133,no,no,no
25134,unknown,yes,no
25135,no,yes,no
25136,unknown,yes,no
25137,no,no,no
25138,no,yes,no
25139,no,yes,no
25140,no,no,no
25141,no,no,no
25142,no,yes,yes
25143,no,no,no
25144,no,no,no
25145,no,yes,no
25146,no,no,yes
25147,no,no,no
25148,no,yes,no
25149,no,no,no
25150,no,no,no
25151,no,yes,yes
25152,no,yes,yes
25153,unknown,no,no
25154,no,no,no
25155,no,yes,yes
25156,no,yes,no
25157,no,no,no
25158,no,no,yes
25159,no,no,no
25160,no,yes,no
25161,no,yes,yes
25162,no,no,no
25163,no,no,no
25164,no,no,no
25165,no,no,no
25166,no,no,no
25167,no,yes,no
25168,no,yes,no
25169,no,unknown,unknown
25170,unknown,yes,no
25171,unknown,yes,no
25172,no,no,no
25173,unknown,no,no
25174,unknown,yes,yes
25175,no,yes,no
25176,no,no,no
25177,no,yes,yes
25178,no,no,yes
25179,unknown,no,yes
25180,no,no,no
25181,no,yes,no
25182,no,no,yes
25183,no,yes,yes
25184,no,no,no
25185,no,yes,no
25186,no,yes,no
25187,unknown,yes,no
25188,no,no,no
25189,no,yes,yes
25190,no,yes,no
25191,no,yes,no
25192,no,yes,yes
25193,no,yes,no
25194,no,no,no
25195,no,no,no
25196,no,yes,yes
25197,no,yes,no
25198,no,yes,yes
25199,no,yes,no
25200,no,yes,no
25201,no,no,no
25202,unknown,yes,yes
25203,unknown,yes,no
25204,unknown,no,no
25205,no,yes,yes
25206,no,yes,no
25207,no,yes,yes
25208,no,yes,no
25209,no,no,no
25210,no,no,no
25211,no,unknown,unknown
25212,no,yes,yes
25213,no,no,no
25214,unknown,no,no
25215,no,yes,yes
25216,no,yes,yes
25217,no,yes,no
25218,no,no,no
25219,no,yes,no
25220,no,yes,no
25221,no,yes,yes
25222,no,no,no
25223,no,no,no
25224,no,no,no
25225,no,yes,no
25226,no,yes,no
25227,no,yes,yes
25228,no,yes,no
25229,no,yes,no
25230,no,no,no
25231,no,yes,no
25232,no,no,yes
25233,no,no,no
25234,no,yes,no
25235,no,yes,no
25236,no,yes,no
25237,no,no,no
25238,no,yes,no
25239,no,yes,no
25240,no,no,yes
25241,no,no,no
25242,no,yes,yes
25243,no,yes,no
25244,unknown,yes,no
25245,no,yes,yes
25246,no,yes,no
25247,unknown,yes,no
25248,no,yes,no
25249,no,no,yes
25250,no,no,no
25251,no,yes,no
25252,no,no,no
25253,no,yes,no
25254,no,no,no
25255,no,yes,no
25256,no,yes,no
25257,no,unknown,unknown
25258,unknown,no,no
25259,no,yes,no
25260,no,no,no
25261,no,no,no
25262,no,no,no
25263,unknown,yes,no
25264,no,no,no
25265,no,no,no
25266,no,no,no
25267,no,yes,no
25268,no,no,no
25269,no,no,no
25270,no,no,yes
25271,no,no,no
25272,no,no,no
25273,no,no,no
25274,no,no,no
25275,no,no,no
25276,unknown,no,no
25277,no,no,no
25278,no,yes,no
25279,unknown,yes,no
25280,no,yes,no
25281,no,no,no
25282,no,yes,no
25283,no,yes,no
25284,no,yes,no
25285,no,yes,no
25286,no,no,no
25287,no,no,no
25288,no,no,no
25289,no,no,no
25290,no,no,no
25291,no,yes,no
25292,no,no,yes
25293,no,yes,no
25294,unknown,yes,no
25295,no,yes,no
25296,no,yes,no
25297,no,yes,no
25298,no,no,no
25299,unknown,yes,no
25300,no,yes,no
25301,no,yes,no
25302,no,no,no
25303,no,yes,no
25304,no,no,no
25305,no,yes,no
25306,no,no,no
25307,no,yes,no
25308,no,yes,yes
25309,no,yes,no
25310,unknown,yes,yes
25311,no,no,yes
25312,no,unknown,unknown
25313,no,no,no
25314,no,no,no
25315,no,yes,no
25316,no,yes,no
25317,no,yes,no
25318,no,no,no
25319,unknown,no,no
25320,unknown,yes,no
25321,no,yes,no
25322,no,yes,no
25323,no,yes,no
25324,no,yes,no
25325,no,no,no
25326,unknown,yes,no
25327,unknown,no,no
25328,no,no,no
25329,no,no,yes
25330,no,yes,no
25331,no,yes,no
25332,no,no,no
25333,no,no,no
25334,no,yes,no
25335,no,yes,no
25336,unknown,yes,no
25337,no,yes,yes
25338,no,yes,no
25339,no,yes,no
25340,no,yes,no
25341,no,no,no
25342,no,no,no
25343,no,no,no
25344,no,no,yes
25345,no,yes,no
25346,unknown,yes,no
25347,no,yes,yes
25348,no,no,yes
25349,no,yes,no
25350,no,yes,no
25351,no,yes,no
25352,no,yes,no
25353,unknown,yes,no
25354,no,yes,no
25355,unknown,no,no
25356,unknown,no,no
25357,unknown,yes,no
25358,no,yes,no
25359,no,no,yes
25360,no,yes,yes
25361,no,yes,no
25362,no,yes,yes
25363,no,no,no
25364,no,no,no
25365,unknown,yes,yes
25366,no,yes,no
25367,no,yes,no
25368,no,no,no
25369,no,no,no
25370,no,yes,no
25371,no,no,yes
25372,no,yes,no
25373,no,yes,no
25374,no,yes,no
25375,no,yes,no
25376,no,yes,no
25377,no,no,no
25378,no,yes,no
25379,no,yes,no
25380,no,no,no
25381,no,yes,no
25382,no,yes,yes
25383,no,yes,no
25384,no,yes,no
25385,no,yes,no
25386,no,no,no
25387,no,no,no
25388,no,no,no
25389,unknown,no,no
25390,no,yes,no
25391,no,yes,no
25392,no,no,no
25393,no,yes,yes
25394,no,yes,no
25395,unknown,yes,no
25396,no,yes,no
25397,no,no,no
25398,no,yes,no
25399,unknown,no,yes
25400,no,no,no
25401,no,no,no
25402,no,yes,no
25403,no,yes,no
25404,no,yes,no
25405,no,yes,no
25406,no,yes,no
25407,no,no,no
25408,unknown,no,no
25409,no,no,no
25410,no,yes,no
25411,no,yes,no
25412,no,yes,no
25413,no,yes,no
25414,no,no,no
25415,no,yes,yes
25416,unknown,no,yes
25417,no,yes,no
25418,no,no,no
25419,no,no,no
25420,no,yes,no
25421,no,yes,no
25422,no,no,no
25423,no,no,no
25424,no,yes,no
25425,no,no,yes
25426,no,no,no
25427,no,yes,no
25428,no,no,no
25429,no,no,no
25430,no,no,no
25431,no,yes,no
25432,no,no,yes
25433,no,no,no
25434,no,no,no
25435,no,no,no
25436,no,yes,yes
25437,no,no,no
25438,no,yes,no
25439,no,yes,yes
25440,no,yes,no
25441,unknown,yes,no
25442,no,yes,yes
25443,no,no,yes
25444,no,yes,no
25445,no,yes,no
25446,no,yes,yes
25447,no,yes,no
25448,no,yes,yes
25449,no,no,no
25450,no,no,no
25451,no,yes,yes
25452,no,yes,no
25453,unknown,yes,no
25454,no,no,no
25455,no,no,no
25456,no,no,no
25457,no,yes,no
25458,no,no,yes
25459,no,unknown,unknown
25460,no,yes,yes
25461,unknown,yes,no
25462,unknown,yes,no
25463,no,yes,no
25464,no,yes,yes
25465,unknown,no,no
25466,unknown,no,no
25467,no,no,no
25468,no,no,no
25469,no,no,no
25470,no,no,no
25471,no,no,no
25472,no,no,no
25473,no,yes,no
25474,no,no,no
25475,unknown,unknown,unknown
25476,no,yes,yes
25477,no,no,no
25478,no,yes,no
25479,no,no,no
25480,no,no,no
25481,no,yes,no
25482,no,yes,no
25483,no,yes,no
25484,no,yes,no
25485,no,no,no
25486,no,no,no
25487,no,yes,no
25488,no,yes,no
25489,no,no,no
25490,no,no,no
25491,no,no,no
25492,no,no,no
25493,no,yes,no
25494,no,yes,yes
25495,no,no,no
25496,no,yes,no
25497,no,no,no
25498,no,yes,no
25499,no,yes,no
25500,no,yes,no
25501,no,yes,no
25502,no,no,no
25503,no,yes,no
25504,no,no,no
25505,no,no,yes
25506,no,yes,no
25507,no,yes,no
25508,no,no,no
25509,no,yes,no
25510,no,yes,no
25511,unknown,yes,yes
25512,no,no,no
25513,no,yes,no
25514,no,no,no
25515,no,yes,no
25516,no,yes,no
25517,no,no,no
25518,no,yes,no
25519,no,yes,no
25520,no,no,no
25521,no,no,no
25522,no,no,no
25523,no,yes,no
25524,unknown,yes,no
25525,no,no,no
25526,no,yes,yes
25527,no,yes,no
25528,no,yes,yes
25529,no,yes,no
25530,no,yes,no
25531,no,yes,no
25532,unknown,no,no
25533,no,no,no
25534,no,no,yes
25535,no,no,no
25536,no,yes,yes
25537,no,yes,yes
25538,no,yes,no
25539,no,yes,no
25540,no,no,yes
25541,no,no,no
25542,unknown,yes,no
25543,no,yes,no
25544,no,yes,no
25545,no,yes,no
25546,no,no,yes
25547,no,no,no
25548,no,yes,yes
25549,no,yes,no
25550,no,yes,no
25551,no,yes,no
25552,no,yes,no
25553,no,yes,no
25554,unknown,yes,no
25555,no,yes,no
25556,no,yes,no
25557,no,yes,no
25558,no,yes,no
25559,no,yes,no
25560,no,yes,no
25561,no,no,no
25562,no,no,no
25563,no,no,no
25564,no,yes,no
25565,no,yes,no
25566,no,no,no
25567,no,yes,no
25568,no,no,no
25569,no,yes,no
25570,no,no,no
25571,no,yes,no
25572,no,yes,no
25573,no,yes,no
25574,no,yes,no
25575,unknown,no,yes
25576,no,yes,no
25577,no,yes,no
25578,no,no,no
25579,no,no,no
25580,no,yes,yes
25581,no,yes,no
25582,unknown,no,no
25583,no,yes,yes
25584,no,yes,no
25585,no,no,no
25586,no,unknown,unknown
25587,no,no,no
25588,no,no,yes
25589,no,yes,no
25590,no,yes,no
25591,no,yes,no
25592,unknown,yes,no
25593,no,yes,no
25594,no,yes,no
25595,no,no,no
25596,no,no,no
25597,no,no,no
25598,no,no,no
25599,no,no,no
25600,no,yes,no
25601,no,yes,no
25602,no,no,no
25603,no,no,no
25604,no,yes,no
25605,no,yes,yes
25606,no,no,no
25607,no,no,no
25608,no,no,no
25609,unknown,no,no
25610,no,no,no
25611,no,yes,yes
25612,unknown,no,no
25613,no,yes,no
25614,no,no,no
25615,unknown,yes,no
25616,no,no,no
25617,no,yes,no
25618,no,yes,no
25619,no,yes,no
25620,no,yes,no
25621,no,no,no
25622,no,yes,no
25623,no,yes,no
25624,unknown,yes,yes
25625,no,yes,no
25626,no,no,no
25627,no,no,yes
25628,no,yes,no
25629,no,no,no
25630,no,yes,no
25631,no,no,no
25632,no,no,no
25633,no,no,no
25634,unknown,no,no
25635,no,no,no
25636,no,no,no
25637,no,no,no
25638,no,yes,no
25639,no,no,no
25640,no,no,no
25641,no,yes,no
25642,no,yes,no
25643,no,no,no
25644,no,yes,no
25645,no,yes,no
25646,no,yes,no
25647,no,yes,yes
25648,no,no,no
25649,no,yes,no
25650,no,no,no
25651,no,yes,no
25652,no,yes,no
25653,unknown,no,no
25654,unknown,yes,no
25655,no,yes,no
25656,no,yes,no
25657,no,yes,no
25658,no,yes,no
25659,unknown,yes,no
25660,no,yes,no
25661,unknown,yes,no
25662,no,yes,no
25663,no,no,no
25664,no,no,no
25665,no,no,no
25666,no,no,no
25667,no,yes,no
25668,no,no,no
25669,no,yes,no
25670,no,yes,no
25671,no,yes,no
25672,no,yes,no
25673,no,yes,yes
25674,no,yes,no
25675,unknown,no,no
25676,no,yes,no
25677,no,yes,no
25678,no,no,no
25679,no,yes,no
25680,no,yes,no
25681,no,no,no
25682,no,yes,yes
25683,no,yes,no
25684,no,no,no
25685,no,yes,no
25686,no,yes,no
25687,no,no,yes
25688,unknown,no,no
25689,no,yes,no
25690,no,no,no
25691,no,yes,yes
25692,no,no,no
25693,no,no,no
25694,no,yes,no
25695,no,no,no
25696,no,yes,no
25697,no,no,no
25698,no,yes,yes
25699,unknown,no,no
25700,no,yes,no
25701,no,yes,no
25702,no,no,no
25703,no,yes,no
25704,no,yes,no
25705,no,no,no
25706,no,no,no
25707,no,no,yes
25708,no,yes,no
25709,no,yes,no
25710,no,yes,yes
25711,no,yes,no
25712,no,yes,no
25713,no,yes,no
25714,no,no,no
25715,no,yes,no
25716,no,yes,no
25717,no,yes,no
25718,no,yes,no
25719,no,no,no
25720,no,yes,yes
25721,no,yes,yes
25722,no,yes,no
25723,no,no,no
25724,no,yes,yes
25725,no,yes,no
25726,no,yes,no
25727,no,yes,yes
25728,no,no,no
25729,no,yes,no
25730,no,no,no
25731,no,unknown,unknown
25732,no,no,no
25733,no,yes,no
25734,no,no,no
25735,no,no,no
25736,no,yes,no
25737,no,no,no
25738,no,yes,no
25739,no,no,no
25740,no,no,no
25741,no,yes,no
25742,no,yes,no
25743,unknown,yes,no
25744,no,yes,no
25745,no,yes,no
25746,no,no,no
25747,no,no,no
25748,no,no,yes
25749,no,no,no
25750,no,no,no
25751,no,no,no
25752,no,no,no
25753,no,yes,no
25754,no,yes,no
25755,no,no,no
25756,no,yes,no
25757,unknown,no,no
25758,no,no,no
25759,no,yes,no
25760,no,yes,no
25761,no,no,no
25762,no,yes,no
25763,no,no,no
25764,no,no,no
25765,unknown,yes,yes
25766,no,yes,no
25767,no,yes,no
25768,no,yes,no
25769,no,yes,no
25770,no,yes,no
25771,no,no,no
25772,unknown,yes,yes
25773,no,no,no
25774,no,yes,no
25775,no,yes,yes
25776,no,yes,no
25777,no,yes,no
25778,no,yes,no
25779,no,no,no
25780,unknown,yes,no
25781,no,yes,no
25782,no,yes,no
25783,unknown,yes,no
25784,no,no,no
25785,no,yes,no
25786,no,yes,no
25787,no,yes,no
25788,no,no,no
25789,no,yes,no
25790,no,yes,no
25791,no,no,no
25792,no,no,no
25793,no,yes,no
25794,no,yes,no
25795,no,yes,no
25796,no,yes,no
25797,no,no,no
25798,no,yes,yes
25799,no,yes,yes
25800,unknown,no,no
25801,unknown,yes,no
25802,no,yes,yes
25803,unknown,yes,no
25804,no,yes,yes
25805,no,yes,no
25806,no,yes,no
25807,no,yes,no
25808,no,yes,no
25809,no,yes,no
25810,no,no,no
25811,no,yes,yes
25812,no,yes,no
25813,unknown,no,no
25814,no,yes,no
25815,no,yes,no
25816,no,no,no
25817,no,no,no
25818,no,no,no
25819,unknown,no,no
25820,no,yes,no
25821,no,no,no
25822,no,yes,no
25823,no,no,no
25824,no,no,no
25825,no,no,no
25826,no,no,no
25827,no,yes,yes
25828,no,yes,no
25829,no,no,no
25830,no,yes,no
25831,no,yes,no
25832,no,yes,yes
25833,no,yes,no
25834,no,yes,no
25835,no,no,no
25836,no,yes,no
25837,unknown,no,no
25838,no,yes,no
25839,no,yes,no
25840,no,no,no
25841,no,no,no
25842,no,no,no
25843,no,yes,no
25844,no,yes,no
25845,no,yes,no
25846,no,no,no
25847,no,no,no
25848,no,yes,no
25849,no,no,no
25850,no,yes,no
25851,no,yes,no
25852,no,yes,no
25853,no,no,yes
25854,no,yes,no
25855,no,no,no
25856,no,no,no
25857,no,yes,no
25858,no,no,yes
25859,no,no,no
25860,no,no,yes
25861,no,no,no
25862,no,yes,no
25863,no,yes,yes
25864,no,yes,no
25865,no,no,no
25866,no,no,no
25867,no,no,no
25868,no,no,no
25869,unknown,no,no
25870,no,yes,no
25871,no,yes,no
25872,no,yes,no
25873,no,yes,no
25874,unknown,yes,no
25875,no,no,no
25876,no,yes,no
25877,no,yes,no
25878,no,no,no
25879,no,yes,yes
25880,no,yes,no
25881,no,no,no
25882,no,no,no
25883,no,yes,no
25884,no,no,no
25885,no,yes,no
25886,no,yes,no
25887,no,no,no
25888,no,no,no
25889,no,no,no
25890,no,no,no
25891,no,yes,no
25892,no,no,no
25893,unknown,no,no
25894,no,no,no
25895,no,no,no
25896,no,yes,no
25897,no,yes,no
25898,no,yes,no
25899,no,yes,no
25900,no,yes,no
25901,no,yes,no
25902,no,no,no
25903,no,yes,no
25904,no,no,no
25905,unknown,yes,no
25906,no,yes,no
25907,no,no,no
25908,no,yes,no
25909,no,yes,no
25910,no,no,no
25911,no,no,yes
25912,no,yes,no
25913,no,no,no
25914,no,no,no
25915,no,yes,no
25916,no,no,no
25917,no,yes,no
25918,no,yes,no
25919,no,yes,yes
25920,no,yes,no
25921,no,yes,no
25922,no,no,yes
25923,no,yes,no
25924,no,yes,yes
25925,no,yes,yes
25926,no,yes,no
25927,no,yes,no
25928,no,no,yes
25929,no,yes,yes
25930,no,yes,no
25931,no,yes,yes
25932,no,no,no
25933,no,yes,yes
25934,no,no,no
25935,no,yes,no
25936,no,no,no
25937,no,no,no
25938,no,no,no
25939,no,yes,no
25940,no,yes,no
25941,no,no,yes
25942,no,yes,yes
25943,no,yes,no
25944,no,yes,no
25945,no,no,no
25946,no,yes,no
25947,no,yes,no
25948,no,yes,no
25949,no,yes,no
25950,unknown,no,no
25951,no,yes,no
25952,unknown,no,no
25953,no,no,no
25954,no,no,no
25955,no,yes,no
25956,no,yes,no
25957,unknown,no,yes
25958,no,yes,yes
25959,no,yes,no
25960,no,yes,no
25961,no,yes,no
25962,no,yes,yes
25963,no,yes,no
25964,no,yes,no
25965,no,yes,no
25966,unknown,no,no
25967,no,yes,no
25968,no,no,no
25969,no,yes,no
25970,no,no,no
25971,no,no,no
25972,no,yes,no
25973,no,yes,yes
25974,no,no,no
25975,no,yes,no
25976,no,yes,no
25977,no,yes,yes
25978,no,yes,no
25979,no,yes,no
25980,no,no,no
25981,no,yes,no
25982,no,yes,no
25983,no,no,no
25984,no,yes,no
25985,unknown,no,no
25986,no,yes,no
25987,no,yes,no
25988,no,yes,no
25989,no,yes,no
25990,no,no,yes
25991,no,yes,no
25992,no,no,no
25993,no,yes,yes
25994,no,no,no
25995,no,no,no
25996,no,yes,yes
25997,no,yes,yes
25998,no,no,no
25999,no,yes,no
26000,no,yes,no
26001,no,no,no
26002,no,yes,no
26003,unknown,yes,no
26004,no,no,no
26005,no,no,no
26006,no,no,no
26007,no,no,no
26008,no,yes,yes
26009,no,no,no
26010,no,no,no
26011,no,no,no
26012,no,yes,no
26013,no,yes,no
26014,no,no,no
26015,no,yes,no
26016,no,no,no
26017,no,yes,no
26018,no,yes,no
26019,no,no,no
26020,no,yes,no
26021,no,yes,no
26022,no,yes,no
26023,unknown,yes,no
26024,no,no,yes
26025,no,no,no
26026,no,no,no
26027,no,yes,no
26028,no,yes,no
26029,no,unknown,unknown
26030,no,no,no
26031,no,yes,no
26032,no,yes,yes
26033,no,no,no
26034,no,yes,no
26035,no,yes,no
26036,unknown,no,no
26037,unknown,yes,no
26038,unknown,no,no
26039,no,no,no
26040,no,yes,no
26041,no,no,no
26042,no,no,no
26043,no,yes,no
26044,no,yes,no
26045,no,yes,no
26046,no,no,no
26047,no,yes,no
26048,no,no,yes
26049,no,yes,no
26050,no,yes,no
26051,no,yes,no
26052,unknown,no,yes
26053,no,no,no
26054,no,no,no
26055,no,yes,yes
26056,unknown,yes,no
26057,no,yes,no
26058,no,yes,no
26059,no,yes,yes
26060,no,yes,no
26061,no,no,yes
26062,no,no,no
26063,unknown,yes,no
26064,no,no,no
26065,no,no,no
26066,no,unknown,unknown
26067,no,no,no
26068,no,no,no
26069,no,no,no
26070,no,yes,no
26071,unknown,yes,no
26072,no,unknown,unknown
26073,no,no,no
26074,no,yes,no
26075,no,no,no
26076,no,yes,yes
26077,no,no,no
26078,no,yes,yes
26079,no,no,no
26080,no,yes,no
26081,no,no,no
26082,no,yes,no
26083,no,yes,no
26084,no,yes,no
26085,no,no,no
26086,no,no,no
26087,no,no,no
26088,no,no,no
26089,no,no,no
26090,no,no,no
26091,no,yes,yes
26092,no,no,no
26093,no,yes,no
26094,no,no,yes
26095,no,no,no
26096,no,yes,no
26097,unknown,no,no
26098,no,no,yes
26099,no,yes,no
26100,unknown,no,no
26101,no,no,yes
26102,no,yes,no
26103,no,yes,no
26104,no,yes,no
26105,no,yes,yes
26106,unknown,yes,yes
26107,no,yes,no
26108,no,no,yes
26109,no,yes,no
26110,no,yes,no
26111,no,yes,no
26112,no,no,no
26113,unknown,yes,yes
26114,no,no,yes
26115,no,yes,yes
26116,no,yes,no
26117,no,yes,no
26118,no,yes,yes
26119,no,no,no
26120,no,no,yes
26121,no,yes,yes
26122,no,yes,no
26123,no,yes,yes
26124,unknown,yes,no
26125,unknown,yes,no
26126,no,no,no
26127,no,yes,no
26128,unknown,no,no
26129,no,yes,no
26130,unknown,no,no
26131,no,no,no
26132,unknown,yes,no
26133,unknown,no,no
26134,unknown,yes,yes
26135,no,unknown,unknown
26136,no,yes,no
26137,no,yes,no
26138,no,no,yes
26139,no,yes,yes
26140,no,no,no
26141,no,yes,no
26142,no,no,no
26143,no,yes,no
26144,no,yes,yes
26145,no,no,no
26146,no,no,no
26147,no,yes,no
26148,no,no,no
26149,no,yes,no
26150,no,no,no
26151,no,no,no
26152,no,yes,no
26153,no,yes,yes
26154,unknown,yes,no
26155,no,no,no
26156,no,no,no
26157,no,yes,no
26158,no,yes,no
26159,unknown,no,no
26160,unknown,no,no
26161,no,yes,yes
26162,no,yes,no
26163,no,yes,no
26164,no,yes,yes
26165,no,yes,no
26166,no,no,no
26167,no,yes,yes
26168,no,yes,yes
26169,unknown,yes,no
26170,unknown,yes,no
26171,no,no,no
26172,no,yes,no
26173,no,yes,no
26174,no,yes,no
26175,no,no,no
26176,no,yes,no
26177,no,no,no
26178,no,yes,no
26179,no,yes,no
26180,no,yes,no
26181,no,yes,no
26182,no,yes,no
26183,no,yes,no
26184,no,yes,no
26185,no,yes,no
26186,no,yes,no
26187,no,yes,no
26188,no,no,no
26189,no,yes,no
26190,no,no,no
26191,no,no,no
26192,unknown,no,no
26193,no,no,no
26194,no,no,no
26195,no,yes,no
26196,unknown,no,no
26197,no,yes,no
26198,no,yes,no
26199,no,yes,no
26200,no,yes,no
26201,no,no,no
26202,no,yes,no
26203,no,yes,no
26204,no,yes,no
26205,no,yes,no
26206,no,no,no
26207,no,yes,yes
26208,no,no,no
26209,no,yes,yes
26210,no,no,no
26211,no,unknown,unknown
26212,no,unknown,unknown
26213,no,no,no
26214,no,no,no
26215,no,yes,no
26216,no,no,no
26217,no,no,no
26218,no,no,no
26219,unknown,yes,no
26220,no,yes,no
26221,no,no,no
26222,no,yes,no
26223,no,yes,no
26224,no,no,no
26225,no,yes,no
26226,no,no,no
26227,no,yes,no
26228,no,no,no
26229,no,yes,no
26230,no,no,no
26231,no,yes,no
26232,no,yes,no
26233,no,no,no
26234,no,no,no
26235,no,no,no
26236,no,no,no
26237,no,yes,no
26238,no,yes,no
26239,no,no,no
26240,no,no,no
26241,no,no,no
26242,no,yes,no
26243,no,no,yes
26244,unknown,no,no
26245,no,no,no
26246,no,no,no
26247,no,yes,no
26248,no,no,no
26249,no,no,no
26250,unknown,no,no
26251,no,no,no
26252,no,no,yes
26253,no,no,no
26254,no,no,no
26255,no,yes,no
26256,no,yes,no
26257,no,yes,no
26258,no,no,no
26259,no,no,no
26260,no,yes,yes
26261,unknown,yes,yes
26262,no,yes,yes
26263,no,yes,yes
26264,no,yes,yes
26265,no,no,no
26266,no,yes,no
26267,no,unknown,unknown
26268,no,no,no
26269,no,no,no
26270,no,no,no
26271,no,yes,no
26272,no,no,no
26273,no,yes,no
26274,no,no,no
26275,no,yes,no
26276,unknown,unknown,unknown
26277,no,no,no
26278,unknown,yes,no
26279,no,no,no
26280,no,yes,no
26281,no,no,no
26282,unknown,no,no
26283,no,yes,no
26284,no,no,no
26285,no,yes,no
26286,no,yes,no
26287,no,no,yes
26288,no,no,no
26289,no,yes,no
26290,no,yes,no
26291,no,yes,no
26292,no,no,yes
26293,no,yes,no
26294,no,no,yes
26295,unknown,yes,no
26296,no,yes,no
26297,no,yes,no
26298,no,yes,yes
26299,unknown,no,no
26300,no,yes,yes
26301,no,no,no
26302,no,no,no
26303,no,no,no
26304,no,yes,no
26305,no,yes,no
26306,unknown,yes,no
26307,no,yes,no
26308,no,yes,no
26309,no,yes,no
26310,no,yes,no
26311,no,no,no
26312,no,no,no
26313,no,no,no
26314,no,yes,no
26315,no,no,no
26316,no,yes,no
26317,no,no,yes
26318,unknown,yes,no
26319,no,no,no
26320,no,no,no
26321,no,yes,no
26322,unknown,yes,no
26323,no,yes,no
26324,unknown,yes,no
26325,no,yes,no
26326,no,yes,yes
26327,no,yes,no
26328,no,yes,no
26329,no,yes,no
26330,no,unknown,unknown
26331,no,yes,no
26332,no,unknown,unknown
26333,no,no,no
26334,no,yes,no
26335,no,yes,no
26336,no,no,yes
26337,unknown,no,no
26338,no,no,yes
26339,no,yes,no
26340,no,yes,no
26341,no,yes,no
26342,no,no,no
26343,no,no,no
26344,no,yes,no
26345,no,yes,no
26346,no,no,no
26347,no,yes,yes
26348,no,yes,no
26349,no,yes,no
26350,no,no,no
26351,no,no,no
26352,no,yes,no
26353,no,yes,no
26354,no,no,no
26355,no,yes,no
26356,no,yes,no
26357,no,yes,no
26358,no,no,no
26359,unknown,yes,no
26360,no,yes,no
26361,unknown,yes,no
26362,unknown,yes,no
26363,no,yes,no
26364,no,no,no
26365,no,yes,no
26366,no,no,no
26367,no,no,no
26368,no,no,no
26369,no,yes,no
26370,no,yes,no
26371,no,yes,no
26372,no,yes,no
26373,no,yes,no
26374,no,yes,no
26375,no,no,no
26376,no,yes,no
26377,no,yes,no
26378,no,yes,no
26379,no,no,yes
26380,no,no,no
26381,no,yes,no
26382,no,yes,no
26383,no,yes,no
26384,no,yes,no
26385,no,no,no
26386,no,yes,no
26387,no,yes,no
26388,no,yes,no
26389,no,yes,no
26390,no,yes,no
26391,no,yes,no
26392,no,no,no
26393,no,no,no
26394,no,no,no
26395,no,yes,no
26396,no,yes,no
26397,no,yes,no
26398,no,no,no
26399,no,yes,no
26400,no,yes,no
26401,no,yes,no
26402,no,no,no
26403,no,yes,no
26404,no,no,yes
26405,no,yes,no
26406,no,unknown,unknown
26407,no,no,no
26408,no,yes,no
26409,no,yes,no
26410,no,no,no
26411,no,no,no
26412,no,no,no
26413,no,yes,no
26414,no,yes,no
26415,no,no,no
26416,no,no,no
26417,unknown,no,no
26418,no,unknown,unknown
26419,no,unknown,unknown
26420,unknown,yes,no
26421,no,yes,no
26422,no,yes,no
26423,no,no,no
26424,no,no,no
26425,no,no,no
26426,no,yes,no
26427,unknown,no,no
26428,no,no,no
26429,no,yes,no
26430,no,yes,no
26431,no,no,no
26432,unknown,yes,no
26433,no,no,no
26434,no,yes,no
26435,no,no,no
26436,no,no,no
26437,no,yes,no
26438,no,yes,no
26439,no,no,no
26440,no,yes,no
26441,no,yes,no
26442,no,yes,no
26443,no,no,yes
26444,unknown,yes,no
26445,no,no,no
26446,no,yes,no
26447,no,no,no
26448,no,no,no
26449,no,yes,no
26450,no,no,no
26451,no,no,no
26452,no,yes,no
26453,no,yes,no
26454,no,yes,yes
26455,no,no,no
26456,no,yes,no
26457,no,yes,yes
26458,no,no,no
26459,no,yes,no
26460,no,yes,no
26461,no,no,no
26462,no,no,no
26463,no,yes,no
26464,no,no,no
26465,no,yes,no
26466,no,yes,no
26467,no,yes,no
26468,no,yes,no
26469,no,yes,no
26470,no,no,no
26471,no,yes,no
26472,no,yes,no
26473,no,no,no
26474,no,no,no
26475,no,no,no
26476,no,yes,no
26477,no,yes,no
26478,no,yes,yes
26479,no,no,no
26480,no,no,no
26481,no,yes,no
26482,no,no,no
26483,no,no,no
26484,no,no,no
26485,no,no,no
26486,no,yes,yes
26487,no,no,no
26488,no,no,no
26489,no,no,no
26490,no,no,no
26491,no,yes,no
26492,no,no,no
26493,unknown,yes,no
26494,no,no,no
26495,no,yes,no
26496,no,no,no
26497,no,no,yes
26498,no,no,no
26499,no,yes,no
26500,no,no,no
26501,no,yes,no
26502,unknown,unknown,unknown
26503,no,yes,yes
26504,no,yes,no
26505,no,yes,no
26506,no,yes,no
26507,no,yes,no
26508,no,no,no
26509,no,yes,yes
26510,no,no,no
26511,no,no,no
26512,no,yes,no
26513,no,no,no
26514,no,no,no
26515,no,no,no
26516,unknown,no,no
26517,no,yes,yes
26518,no,no,no
26519,no,yes,no
26520,no,no,no
26521,no,yes,yes
26522,no,no,no
26523,no,no,no
26524,no,yes,no
26525,no,no,no
26526,no,yes,no
26527,no,yes,no
26528,no,yes,no
26529,no,no,no
26530,no,no,no
26531,no,no,no
26532,no,no,no
26533,no,no,no
26534,no,yes,no
26535,no,no,no
26536,no,no,no
26537,no,no,no
26538,unknown,yes,yes
26539,no,yes,no
26540,no,no,no
26541,unknown,no,yes
26542,no,no,no
26543,no,yes,yes
26544,no,no,yes
26545,no,yes,yes
26546,no,no,no
26547,no,yes,no
26548,no,yes,no
26549,no,no,no
26550,unknown,yes,no
26551,no,yes,no
26552,no,yes,yes
26553,no,yes,yes
26554,unknown,yes,no
26555,no,yes,no
26556,unknown,yes,no
26557,no,yes,no
26558,no,yes,no
26559,no,no,no
26560,no,yes,no
26561,no,no,no
26562,no,yes,no
26563,no,yes,no
26564,no,no,no
26565,unknown,yes,no
26566,unknown,no,no
26567,no,yes,no
26568,no,no,no
26569,no,yes,no
26570,no,yes,no
26571,no,no,no
26572,no,yes,no
26573,no,yes,no
26574,no,yes,no
26575,no,yes,no
26576,no,yes,no
26577,no,yes,no
26578,no,no,no
26579,no,yes,no
26580,unknown,yes,no
26581,no,yes,yes
26582,no,no,no
26583,no,yes,yes
26584,no,yes,no
26585,no,yes,no
26586,no,yes,yes
26587,no,yes,no
26588,no,yes,no
26589,no,yes,yes
26590,no,yes,no
26591,unknown,no,no
26592,no,yes,no
26593,no,yes,no
26594,no,no,no
26595,no,yes,no
26596,unknown,yes,yes
26597,unknown,yes,no
26598,no,yes,no
26599,no,yes,no
26600,no,no,no
26601,no,yes,no
26602,no,yes,no
26603,no,no,yes
26604,no,yes,no
26605,no,yes,no
26606,no,yes,no
26607,no,yes,no
26608,no,yes,no
26609,no,yes,no
26610,no,no,no
26611,no,yes,no
26612,no,no,no
26613,no,yes,no
26614,no,yes,no
26615,no,yes,yes
26616,no,yes,no
26617,no,yes,yes
26618,no,yes,no
26619,no,no,no
26620,no,no,yes
26621,no,yes,yes
26622,no,yes,no
26623,no,yes,yes
26624,no,no,no
26625,unknown,no,yes
26626,no,no,no
26627,no,no,no
26628,no,yes,yes
26629,no,yes,no
26630,no,yes,no
26631,no,yes,yes
26632,no,yes,no
26633,no,yes,yes
26634,no,yes,no
26635,no,yes,yes
26636,no,no,no
26637,no,yes,no
26638,no,yes,no
26639,unknown,no,no
26640,no,yes,no
26641,no,no,no
26642,no,yes,no
26643,no,yes,no
26644,unknown,yes,no
26645,no,yes,no
26646,no,yes,no
26647,no,no,no
26648,no,yes,no
26649,no,no,no
26650,unknown,yes,yes
26651,no,no,no
26652,no,no,no
26653,no,yes,no
26654,no,yes,no
26655,no,yes,no
26656,no,no,no
26657,unknown,no,no
26658,no,yes,no
26659,unknown,yes,yes
26660,no,no,no
26661,no,no,no
26662,no,yes,no
26663,no,yes,no
26664,no,unknown,unknown
26665,no,no,yes
26666,no,unknown,unknown
26667,no,no,no
26668,no,no,no
26669,unknown,yes,no
26670,no,no,no
26671,no,yes,no
26672,unknown,yes,no
26673,no,no,no
26674,no,no,no
26675,no,yes,no
26676,no,no,no
26677,no,no,no
26678,no,no,no
26679,unknown,yes,no
26680,no,yes,yes
26681,no,yes,no
26682,no,no,no
26683,no,yes,no
26684,no,yes,no
26685,no,no,no
26686,no,no,no
26687,no,no,no
26688,no,yes,no
26689,no,yes,no
26690,no,yes,no
26691,no,yes,no
26692,no,yes,no
26693,no,yes,no
26694,no,no,yes
26695,no,yes,no
26696,no,no,no
26697,no,yes,yes
26698,no,yes,no
26699,no,yes,no
26700,no,yes,no
26701,no,no,no
26702,no,yes,no
26703,unknown,yes,no
26704,no,yes,no
26705,no,no,no
26706,no,yes,no
26707,unknown,no,no
26708,no,yes,no
26709,no,yes,no
26710,no,yes,no
26711,no,yes,no
26712,no,yes,no
26713,no,yes,no
26714,no,no,no
26715,no,no,no
26716,no,no,no
26717,no,no,no
26718,unknown,yes,yes
26719,unknown,no,no
26720,no,yes,no
26721,no,no,no
26722,unknown,no,no
26723,no,yes,no
26724,no,yes,no
26725,no,yes,yes
26726,no,yes,no
26727,no,yes,yes
26728,no,no,no
26729,no,yes,no
26730,no,yes,no
26731,no,yes,yes
26732,no,yes,no
26733,no,yes,no
26734,no,yes,no
26735,no,yes,yes
26736,no,no,no
26737,no,yes,no
26738,no,yes,no
26739,no,no,no
26740,no,no,no
26741,no,yes,no
26742,no,no,no
26743,no,yes,yes
26744,no,yes,yes
26745,no,yes,yes
26746,no,yes,yes
26747,no,yes,no
26748,no,yes,no
26749,no,yes,no
26750,no,no,no
26751,unknown,no,no
26752,no,yes,no
26753,no,no,no
26754,no,no,no
26755,no,yes,no
26756,no,no,no
26757,no,yes,no
26758,no,yes,no
26759,unknown,no,no
26760,no,yes,yes
26761,no,yes,no
26762,no,yes,no
26763,no,no,no
26764,no,yes,no
26765,no,yes,yes
26766,no,yes,no
26767,no,no,no
26768,no,no,no
26769,no,yes,yes
26770,no,yes,no
26771,no,no,no
26772,unknown,yes,yes
26773,no,yes,yes
26774,unknown,yes,no
26775,no,yes,yes
26776,no,yes,yes
26777,unknown,yes,no
26778,no,yes,no
26779,unknown,yes,no
26780,no,yes,yes
26781,no,yes,yes
26782,no,yes,yes
26783,unknown,yes,no
26784,no,no,no
26785,no,yes,no
26786,no,yes,no
26787,no,no,no
26788,no,yes,no
26789,unknown,yes,no
26790,no,yes,no
26791,no,no,no
26792,no,no,no
26793,unknown,yes,no
26794,no,no,no
26795,no,yes,no
26796,no,yes,no
26797,no,yes,no
26798,no,yes,yes
26799,no,yes,no
26800,no,no,yes
26801,no,yes,no
26802,no,no,no
26803,no,yes,no
26804,no,no,yes
26805,no,yes,no
26806,no,no,no
26807,no,yes,no
26808,no,yes,no
26809,no,yes,no
26810,no,yes,no
26811,no,yes,no
26812,no,yes,no
26813,unknown,yes,no
26814,unknown,no,no
26815,no,no,no
26816,no,no,no
26817,no,no,no
26818,no,no,no
26819,no,no,yes
26820,no,yes,no
26821,no,yes,no
26822,no,yes,no
26823,no,yes,no
26824,no,no,no
26825,no,yes,no
26826,no,no,no
26827,no,yes,yes
26828,no,yes,no
26829,no,yes,yes
26830,no,yes,no
26831,no,yes,no
26832,unknown,no,no
26833,no,yes,no
26834,no,unknown,unknown
26835,no,yes,no
26836,no,no,no
26837,no,yes,no
26838,no,no,no
26839,no,yes,no
26840,unknown,yes,no
26841,no,yes,no
26842,unknown,yes,no
26843,unknown,unknown,unknown
26844,no,yes,no
26845,unknown,yes,no
26846,no,no,no
26847,no,no,no
26848,no,yes,no
26849,no,yes,no
26850,no,no,no
26851,no,no,no
26852,no,yes,no
26853,no,yes,no
26854,no,yes,yes
26855,no,yes,no
26856,no,yes,no
26857,no,no,no
26858,no,unknown,unknown
26859,no,yes,no
26860,no,yes,no
26861,no,yes,no
26862,no,yes,no
26863,no,no,no
26864,no,yes,no
26865,no,no,no
26866,no,no,yes
26867,no,no,yes
26868,no,yes,no
26869,no,yes,no
26870,no,yes,yes
26871,no,yes,no
26872,no,yes,yes
26873,no,yes,yes
26874,no,no,no
26875,no,no,no
26876,no,yes,no
26877,unknown,yes,no
26878,no,no,no
26879,no,yes,no
26880,no,yes,no
26881,no,no,no
26882,no,unknown,unknown
26883,no,no,no
26884,no,unknown,unknown
26885,no,yes,no
26886,unknown,yes,no
26887,no,yes,no
26888,no,yes,no
26889,unknown,yes,no
26890,no,no,no
26891,no,no,no
26892,unknown,yes,yes
26893,no,no,no
26894,no,yes,no
26895,no,yes,no
26896,unknown,no,no
26897,no,no,no
26898,no,yes,yes
26899,no,yes,no
26900,no,yes,yes
26901,no,yes,no
26902,no,yes,no
26903,no,no,no
26904,no,yes,no
26905,no,yes,no
26906,no,yes,no
26907,no,yes,no
26908,no,yes,yes
26909,no,yes,yes
26910,no,yes,no
26911,unknown,yes,no
26912,no,yes,no
26913,unknown,yes,no
26914,no,yes,no
26915,no,no,yes
26916,no,no,no
26917,no,no,no
26918,no,no,no
26919,no,no,no
26920,no,no,yes
26921,unknown,yes,no
26922,no,yes,yes
26923,no,no,yes
26924,no,no,yes
26925,no,no,yes
26926,no,no,no
26927,no,yes,no
26928,no,no,no
26929,no,yes,no
26930,unknown,no,no
26931,no,yes,yes
26932,no,yes,no
26933,no,no,no
26934,no,no,no
26935,no,no,no
26936,no,yes,no
26937,no,yes,no
26938,no,yes,no
26939,no,no,no
26940,no,no,no
26941,no,yes,no
26942,no,yes,yes
26943,unknown,yes,no
26944,no,no,no
26945,no,no,no
26946,no,unknown,unknown
26947,no,no,no
26948,no,no,no
26949,no,no,no
26950,no,yes,yes
26951,no,no,no
26952,no,yes,yes
26953,no,no,no
26954,no,yes,no
26955,no,no,no
26956,no,yes,no
26957,no,yes,no
26958,no,no,no
26959,no,no,no
26960,no,no,no
26961,no,no,no
26962,no,yes,no
26963,no,yes,no
26964,no,no,no
26965,unknown,yes,no
26966,no,no,no
26967,no,yes,no
26968,no,no,no
26969,no,no,no
26970,no,yes,no
26971,no,yes,no
26972,no,yes,no
26973,no,no,no
26974,no,yes,yes
26975,no,yes,no
26976,no,no,no
26977,no,yes,yes
26978,no,yes,no
26979,no,yes,yes
26980,no,no,yes
26981,no,yes,no
26982,no,no,no
26983,no,yes,no
26984,no,no,no
26985,no,no,no
26986,no,yes,yes
26987,no,no,no
26988,no,no,no
26989,no,no,no
26990,no,no,no
26991,no,no,no
26992,no,yes,no
26993,no,yes,no
26994,no,yes,yes
26995,no,yes,no
26996,no,no,no
26997,no,no,no
26998,no,yes,no
26999,no,no,no
27000,no,yes,yes
27001,no,no,no
27002,no,no,no
27003,no,yes,no
27004,no,yes,no
27005,unknown,yes,no
27006,no,no,no
27007,no,no,no
27008,no,no,no
27009,no,yes,no
27010,no,yes,yes
27011,unknown,yes,no
27012,no,no,yes
27013,no,yes,no
27014,no,yes,yes
27015,no,yes,yes
27016,no,yes,no
27017,unknown,yes,no
27018,no,no,no
27019,no,yes,yes
27020,no,yes,no
27021,no,yes,no
27022,no,yes,no
27023,no,yes,no
27024,no,no,no
27025,unknown,no,no
27026,no,no,no
27027,no,no,no
27028,unknown,yes,no
27029,no,yes,no
27030,no,yes,no
27031,no,no,no
27032,no,yes,no
27033,no,yes,no
27034,no,unknown,unknown
27035,no,yes,no
27036,no,no,no
27037,no,no,no
27038,no,yes,no
27039,no,yes,no
27040,no,yes,no
27041,no,yes,no
27042,unknown,no,no
27043,unknown,no,no
27044,no,yes,no
27045,no,yes,yes
27046,no,yes,no
27047,no,no,no
27048,no,yes,yes
27049,no,no,no
27050,no,no,no
27051,no,yes,no
27052,no,yes,yes
27053,no,yes,yes
27054,no,yes,no
27055,no,no,yes
27056,no,yes,no
27057,no,yes,no
27058,no,no,no
27059,no,yes,yes
27060,no,yes,no
27061,unknown,no,no
27062,no,no,no
27063,no,yes,no
27064,unknown,no,no
27065,no,no,no
27066,unknown,no,no
27067,no,yes,yes
27068,unknown,no,no
27069,no,unknown,unknown
27070,no,yes,no
27071,no,yes,no
27072,unknown,yes,yes
27073,no,yes,no
27074,no,yes,no
27075,no,yes,no
27076,no,yes,no
27077,no,no,no
27078,no,yes,no
27079,no,no,no
27080,unknown,no,no
27081,no,no,no
27082,no,yes,no
27083,no,no,no
27084,no,no,no
27085,no,yes,no
27086,no,no,no
27087,no,no,no
27088,unknown,yes,no
27089,no,no,no
27090,no,no,yes
27091,no,yes,no
27092,no,yes,no
27093,no,yes,no
27094,no,yes,yes
27095,no,yes,yes
27096,no,yes,no
27097,no,no,no
27098,no,no,no
27099,no,yes,no
27100,no,yes,yes
27101,unknown,no,no
27102,no,yes,no
27103,no,no,no
27104,no,yes,yes
27105,no,no,no
27106,no,yes,no
27107,unknown,yes,no
27108,no,no,no
27109,no,yes,no
27110,no,yes,no
27111,no,yes,yes
27112,no,yes,no
27113,no,no,no
27114,no,yes,no
27115,unknown,yes,no
27116,no,yes,no
27117,no,yes,yes
27118,no,yes,no
27119,unknown,yes,yes
27120,no,no,no
27121,no,no,yes
27122,unknown,no,no
27123,unknown,no,yes
27124,unknown,yes,no
27125,no,no,yes
27126,unknown,no,yes
27127,no,yes,yes
27128,no,no,no
27129,no,yes,no
27130,no,yes,no
27131,no,no,no
27132,no,yes,no
27133,unknown,yes,no
27134,no,yes,no
27135,no,yes,no
27136,no,yes,no
27137,no,yes,no
27138,no,no,no
27139,no,yes,no
27140,no,yes,yes
27141,unknown,yes,no
27142,no,yes,no
27143,no,no,no
27144,no,no,yes
27145,no,yes,no
27146,no,no,no
27147,no,yes,no
27148,no,yes,no
27149,no,yes,no
27150,no,yes,no
27151,no,no,no
27152,no,yes,yes
27153,no,yes,yes
27154,no,no,no
27155,no,no,no
27156,no,yes,no
27157,no,yes,no
27158,no,no,no
27159,no,yes,no
27160,no,yes,no
27161,no,yes,no
27162,unknown,no,no
27163,no,yes,no
27164,no,no,no
27165,no,no,no
27166,no,no,no
27167,no,yes,no
27168,unknown,no,yes
27169,no,yes,no
27170,no,yes,no
27171,no,yes,no
27172,no,no,no
27173,no,yes,no
27174,no,no,no
27175,unknown,no,no
27176,no,yes,no
27177,no,yes,no
27178,no,yes,no
27179,no,yes,no
27180,no,yes,yes
27181,no,yes,no
27182,no,yes,no
27183,no,yes,no
27184,no,no,no
27185,no,yes,yes
27186,no,yes,yes
27187,no,no,no
27188,unknown,yes,no
27189,no,yes,no
27190,no,no,no
27191,no,yes,yes
27192,no,yes,no
27193,unknown,yes,no
27194,unknown,yes,no
27195,unknown,yes,no
27196,no,yes,no
27197,no,yes,no
27198,no,yes,no
27199,no,no,no
27200,no,no,no
27201,no,yes,no
27202,no,no,no
27203,unknown,yes,yes
27204,no,yes,no
27205,no,no,no
27206,no,yes,yes
27207,no,yes,no
27208,no,yes,no
27209,no,yes,yes
27210,no,yes,no
27211,no,no,no
27212,no,yes,no
27213,no,no,yes
27214,no,no,no
27215,no,no,no
27216,no,no,yes
27217,no,yes,no
27218,no,no,no
27219,no,yes,yes
27220,no,yes,no
27221,no,no,no
27222,unknown,yes,no
27223,unknown,unknown,unknown
27224,no,no,no
27225,no,yes,no
27226,no,yes,yes
27227,no,no,no
27228,no,no,no
27229,no,yes,yes
27230,unknown,yes,no
27231,no,yes,no
27232,no,yes,no
27233,no,yes,no
27234,no,no,no
27235,no,no,no
27236,no,no,no
27237,no,no,no
27238,no,yes,no
27239,no,yes,yes
27240,no,yes,yes
27241,no,yes,yes
27242,no,no,no
27243,unknown,yes,yes
27244,no,yes,no
27245,no,yes,no
27246,no,yes,no
27247,no,yes,yes
27248,no,yes,no
27249,no,no,no
27250,no,yes,yes
27251,no,no,no
27252,no,no,no
27253,no,yes,no
27254,no,unknown,unknown
27255,no,yes,no
27256,no,no,no
27257,no,no,no
27258,unknown,yes,no
27259,no,yes,no
27260,unknown,no,no
27261,no,yes,no
27262,no,no,no
27263,no,no,no
27264,no,no,no
27265,no,yes,yes
27266,no,yes,yes
27267,no,yes,no
27268,no,yes,yes
27269,no,unknown,unknown
27270,no,no,no
27271,no,no,yes
27272,no,yes,yes
27273,no,no,no
27274,no,yes,no
27275,no,yes,yes
27276,no,yes,no
27277,no,no,no
27278,no,yes,no
27279,unknown,yes,no
27280,no,yes,no
27281,no,yes,no
27282,no,yes,no
27283,no,no,no
27284,no,yes,no
27285,unknown,no,no
27286,no,yes,no
27287,no,yes,yes
27288,no,no,no
27289,no,no,yes
27290,no,yes,no
27291,no,yes,yes
27292,no,yes,no
27293,unknown,no,no
27294,no,yes,no
27295,no,no,no
27296,no,yes,no
27297,no,yes,no
27298,no,no,no
27299,no,yes,no
27300,no,no,no
27301,no,no,no
27302,no,no,no
27303,no,yes,no
27304,no,no,no
27305,no,yes,no
27306,no,yes,no
27307,unknown,yes,no
27308,no,yes,yes
27309,no,yes,no
27310,no,yes,no
27311,no,no,no
27312,unknown,unknown,unknown
27313,no,no,no
27314,unknown,yes,no
27315,no,yes,no
27316,unknown,yes,no
27317,no,yes,no
27318,no,yes,no
27319,no,yes,yes
27320,no,yes,no
27321,unknown,yes,yes
27322,no,yes,no
27323,no,unknown,unknown
27324,unknown,yes,no
27325,no,yes,no
27326,no,yes,no
27327,no,no,no
27328,unknown,yes,no
27329,no,yes,no
27330,unknown,no,no
27331,no,no,no
27332,unknown,yes,yes
27333,no,yes,no
27334,no,yes,no
27335,no,yes,no
27336,no,no,no
27337,no,no,no
27338,no,yes,no
27339,no,yes,no
27340,no,no,no
27341,no,yes,no
27342,no,yes,no
27343,no,no,no
27344,no,no,yes
27345,no,no,yes
27346,no,yes,yes
27347,no,no,yes
27348,no,yes,yes
27349,no,yes,yes
27350,unknown,no,yes
27351,unknown,yes,yes
27352,no,yes,no
27353,no,yes,no
27354,no,no,no
27355,no,yes,no
27356,no,yes,no
27357,no,yes,no
27358,no,yes,yes
27359,no,yes,no
27360,no,yes,no
27361,no,no,no
27362,no,no,no
27363,no,yes,no
27364,no,yes,no
27365,unknown,no,no
27366,no,yes,no
27367,no,no,no
27368,no,yes,no
27369,no,no,no
27370,no,yes,yes
27371,no,no,no
27372,unknown,no,yes
27373,unknown,no,no
27374,no,yes,yes
27375,unknown,no,no
27376,no,yes,yes
27377,no,no,no
27378,unknown,yes,no
27379,no,yes,no
27380,no,no,yes
27381,unknown,no,no
27382,no,no,no
27383,no,no,no
27384,no,yes,no
27385,no,no,yes
27386,no,yes,no
27387,no,no,no
27388,no,yes,no
27389,no,no,no
27390,no,no,no
27391,no,yes,no
27392,no,yes,no
27393,no,no,no
27394,no,no,no
27395,no,no,no
27396,no,yes,no
27397,no,no,no
27398,no,unknown,unknown
27399,no,no,no
27400,unknown,no,yes
27401,unknown,yes,no
27402,no,yes,no
27403,unknown,yes,no
27404,no,no,yes
27405,unknown,yes,yes
27406,no,yes,no
27407,no,yes,no
27408,no,yes,no
27409,no,yes,yes
27410,no,yes,no
27411,no,yes,no
27412,no,yes,no
27413,no,yes,no
27414,no,no,no
27415,no,no,no
27416,no,yes,no
27417,no,no,no
27418,no,no,no
27419,no,yes,no
27420,no,yes,no
27421,no,yes,no
27422,no,no,no
27423,no,yes,no
27424,no,yes,no
27425,no,yes,no
27426,no,no,no
27427,no,yes,no
27428,no,yes,yes
27429,no,no,yes
27430,unknown,no,no
27431,no,yes,yes
27432,unknown,no,no
27433,no,yes,no
27434,no,yes,yes
27435,no,no,no
27436,no,no,no
27437,no,no,no
27438,unknown,yes,no
27439,no,no,no
27440,no,no,no
27441,no,no,no
27442,no,yes,no
27443,no,no,no
27444,no,yes,no
27445,unknown,yes,no
27446,no,yes,yes
27447,no,yes,no
27448,no,yes,yes
27449,unknown,no,no
27450,no,no,no
27451,no,yes,no
27452,no,no,no
27453,no,no,no
27454,no,yes,no
27455,unknown,yes,no
27456,no,no,yes
27457,no,yes,no
27458,no,yes,yes
27459,no,yes,no
27460,no,yes,no
27461,unknown,yes,no
27462,no,yes,no
27463,no,yes,no
27464,no,yes,no
27465,no,no,no
27466,no,yes,no
27467,no,no,no
27468,no,no,no
27469,no,yes,no
27470,no,no,no
27471,no,yes,no
27472,no,unknown,unknown
27473,unknown,no,no
27474,no,no,no
27475,no,yes,no
27476,no,yes,yes
27477,no,no,no
27478,no,yes,no
27479,no,yes,no
27480,no,yes,yes
27481,no,yes,yes
27482,no,yes,no
27483,no,no,yes
27484,no,yes,no
27485,no,no,no
27486,no,no,yes
27487,no,yes,no
27488,no,no,no
27489,no,unknown,unknown
27490,unknown,no,no
27491,no,no,no
27492,no,yes,no
27493,no,no,no
27494,no,yes,no
27495,no,no,no
27496,no,yes,yes
27497,no,no,no
27498,no,no,no
27499,no,no,no
27500,no,no,yes
27501,no,no,no
27502,no,no,no
27503,unknown,no,no
27504,no,yes,no
27505,no,no,no
27506,no,no,no
27507,no,yes,no
27508,no,no,no
27509,no,no,no
27510,no,yes,no
27511,no,yes,no
27512,no,yes,no
27513,no,no,no
27514,no,yes,no
27515,unknown,yes,yes
27516,no,no,no
27517,no,no,no
27518,no,yes,no
27519,no,no,no
27520,unknown,yes,yes
27521,no,yes,no
27522,no,no,yes
27523,no,yes,no
27524,no,yes,yes
27525,unknown,yes,no
27526,no,no,no
27527,no,yes,yes
27528,no,yes,no
27529,no,no,no
27530,no,yes,no
27531,unknown,yes,no
27532,no,yes,no
27533,no,yes,yes
27534,no,no,no
27535,no,no,no
27536,no,no,no
27537,no,no,no
27538,no,yes,no
27539,no,yes,no
27540,no,yes,no
27541,no,yes,no
27542,no,no,no
27543,no,no,no
27544,no,no,yes
27545,no,yes,no
27546,unknown,yes,yes
27547,no,no,no
27548,unknown,no,no
27549,no,yes,no
27550,unknown,no,no
27551,unknown,yes,no
27552,no,no,no
27553,no,no,no
27554,no,no,yes
27555,no,no,no
27556,no,yes,no
27557,no,yes,yes
27558,no,yes,no
27559,no,no,no
27560,no,yes,yes
27561,no,yes,no
27562,no,yes,no
27563,no,yes,no
27564,no,yes,yes
27565,no,no,no
27566,no,yes,no
27567,no,no,no
27568,no,yes,no
27569,no,no,no
27570,unknown,no,no
27571,no,no,yes
27572,no,no,yes
27573,no,yes,no
27574,no,yes,no
27575,no,no,no
27576,no,yes,yes
27577,no,no,no
27578,no,yes,no
27579,no,yes,no
27580,no,yes,no
27581,unknown,no,no
27582,no,no,no
27583,no,yes,no
27584,no,yes,no
27585,no,no,no
27586,no,no,no
27587,no,no,no
27588,unknown,no,no
27589,no,no,no
27590,no,yes,no
27591,no,no,no
27592,no,no,no
27593,no,no,no
27594,no,no,no
27595,unknown,yes,yes
27596,no,yes,no
27597,no,yes,no
27598,no,no,no
27599,no,no,no
27600,no,yes,yes
27601,no,yes,no
27602,no,yes,no
27603,no,yes,no
27604,unknown,yes,no
27605,no,yes,no
27606,no,yes,no
27607,no,yes,no
27608,no,yes,no
27609,no,no,no
27610,no,no,no
27611,no,yes,no
27612,no,yes,no
27613,no,yes,no
27614,no,yes,no
27615,no,no,no
27616,no,yes,no
27617,unknown,yes,no
27618,no,yes,no
27619,no,no,no
27620,unknown,no,no
27621,no,yes,no
27622,no,no,yes
27623,no,no,yes
27624,no,yes,no
27625,no,yes,no
27626,no,yes,no
27627,no,no,no
27628,no,yes,no
27629,unknown,no,no
27630,unknown,no,no
27631,no,yes,no
27632,no,no,no
27633,no,no,no
27634,no,yes,no
27635,unknown,no,no
27636,no,no,no
27637,no,no,no
27638,no,yes,no
27639,no,yes,no
27640,unknown,yes,yes
27641,no,yes,no
27642,unknown,yes,yes
27643,no,no,no
27644,no,yes,yes
27645,no,no,no
27646,no,no,no
27647,no,no,no
27648,no,no,no
27649,no,yes,no
27650,no,yes,yes
27651,unknown,no,no
27652,no,yes,yes
27653,unknown,yes,no
27654,unknown,no,no
27655,no,no,no
27656,no,yes,yes
27657,no,yes,yes
27658,unknown,yes,yes
27659,no,yes,no
27660,no,yes,no
27661,no,yes,yes
27662,no,yes,no
27663,unknown,no,no
27664,no,no,no
27665,no,no,no
27666,no,no,no
27667,no,no,no
27668,no,yes,no
27669,no,yes,no
27670,unknown,yes,no
27671,no,no,no
27672,no,no,no
27673,no,yes,yes
27674,no,no,no
27675,no,no,no
27676,unknown,no,no
27677,no,yes,yes
27678,no,no,yes
27679,no,yes,no
27680,no,yes,no
27681,no,yes,no
27682,no,yes,no
27683,no,no,yes
27684,no,yes,no
27685,no,yes,yes
27686,no,yes,yes
27687,no,yes,no
27688,no,yes,no
27689,no,no,no
27690,no,yes,yes
27691,no,yes,no
27692,no,yes,no
27693,no,no,no
27694,no,yes,no
27695,no,yes,no
27696,no,yes,yes
27697,no,yes,no
27698,no,yes,no
27699,no,no,no
27700,no,no,no
27701,no,yes,no
27702,no,no,no
27703,no,yes,no
27704,no,yes,no
27705,no,no,no
27706,no,yes,yes
27707,no,yes,no
27708,no,yes,no
27709,no,yes,no
27710,no,yes,no
27711,no,no,no
27712,no,yes,no
27713,no,yes,no
27714,no,yes,no
27715,no,yes,no
27716,no,yes,no
27717,no,no,yes
27718,no,yes,no
27719,no,yes,no
27720,no,no,no
27721,no,no,yes
27722,no,yes,no
27723,no,unknown,unknown
27724,no,yes,no
27725,no,no,no
27726,no,no,no
27727,no,yes,no
27728,no,yes,no
27729,no,no,no
27730,no,yes,no
27731,no,yes,no
27732,no,no,no
27733,no,no,no
27734,no,yes,no
27735,no,yes,no
27736,no,no,yes
27737,no,no,no
27738,no,no,no
27739,no,unknown,unknown
27740,no,no,no
27741,no,no,no
27742,no,yes,no
27743,no,yes,yes
27744,no,yes,no
27745,no,yes,no
27746,no,yes,yes
27747,no,yes,no
27748,no,yes,no
27749,no,yes,no
27750,no,yes,no
27751,no,no,no
27752,no,no,yes
27753,no,no,no
27754,no,no,no
27755,no,no,yes
27756,no,no,no
27757,no,no,no
27758,no,no,yes
27759,no,no,yes
27760,no,no,no
27761,no,yes,no
27762,no,yes,yes
27763,no,yes,no
27764,no,yes,no
27765,no,yes,no
27766,no,yes,no
27767,no,yes,yes
27768,no,no,no
27769,no,yes,no
27770,no,yes,no
27771,no,yes,no
27772,no,yes,yes
27773,no,yes,yes
27774,no,yes,no
27775,no,yes,yes
27776,no,yes,no
27777,no,no,no
27778,no,yes,yes
27779,no,no,no
27780,no,yes,no
27781,no,yes,no
27782,no,yes,no
27783,no,yes,no
27784,no,yes,no
27785,no,yes,no
27786,no,yes,no
27787,no,no,no
27788,no,yes,no
27789,no,no,no
27790,no,yes,no
27791,no,no,no
27792,no,yes,yes
27793,no,yes,yes
27794,no,yes,no
27795,no,yes,no
27796,no,yes,yes
27797,no,yes,yes
27798,no,yes,no
27799,no,yes,no
27800,no,yes,no
27801,no,yes,no
27802,no,no,no
27803,no,no,no
27804,no,yes,no
27805,no,yes,yes
27806,no,yes,yes
27807,no,no,no
27808,no,no,no
27809,no,yes,no
27810,no,yes,no
27811,no,yes,no
27812,no,no,no
27813,no,yes,no
27814,no,yes,no
27815,no,yes,yes
27816,no,yes,yes
27817,no,yes,no
27818,no,no,no
27819,no,yes,no
27820,no,no,no
27821,no,yes,no
27822,no,yes,no
27823,no,yes,no
27824,no,yes,no
27825,no,no,no
27826,no,no,no
27827,no,no,no
27828,no,yes,no
27829,no,yes,no
27830,no,no,no
27831,no,yes,no
27832,no,no,no
27833,no,no,no
27834,no,yes,yes
27835,no,yes,no
27836,no,no,no
27837,no,no,no
27838,no,yes,no
27839,no,no,no
27840,no,no,no
27841,no,unknown,unknown
27842,no,yes,yes
27843,no,yes,no
27844,no,yes,yes
27845,no,yes,no
27846,no,no,no
27847,no,no,no
27848,no,yes,no
27849,no,no,no
27850,no,no,no
27851,no,no,no
27852,no,yes,no
27853,no,yes,no
27854,no,yes,yes
27855,no,yes,no
27856,no,no,no
27857,no,no,no
27858,no,yes,no
27859,no,yes,yes
27860,no,yes,no
27861,no,no,no
27862,no,yes,no
27863,no,no,no
27864,no,yes,yes
27865,no,yes,yes
27866,no,yes,no
27867,no,no,no
27868,no,yes,no
27869,no,no,yes
27870,no,no,yes
27871,no,yes,no
27872,no,no,no
27873,no,no,no
27874,no,no,no
27875,no,yes,no
27876,no,no,no
27877,no,yes,no
27878,no,yes,no
27879,no,yes,yes
27880,no,no,no
27881,no,no,no
27882,no,yes,no
27883,no,yes,yes
27884,no,yes,yes
27885,no,no,no
27886,no,yes,no
27887,no,yes,no
27888,no,no,yes
27889,no,yes,no
27890,no,yes,no
27891,no,yes,no
27892,no,no,no
27893,no,no,no
27894,no,no,no
27895,no,no,no
27896,no,no,yes
27897,no,yes,no
27898,no,no,no
27899,no,yes,no
27900,no,no,no
27901,no,yes,no
27902,no,no,no
27903,no,no,no
27904,no,yes,yes
27905,no,yes,no
27906,no,yes,yes
27907,no,yes,no
27908,no,yes,no
27909,no,yes,no
27910,no,yes,yes
27911,unknown,yes,no
27912,no,no,no
27913,no,yes,no
27914,no,yes,no
27915,no,yes,no
27916,no,yes,no
27917,unknown,unknown,unknown
27918,no,yes,no
27919,no,yes,no
27920,no,yes,no
27921,no,yes,no
27922,no,yes,no
27923,no,yes,no
27924,no,no,no
27925,no,yes,no
27926,no,yes,no
27927,no,no,no
27928,no,yes,no
27929,no,no,no
27930,no,no,yes
27931,no,yes,no
27932,no,yes,no
27933,no,yes,no
27934,no,yes,no
27935,no,yes,no
27936,no,yes,no
27937,no,yes,no
27938,no,no,no
27939,no,yes,no
27940,no,no,no
27941,no,yes,yes
27942,no,no,no
27943,no,yes,no
27944,no,no,no
27945,no,unknown,unknown
27946,no,no,no
27947,no,unknown,unknown
27948,no,yes,no
27949,no,yes,no
27950,no,yes,yes
27951,unknown,yes,no
27952,unknown,no,no
27953,no,yes,no
27954,no,yes,no
27955,no,no,no
27956,no,yes,no
27957,no,yes,no
27958,no,yes,yes
27959,no,no,no
27960,no,no,no
27961,no,no,no
27962,no,yes,yes
27963,no,no,no
27964,unknown,yes,no
27965,unknown,yes,no
27966,unknown,yes,yes
27967,unknown,yes,no
27968,unknown,yes,no
27969,no,yes,no
27970,no,yes,no
27971,no,yes,no
27972,no,yes,no
27973,no,yes,no
27974,no,yes,no
27975,unknown,yes,no
27976,no,yes,no
27977,unknown,no,no
27978,no,no,no
27979,no,yes,no
27980,no,no,no
27981,no,yes,no
27982,no,yes,yes
27983,no,yes,no
27984,no,yes,no
27985,no,yes,yes
27986,no,yes,no
27987,no,no,no
27988,no,yes,yes
27989,no,yes,no
27990,unknown,yes,no
27991,no,no,no
27992,no,yes,no
27993,no,no,no
27994,no,no,yes
27995,no,yes,no
27996,no,yes,no
27997,no,no,no
27998,no,unknown,unknown
27999,no,yes,no
28000,no,no,no
28001,no,yes,no
28002,no,unknown,unknown
28003,unknown,yes,no
28004,no,yes,no
28005,no,no,no
28006,no,no,yes
28007,no,yes,no
28008,no,yes,no
28009,no,yes,yes
28010,no,yes,no
28011,no,no,no
28012,no,no,no
28013,unknown,yes,no
28014,no,yes,yes
28015,unknown,yes,no
28016,unknown,no,no
28017,no,yes,no
28018,no,yes,no
28019,no,yes,no
28020,unknown,yes,yes
28021,no,no,no
28022,no,no,no
28023,no,no,no
28024,unknown,yes,no
28025,no,no,no
28026,no,yes,no
28027,unknown,no,no
28028,no,no,no
28029,unknown,no,no
28030,no,no,no
28031,no,no,no
28032,no,yes,no
28033,unknown,yes,no
28034,no,yes,yes
28035,no,yes,no
28036,no,no,yes
28037,no,yes,no
28038,unknown,yes,yes
28039,no,yes,no
28040,no,no,no
28041,no,yes,no
28042,no,no,no
28043,no,yes,no
28044,no,yes,no
28045,no,no,no
28046,no,yes,no
28047,no,yes,yes
28048,no,yes,no
28049,unknown,yes,no
28050,no,no,no
28051,no,no,no
28052,no,no,no
28053,no,no,no
28054,no,no,yes
28055,no,yes,no
28056,no,yes,no
28057,no,no,yes
28058,no,yes,no
28059,no,yes,no
28060,no,no,no
28061,no,yes,no
28062,no,yes,no
28063,unknown,yes,no
28064,no,yes,no
28065,unknown,yes,no
28066,no,unknown,unknown
28067,no,yes,no
28068,no,yes,no
28069,no,yes,no
28070,no,no,yes
28071,no,no,no
28072,no,yes,no
28073,no,no,no
28074,no,yes,no
28075,no,yes,no
28076,no,yes,yes
28077,no,yes,no
28078,no,no,no
28079,no,no,no
28080,no,no,yes
28081,no,no,no
28082,no,yes,no
28083,no,yes,yes
28084,no,yes,yes
28085,no,no,no
28086,no,yes,no
28087,no,yes,no
28088,unknown,no,no
28089,unknown,yes,no
28090,no,yes,no
28091,no,yes,no
28092,no,no,no
28093,no,no,no
28094,no,yes,no
28095,unknown,yes,no
28096,no,unknown,unknown
28097,no,yes,no
28098,no,no,no
28099,no,no,no
28100,unknown,no,no
28101,no,no,no
28102,no,no,no
28103,no,no,yes
28104,no,yes,no
28105,no,no,no
28106,no,yes,no
28107,no,yes,yes
28108,no,yes,no
28109,no,no,no
28110,no,yes,no
28111,no,yes,no
28112,no,no,yes
28113,no,no,yes
28114,unknown,yes,no
28115,no,no,no
28116,no,no,no
28117,no,yes,no
28118,no,yes,no
28119,no,yes,no
28120,no,yes,yes
28121,unknown,yes,yes
28122,no,yes,no
28123,no,no,yes
28124,unknown,no,no
28125,no,yes,no
28126,no,yes,no
28127,no,yes,no
28128,no,no,yes
28129,no,no,no
28130,no,yes,no
28131,no,yes,no
28132,no,no,yes
28133,unknown,yes,no
28134,no,no,no
28135,no,yes,no
28136,no,yes,no
28137,no,yes,no
28138,no,yes,no
28139,no,yes,no
28140,no,yes,no
28141,no,no,no
28142,no,no,no
28143,no,yes,no
28144,unknown,no,no
28145,no,no,yes
28146,no,no,no
28147,no,yes,no
28148,no,yes,no
28149,unknown,no,no
28150,no,yes,no
28151,no,no,no
28152,no,no,no
28153,no,no,no
28154,no,yes,no
28155,no,no,no
28156,no,no,no
28157,no,yes,no
28158,no,yes,no
28159,no,yes,no
28160,no,yes,no
28161,no,no,no
28162,no,no,no
28163,no,unknown,unknown
28164,no,yes,no
28165,no,no,no
28166,no,no,no
28167,no,yes,yes
28168,unknown,yes,no
28169,no,yes,no
28170,no,yes,no
28171,no,no,no
28172,no,no,no
28173,unknown,no,no
28174,no,no,yes
28175,unknown,yes,no
28176,no,no,yes
28177,no,no,no
28178,no,no,no
28179,no,no,no
28180,no,yes,no
28181,no,yes,no
28182,no,yes,no
28183,unknown,no,no
28184,unknown,yes,yes
28185,no,no,no
28186,no,no,no
28187,no,no,no
28188,no,no,no
28189,no,no,no
28190,no,yes,no
28191,no,no,no
28192,no,yes,yes
28193,no,no,no
28194,no,no,yes
28195,no,no,no
28196,no,no,no
28197,no,no,no
28198,unknown,no,no
28199,no,yes,no
28200,no,no,yes
28201,no,yes,no
28202,no,no,no
28203,unknown,no,no
28204,no,no,no
28205,no,yes,yes
28206,unknown,no,no
28207,no,no,no
28208,no,no,no
28209,no,yes,no
28210,unknown,yes,no
28211,no,no,no
28212,no,yes,no
28213,no,yes,no
28214,no,yes,no
28215,no,yes,no
28216,no,yes,no
28217,no,no,no
28218,no,yes,no
28219,no,yes,no
28220,no,no,no
28221,no,unknown,unknown
28222,no,no,no
28223,unknown,yes,no
28224,no,no,no
28225,no,yes,yes
28226,no,no,no
28227,no,no,no
28228,unknown,no,no
28229,no,yes,no
28230,unknown,yes,no
28231,no,no,no
28232,no,no,no
28233,no,yes,yes
28234,no,no,no
28235,no,yes,yes
28236,no,yes,no
28237,no,no,no
28238,no,no,yes
28239,no,no,no
28240,no,no,no
28241,no,yes,no
28242,no,no,no
28243,no,no,no
28244,no,yes,no
28245,no,no,no
28246,no,no,no
28247,no,yes,yes
28248,no,no,no
28249,no,no,no
28250,no,no,no
28251,no,no,no
28252,no,yes,yes
28253,no,no,no
28254,no,no,no
28255,no,no,no
28256,no,yes,no
28257,no,yes,no
28258,no,yes,yes
28259,no,no,yes
28260,no,no,no
28261,no,yes,no
28262,no,yes,no
28263,no,yes,no
28264,no,yes,no
28265,no,yes,no
28266,unknown,yes,no
28267,no,yes,yes
28268,no,no,no
28269,no,yes,no
28270,no,yes,yes
28271,no,yes,no
28272,no,yes,no
28273,no,no,yes
28274,no,no,no
28275,no,yes,no
28276,no,no,no
28277,no,yes,no
28278,no,yes,no
28279,no,yes,no
28280,no,yes,no
28281,no,no,no
28282,unknown,no,no
28283,no,yes,no
28284,no,yes,no
28285,no,yes,no
28286,no,no,yes
28287,no,yes,no
28288,no,yes,yes
28289,unknown,no,yes
28290,no,no,no
28291,unknown,yes,no
28292,unknown,no,no
28293,no,no,yes
28294,no,yes,no
28295,no,no,yes
28296,no,yes,no
28297,no,no,no
28298,no,yes,no
28299,no,yes,no
28300,no,unknown,unknown
28301,unknown,yes,yes
28302,no,no,no
28303,no,no,no
28304,no,yes,no
28305,no,yes,yes
28306,no,yes,yes
28307,no,yes,no
28308,no,no,yes
28309,no,yes,no
28310,no,unknown,unknown
28311,no,no,yes
28312,no,no,yes
28313,no,no,no
28314,no,no,no
28315,no,yes,no
28316,no,yes,no
28317,no,no,no
28318,no,yes,no
28319,no,no,no
28320,no,yes,no
28321,no,yes,no
28322,no,yes,no
28323,no,yes,no
28324,no,yes,yes
28325,no,yes,no
28326,no,yes,no
28327,no,yes,no
28328,no,yes,no
28329,no,no,no
28330,no,no,no
28331,no,yes,no
28332,no,no,no
28333,no,no,no
28334,no,yes,no
28335,no,no,no
28336,unknown,yes,yes
28337,no,yes,yes
28338,no,unknown,unknown
28339,no,no,no
28340,no,yes,no
28341,no,yes,no
28342,no,yes,no
28343,no,yes,no
28344,no,no,yes
28345,unknown,yes,no
28346,no,yes,no
28347,no,yes,no
28348,unknown,yes,no
28349,no,no,yes
28350,unknown,yes,yes
28351,no,yes,no
28352,no,yes,no
28353,no,no,no
28354,no,no,no
28355,no,no,no
28356,no,yes,no
28357,unknown,yes,no
28358,no,yes,no
28359,no,yes,no
28360,no,yes,no
28361,no,yes,no
28362,no,yes,no
28363,unknown,yes,no
28364,no,yes,no
28365,no,yes,no
28366,unknown,yes,yes
28367,no,no,no
28368,no,yes,yes
28369,no,yes,no
28370,no,no,no
28371,no,yes,no
28372,no,unknown,unknown
28373,no,no,no
28374,no,yes,no
28375,unknown,yes,no
28376,no,yes,no
28377,no,yes,no
28378,no,yes,no
28379,no,no,no
28380,no,no,no
28381,no,yes,no
28382,no,no,no
28383,no,yes,no
28384,no,no,no
28385,no,yes,no
28386,no,no,no
28387,unknown,yes,no
28388,no,unknown,unknown
28389,no,yes,no
28390,no,no,no
28391,no,yes,no
28392,no,yes,no
28393,unknown,no,yes
28394,no,yes,no
28395,unknown,no,no
28396,unknown,yes,yes
28397,unknown,yes,yes
28398,no,yes,no
28399,no,yes,no
28400,no,no,yes
28401,no,yes,no
28402,no,yes,no
28403,no,no,no
28404,no,yes,no
28405,no,yes,no
28406,no,no,no
28407,no,yes,no
28408,no,no,no
28409,no,no,no
28410,no,yes,no
28411,no,yes,no
28412,no,yes,no
28413,no,yes,no
28414,no,yes,no
28415,no,yes,no
28416,no,no,no
28417,unknown,yes,yes
28418,no,yes,no
28419,no,no,no
28420,no,yes,no
28421,no,yes,no
28422,no,yes,no
28423,unknown,no,no
28424,no,yes,no
28425,no,yes,no
28426,no,unknown,unknown
28427,no,no,no
28428,no,yes,no
28429,no,yes,no
28430,no,yes,no
28431,no,no,no
28432,no,yes,yes
28433,no,no,no
28434,unknown,yes,no
28435,no,yes,no
28436,unknown,yes,yes
28437,unknown,no,no
28438,no,yes,no
28439,no,yes,no
28440,no,no,no
28441,no,yes,no
28442,no,yes,no
28443,no,yes,no
28444,no,yes,yes
28445,unknown,no,no
28446,no,no,no
28447,no,no,no
28448,no,no,no
28449,no,yes,no
28450,no,yes,no
28451,no,no,no
28452,no,yes,no
28453,no,yes,no
28454,no,no,no
28455,unknown,yes,no
28456,no,no,no
28457,no,no,yes
28458,unknown,yes,no
28459,no,yes,no
28460,no,no,no
28461,no,yes,no
28462,no,yes,no
28463,no,yes,no
28464,no,yes,yes
28465,no,no,no
28466,no,yes,no
28467,no,yes,no
28468,no,no,no
28469,no,yes,no
28470,no,no,no
28471,no,yes,no
28472,no,yes,no
28473,no,yes,no
28474,no,yes,yes
28475,no,yes,no
28476,no,yes,no
28477,no,yes,no
28478,no,yes,no
28479,no,no,no
28480,no,yes,no
28481,no,no,no
28482,no,yes,no
28483,no,no,no
28484,no,yes,no
28485,no,no,yes
28486,no,no,no
28487,no,no,no
28488,no,yes,no
28489,no,yes,no
28490,no,yes,no
28491,no,yes,no
28492,no,no,no
28493,no,no,no
28494,no,yes,yes
28495,no,yes,no
28496,no,yes,no
28497,unknown,yes,no
28498,unknown,no,no
28499,no,no,no
28500,no,yes,no
28501,unknown,yes,no
28502,no,no,no
28503,no,yes,yes
28504,no,yes,yes
28505,no,no,no
28506,no,no,no
28507,no,no,no
28508,no,yes,no
28509,no,no,no
28510,no,no,no
28511,no,no,no
28512,no,yes,no
28513,unknown,yes,yes
28514,no,yes,no
28515,no,unknown,unknown
28516,no,yes,yes
28517,no,no,no
28518,unknown,yes,no
28519,no,yes,yes
28520,no,yes,no
28521,no,yes,no
28522,no,yes,no
28523,no,no,yes
28524,no,yes,no
28525,no,yes,no
28526,no,yes,no
28527,no,yes,yes
28528,unknown,yes,no
28529,no,yes,no
28530,no,yes,yes
28531,no,yes,no
28532,no,no,no
28533,no,yes,no
28534,no,yes,no
28535,no,yes,no
28536,no,yes,no
28537,no,yes,no
28538,no,no,no
28539,no,yes,no
28540,no,yes,no
28541,no,no,no
28542,unknown,yes,no
28543,unknown,no,yes
28544,no,no,no
28545,no,yes,yes
28546,no,yes,no
28547,no,yes,no
28548,no,no,yes
28549,no,yes,no
28550,no,yes,no
28551,no,no,no
28552,no,yes,no
28553,no,yes,no
28554,no,yes,no
28555,no,yes,yes
28556,no,yes,no
28557,no,no,no
28558,no,no,no
28559,no,no,no
28560,no,yes,no
28561,no,yes,no
28562,no,yes,no
28563,no,no,no
28564,no,no,no
28565,no,yes,no
28566,no,yes,yes
28567,no,yes,no
28568,no,yes,no
28569,no,yes,no
28570,no,no,no
28571,unknown,no,no
28572,no,no,no
28573,no,no,no
28574,no,yes,no
28575,no,no,no
28576,no,yes,no
28577,no,no,no
28578,no,yes,no
28579,no,no,no
28580,no,yes,no
28581,no,yes,no
28582,no,no,no
28583,no,yes,no
28584,no,yes,no
28585,no,yes,no
28586,no,yes,yes
28587,no,no,no
28588,no,yes,no
28589,no,no,no
28590,no,yes,no
28591,no,yes,no
28592,no,no,no
28593,no,no,no
28594,no,yes,no
28595,no,yes,no
28596,no,yes,no
28597,no,no,no
28598,no,yes,no
28599,no,yes,no
28600,no,no,no
28601,no,no,no
28602,no,no,no
28603,no,no,no
28604,no,no,no
28605,no,no,no
28606,no,yes,yes
28607,no,no,no
28608,no,yes,no
28609,no,yes,no
28610,no,no,no
28611,no,yes,no
28612,no,yes,no
28613,no,yes,no
28614,no,no,no
28615,no,no,yes
28616,no,no,no
28617,no,no,no
28618,no,no,no
28619,no,no,no
28620,no,yes,no
28621,no,yes,no
28622,unknown,no,no
28623,no,no,no
28624,no,yes,no
28625,no,yes,yes
28626,no,no,no
28627,no,no,no
28628,no,yes,no
28629,no,yes,no
28630,no,no,no
28631,no,no,no
28632,no,no,no
28633,unknown,yes,no
28634,no,yes,yes
28635,unknown,no,no
28636,no,no,no
28637,no,yes,no
28638,no,yes,yes
28639,unknown,yes,no
28640,no,yes,no
28641,unknown,yes,no
28642,no,no,no
28643,no,yes,no
28644,no,yes,no
28645,unknown,yes,no
28646,no,yes,no
28647,no,no,no
28648,no,no,no
28649,no,no,yes
28650,no,yes,no
28651,unknown,yes,yes
28652,no,no,no
28653,no,no,yes
28654,no,no,no
28655,no,no,no
28656,unknown,no,no
28657,no,yes,no
28658,no,yes,no
28659,no,yes,no
28660,no,yes,no
28661,no,yes,no
28662,no,no,no
28663,unknown,yes,no
28664,unknown,yes,no
28665,no,no,no
28666,no,yes,no
28667,no,yes,no
28668,no,no,no
28669,unknown,yes,no
28670,no,yes,no
28671,no,yes,yes
28672,no,yes,no
28673,unknown,yes,no
28674,no,yes,no
28675,no,no,no
28676,no,no,no
28677,no,no,no
28678,unknown,yes,no
28679,no,yes,no
28680,no,yes,no
28681,unknown,yes,no
28682,unknown,yes,no
28683,no,yes,no
28684,no,no,no
28685,no,yes,no
28686,no,yes,no
28687,no,yes,no
28688,unknown,yes,no
28689,no,unknown,unknown
28690,no,yes,no
28691,no,no,no
28692,no,yes,no
28693,no,no,no
28694,no,yes,no
28695,no,no,yes
28696,no,yes,no
28697,no,no,yes
28698,no,yes,no
28699,no,no,no
28700,unknown,no,no
28701,unknown,no,yes
28702,no,yes,no
28703,no,yes,no
28704,no,no,no
28705,no,yes,no
28706,no,yes,no
28707,unknown,yes,no
28708,no,yes,no
28709,unknown,yes,no
28710,unknown,no,no
28711,no,yes,no
28712,no,yes,no
28713,no,no,no
28714,no,yes,no
28715,no,no,no
28716,no,no,no
28717,no,yes,yes
28718,no,yes,yes
28719,unknown,no,no
28720,unknown,no,no
28721,no,unknown,unknown
28722,no,yes,yes
28723,no,yes,no
28724,no,yes,no
28725,no,no,no
28726,no,no,no
28727,no,no,no
28728,no,no,no
28729,no,no,no
28730,no,yes,no
28731,no,no,no
28732,unknown,yes,no
28733,no,yes,no
28734,no,yes,no
28735,no,yes,no
28736,no,yes,yes
28737,no,yes,no
28738,unknown,no,no
28739,no,yes,no
28740,no,yes,no
28741,no,yes,no
28742,no,yes,no
28743,no,yes,no
28744,no,no,no
28745,no,yes,no
28746,unknown,yes,no
28747,no,yes,no
28748,no,unknown,unknown
28749,no,yes,no
28750,unknown,no,no
28751,no,yes,no
28752,no,yes,no
28753,no,no,yes
28754,no,yes,no
28755,no,yes,no
28756,no,yes,no
28757,no,yes,no
28758,no,yes,no
28759,unknown,yes,no
28760,no,yes,no
28761,no,no,no
28762,unknown,yes,no
28763,unknown,no,yes
28764,no,yes,no
28765,no,yes,no
28766,no,no,no
28767,no,yes,no
28768,no,yes,no
28769,no,yes,no
28770,no,no,no
28771,no,yes,no
28772,no,yes,yes
28773,no,no,no
28774,no,yes,yes
28775,unknown,yes,no
28776,no,yes,no
28777,unknown,yes,no
28778,no,no,no
28779,unknown,yes,no
28780,no,no,no
28781,no,yes,yes
28782,no,yes,yes
28783,no,no,no
28784,no,yes,no
28785,unknown,no,no
28786,no,no,no
28787,no,no,no
28788,unknown,yes,no
28789,no,yes,yes
28790,no,no,no
28791,no,yes,yes
28792,no,no,no
28793,no,yes,no
28794,no,yes,no
28795,no,yes,no
28796,no,no,no
28797,no,no,no
28798,no,yes,no
28799,unknown,yes,no
28800,no,yes,no
28801,no,yes,no
28802,no,yes,no
28803,no,yes,no
28804,no,no,no
28805,no,yes,no
28806,no,yes,no
28807,no,yes,no
28808,unknown,yes,no
28809,no,unknown,unknown
28810,no,yes,no
28811,no,yes,yes
28812,no,no,yes
28813,unknown,yes,yes
28814,no,no,no
28815,no,yes,no
28816,no,no,yes
28817,no,yes,no
28818,no,yes,no
28819,no,no,no
28820,unknown,no,no
28821,no,no,no
28822,no,no,yes
28823,no,yes,no
28824,no,no,no
28825,no,no,no
28826,no,no,no
28827,unknown,yes,no
28828,no,yes,yes
28829,no,no,yes
28830,no,yes,yes
28831,no,no,no
28832,no,yes,no
28833,no,yes,no
28834,no,yes,no
28835,no,yes,no
28836,no,yes,no
28837,no,yes,no
28838,unknown,yes,no
28839,no,yes,no
28840,no,yes,no
28841,no,no,no
28842,no,no,no
28843,no,yes,no
28844,no,yes,no
28845,unknown,no,no
28846,no,no,no
28847,no,yes,no
28848,unknown,no,no
28849,unknown,yes,no
28850,no,yes,no
28851,no,yes,no
28852,no,no,no
28853,no,yes,no
28854,no,yes,no
28855,unknown,no,no
28856,no,no,no
28857,no,yes,no
28858,unknown,no,no
28859,no,yes,no
28860,no,no,no
28861,no,yes,no
28862,no,yes,yes
28863,no,no,no
28864,no,yes,no
28865,no,no,no
28866,no,no,no
28867,no,yes,yes
28868,no,yes,no
28869,unknown,no,no
28870,no,yes,yes
28871,no,yes,no
28872,unknown,no,yes
28873,no,no,no
28874,no,no,yes
28875,unknown,yes,no
28876,no,no,no
28877,no,no,yes
28878,no,yes,no
28879,unknown,yes,no
28880,unknown,yes,no
28881,no,yes,no
28882,unknown,no,no
28883,no,no,yes
28884,unknown,yes,no
28885,unknown,yes,no
28886,no,no,no
28887,unknown,yes,no
28888,no,no,no
28889,no,yes,no
28890,no,yes,no
28891,no,no,no
28892,unknown,yes,no
28893,unknown,no,no
28894,unknown,no,no
28895,no,no,yes
28896,no,no,no
28897,no,no,no
28898,unknown,no,no
28899,no,no,no
28900,unknown,yes,no
28901,no,yes,no
28902,no,no,no
28903,no,yes,no
28904,no,yes,no
28905,no,no,no
28906,no,no,no
28907,no,yes,no
28908,no,yes,yes
28909,no,yes,no
28910,no,yes,yes
28911,no,no,no
28912,no,yes,no
28913,unknown,yes,no
28914,no,yes,no
28915,unknown,yes,no
28916,no,no,no
28917,no,no,no
28918,unknown,no,no
28919,unknown,no,no
28920,no,yes,no
28921,unknown,no,no
28922,unknown,yes,yes
28923,no,yes,no
28924,unknown,yes,no
28925,no,no,no
28926,no,yes,yes
28927,no,no,no
28928,no,yes,no
28929,no,yes,no
28930,no,yes,no
28931,unknown,no,no
28932,no,yes,no
28933,no,yes,no
28934,no,yes,yes
28935,unknown,yes,no
28936,no,no,no
28937,no,yes,no
28938,no,yes,no
28939,no,yes,no
28940,no,no,no
28941,no,no,yes
28942,no,yes,no
28943,no,no,no
28944,no,yes,no
28945,no,yes,no
28946,no,no,no
28947,no,yes,no
28948,no,yes,no
28949,unknown,yes,no
28950,no,no,no
28951,no,no,no
28952,no,no,no
28953,no,no,no
28954,no,yes,no
28955,no,yes,no
28956,no,yes,no
28957,no,no,no
28958,unknown,yes,no
28959,unknown,yes,no
28960,no,yes,no
28961,no,yes,no
28962,no,yes,no
28963,no,yes,no
28964,unknown,yes,no
28965,no,yes,no
28966,no,yes,no
28967,no,yes,no
28968,no,yes,no
28969,no,no,no
28970,unknown,no,yes
28971,no,no,no
28972,no,yes,no
28973,no,no,no
28974,no,yes,no
28975,no,no,no
28976,no,yes,no
28977,no,no,no
28978,no,yes,no
28979,no,yes,no
28980,no,yes,no
28981,no,no,no
28982,no,yes,no
28983,no,yes,no
28984,no,yes,no
28985,no,yes,yes
28986,unknown,yes,no
28987,no,yes,no
28988,unknown,yes,no
28989,no,no,no
28990,unknown,yes,no
28991,no,no,no
28992,no,yes,yes
28993,no,yes,no
28994,unknown,no,yes
28995,unknown,yes,no
28996,no,yes,no
28997,unknown,no,no
28998,no,yes,no
28999,unknown,yes,no
29000,no,no,no
29001,no,yes,no
29002,unknown,no,yes
29003,unknown,no,no
29004,no,yes,no
29005,no,yes,no
29006,no,no,no
29007,no,yes,no
29008,unknown,no,yes
29009,no,no,no
29010,no,yes,no
29011,unknown,yes,yes
29012,no,no,yes
29013,no,no,no
29014,no,no,no
29015,unknown,no,no
29016,no,yes,yes
29017,unknown,yes,no
29018,no,yes,no
29019,unknown,no,no
29020,no,yes,no
29021,unknown,no,no
29022,no,no,no
29023,no,yes,yes
29024,no,yes,no
29025,no,yes,no
29026,no,no,no
29027,no,yes,yes
29028,no,yes,no
29029,no,yes,no
29030,no,yes,no
29031,unknown,yes,yes
29032,no,yes,no
29033,no,yes,no
29034,no,yes,no
29035,no,yes,no
29036,no,no,no
29037,no,no,no
29038,unknown,unknown,unknown
29039,unknown,yes,no
29040,no,yes,yes
29041,unknown,no,no
29042,no,no,no
29043,no,no,no
29044,no,no,no
29045,no,yes,no
29046,unknown,no,no
29047,no,unknown,unknown
29048,unknown,yes,no
29049,no,unknown,unknown
29050,no,no,yes
29051,no,yes,no
29052,unknown,yes,no
29053,no,yes,no
29054,no,no,yes
29055,no,no,no
29056,unknown,yes,no
29057,no,no,no
29058,no,no,no
29059,no,yes,no
29060,unknown,unknown,unknown
29061,no,yes,yes
29062,no,no,no
29063,no,no,no
29064,no,no,no
29065,no,no,no
29066,no,no,no
29067,no,yes,no
29068,no,yes,no
29069,no,yes,no
29070,no,no,no
29071,no,no,no
29072,no,yes,no
29073,no,no,no
29074,no,yes,no
29075,no,no,no
29076,unknown,no,no
29077,no,yes,no
29078,unknown,no,no
29079,no,no,no
29080,no,yes,no
29081,no,yes,no
29082,no,yes,no
29083,no,yes,no
29084,no,yes,no
29085,no,no,no
29086,no,no,yes
29087,no,yes,no
29088,no,yes,no
29089,no,yes,no
29090,no,yes,no
29091,no,no,no
29092,no,no,yes
29093,unknown,no,no
29094,no,no,no
29095,unknown,no,yes
29096,no,yes,yes
29097,unknown,yes,no
29098,unknown,no,no
29099,no,no,no
29100,no,no,yes
29101,no,no,no
29102,unknown,yes,no
29103,no,no,yes
29104,no,yes,no
29105,no,no,no
29106,unknown,yes,no
29107,no,no,yes
29108,no,yes,no
29109,unknown,yes,no
29110,no,yes,yes
29111,no,yes,no
29112,no,yes,no
29113,no,no,no
29114,no,no,yes
29115,no,no,yes
29116,unknown,no,no
29117,no,no,yes
29118,no,yes,no
29119,no,no,no
29120,no,no,no
29121,unknown,yes,no
29122,unknown,no,no
29123,no,yes,yes
29124,no,no,no
29125,no,yes,yes
29126,no,yes,no
29127,no,no,no
29128,unknown,yes,no
29129,no,no,no
29130,no,yes,no
29131,no,no,no
29132,no,no,no
29133,no,yes,no
29134,no,yes,no
29135,no,unknown,unknown
29136,no,yes,no
29137,no,yes,yes
29138,no,no,no
29139,no,no,no
29140,no,no,no
29141,no,yes,no
29142,no,yes,no
29143,no,yes,no
29144,no,no,no
29145,no,yes,no
29146,no,yes,no
29147,no,yes,yes
29148,no,yes,no
29149,no,yes,no
29150,no,yes,yes
29151,no,yes,no
29152,no,no,no
29153,no,no,yes
29154,no,yes,no
29155,no,yes,no
29156,no,no,no
29157,no,yes,no
29158,no,yes,yes
29159,no,yes,no
29160,no,yes,no
29161,no,yes,no
29162,unknown,yes,no
29163,no,no,no
29164,no,yes,yes
29165,no,yes,no
29166,unknown,no,no
29167,no,no,no
29168,no,no,no
29169,no,yes,yes
29170,no,yes,yes
29171,no,no,no
29172,no,no,no
29173,no,yes,no
29174,no,no,no
29175,unknown,no,no
29176,unknown,yes,no
29177,no,unknown,unknown
29178,no,yes,no
29179,no,yes,no
29180,no,unknown,unknown
29181,no,yes,yes
29182,no,yes,no
29183,no,yes,no
29184,no,yes,no
29185,no,no,yes
29186,no,yes,yes
29187,no,no,no
29188,no,yes,no
29189,unknown,no,no
29190,no,no,no
29191,no,no,no
29192,no,no,no
29193,no,no,no
29194,no,no,no
29195,no,yes,no
29196,no,no,no
29197,no,no,no
29198,no,no,no
29199,no,yes,no
29200,unknown,no,no
29201,no,no,no
29202,unknown,no,no
29203,no,yes,no
29204,no,yes,no
29205,no,yes,no
29206,no,yes,yes
29207,unknown,yes,no
29208,unknown,yes,yes
29209,no,no,no
29210,no,no,no
29211,no,yes,no
29212,no,no,no
29213,no,yes,no
29214,no,no,yes
29215,no,no,no
29216,no,no,no
29217,no,no,no
29218,no,yes,no
29219,no,no,no
29220,no,no,no
29221,unknown,no,no
29222,no,no,no
29223,no,unknown,unknown
29224,no,yes,no
29225,unknown,yes,no
29226,no,yes,no
29227,unknown,yes,yes
29228,no,no,no
29229,no,no,no
29230,no,no,no
29231,no,no,no
29232,no,yes,no
29233,no,no,no
29234,no,no,no
29235,no,no,yes
29236,no,yes,no
29237,unknown,yes,no
29238,no,no,yes
29239,no,no,no
29240,no,yes,no
29241,no,yes,no
29242,no,no,no
29243,no,yes,no
29244,no,yes,no
29245,no,yes,no
29246,no,no,no
29247,no,no,no
29248,no,yes,no
29249,no,yes,no
29250,no,no,no
29251,no,no,no
29252,unknown,yes,no
29253,no,yes,no
29254,no,no,yes
29255,unknown,no,no
29256,no,yes,no
29257,no,yes,no
29258,no,yes,no
29259,no,no,yes
29260,unknown,no,no
29261,no,no,no
29262,unknown,no,no
29263,no,no,no
29264,no,no,no
29265,no,no,no
29266,no,yes,no
29267,no,yes,no
29268,no,no,no
29269,no,yes,no
29270,no,yes,no
29271,no,yes,no
29272,no,yes,no
29273,no,no,no
29274,unknown,no,no
29275,unknown,no,no
29276,unknown,no,yes
29277,no,no,no
29278,unknown,no,no
29279,no,no,no
29280,no,no,no
29281,no,yes,no
29282,no,no,no
29283,no,yes,no
29284,no,yes,no
29285,no,yes,no
29286,no,no,no
29287,unknown,unknown,unknown
29288,no,unknown,unknown
29289,unknown,yes,no
29290,no,no,no
29291,no,no,no
29292,unknown,yes,no
29293,no,no,no
29294,no,no,no
29295,no,no,yes
29296,no,yes,yes
29297,no,yes,yes
29298,no,yes,yes
29299,no,no,yes
29300,no,yes,no
29301,no,yes,no
29302,no,yes,no
29303,no,no,yes
29304,no,no,yes
29305,no,yes,no
29306,no,no,yes
29307,no,no,no
29308,no,no,yes
29309,no,unknown,unknown
29310,no,no,no
29311,no,no,yes
29312,no,yes,no
29313,no,no,yes
29314,unknown,yes,no
29315,no,yes,no
29316,unknown,no,yes
29317,no,no,no
29318,no,no,yes
29319,no,no,no
29320,no,yes,no
29321,no,unknown,unknown
29322,no,yes,no
29323,no,yes,no
29324,no,yes,no
29325,unknown,yes,no
29326,unknown,no,no
29327,no,no,no
29328,no,yes,no
29329,unknown,yes,no
29330,no,yes,no
29331,no,yes,no
29332,no,no,no
29333,no,yes,yes
29334,no,no,no
29335,no,yes,no
29336,no,no,no
29337,no,no,no
29338,no,no,no
29339,no,no,no
29340,no,no,no
29341,no,no,no
29342,no,yes,no
29343,unknown,no,no
29344,no,yes,no
29345,unknown,no,no
29346,no,no,no
29347,no,yes,yes
29348,no,yes,no
29349,no,no,no
29350,no,yes,no
29351,no,yes,yes
29352,no,no,no
29353,no,yes,no
29354,no,yes,no
29355,no,yes,no
29356,unknown,yes,no
29357,no,yes,no
29358,no,yes,no
29359,no,no,yes
29360,no,no,no
29361,no,no,yes
29362,no,no,no
29363,unknown,yes,no
29364,no,no,no
29365,no,no,no
29366,no,no,yes
29367,no,yes,no
29368,no,no,yes
29369,no,no,no
29370,no,no,no
29371,no,no,yes
29372,unknown,yes,no
29373,unknown,yes,no
29374,no,no,no
29375,no,yes,no
29376,no,no,no
29377,no,yes,no
29378,no,no,no
29379,no,no,no
29380,no,no,no
29381,no,no,no
29382,no,yes,yes
29383,no,no,no
29384,no,yes,no
29385,no,no,no
29386,no,yes,yes
29387,no,no,no
29388,no,no,yes
29389,unknown,yes,no
29390,no,yes,no
29391,no,yes,no
29392,no,yes,no
29393,no,no,no
29394,no,yes,no
29395,no,yes,no
29396,no,yes,yes
29397,no,no,no
29398,no,no,no
29399,unknown,yes,no
29400,no,yes,yes
29401,unknown,yes,no
29402,no,yes,yes
29403,unknown,yes,no
29404,no,yes,yes
29405,no,no,no
29406,no,no,yes
29407,unknown,yes,no
29408,no,yes,no
29409,no,no,no
29410,unknown,no,no
29411,unknown,no,no
29412,no,no,no
29413,no,yes,no
29414,no,yes,no
29415,unknown,no,no
29416,no,no,yes
29417,no,no,no
29418,no,yes,no
29419,no,yes,no
29420,unknown,yes,no
29421,no,no,no
29422,no,yes,no
29423,no,yes,yes
29424,no,no,no
29425,no,yes,yes
29426,unknown,yes,no
29427,no,yes,no
29428,no,yes,no
29429,no,no,no
29430,no,no,no
29431,no,yes,yes
29432,no,yes,yes
29433,no,no,no
29434,no,yes,no
29435,no,yes,no
29436,no,no,no
29437,no,yes,no
29438,no,yes,no
29439,no,no,no
29440,unknown,yes,no
29441,no,yes,no
29442,no,yes,no
29443,unknown,yes,yes
29444,no,yes,no
29445,no,yes,no
29446,no,yes,no
29447,no,no,no
29448,no,no,no
29449,no,yes,yes
29450,no,yes,no
29451,no,no,no
29452,no,yes,no
29453,no,yes,no
29454,no,no,no
29455,no,no,no
29456,unknown,yes,no
29457,unknown,yes,yes
29458,no,no,no
29459,no,no,no
29460,unknown,no,no
29461,no,no,no
29462,unknown,no,no
29463,no,unknown,unknown
29464,no,unknown,unknown
29465,no,no,no
29466,no,no,no
29467,unknown,no,no
29468,unknown,no,no
29469,unknown,no,no
29470,no,yes,no
29471,no,yes,yes
29472,no,yes,no
29473,unknown,yes,no
29474,no,yes,no
29475,no,no,yes
29476,no,yes,yes
29477,unknown,no,no
29478,no,no,no
29479,unknown,yes,no
29480,no,no,no
29481,no,no,no
29482,no,yes,no
29483,no,yes,yes
29484,no,yes,no
29485,no,no,no
29486,no,yes,no
29487,no,yes,no
29488,no,yes,no
29489,no,yes,no
29490,no,yes,no
29491,no,yes,yes
29492,no,yes,no
29493,no,yes,no
29494,no,yes,no
29495,no,yes,no
29496,no,yes,no
29497,no,yes,yes
29498,no,yes,no
29499,no,yes,no
29500,no,yes,no
29501,no,yes,no
29502,unknown,no,no
29503,no,no,no
29504,no,yes,no
29505,unknown,yes,no
29506,unknown,yes,no
29507,no,yes,no
29508,unknown,yes,no
29509,no,no,no
29510,no,yes,no
29511,no,yes,no
29512,no,yes,no
29513,unknown,no,no
29514,no,no,no
29515,no,yes,no
29516,no,yes,no
29517,no,no,no
29518,no,yes,no
29519,no,yes,yes
29520,unknown,no,no
29521,no,yes,no
29522,no,yes,no
29523,no,yes,no
29524,no,yes,no
29525,unknown,yes,no
29526,no,no,yes
29527,unknown,no,yes
29528,no,no,no
29529,no,yes,no
29530,unknown,yes,no
29531,no,no,yes
29532,no,yes,no
29533,no,no,no
29534,no,yes,no
29535,no,no,no
29536,unknown,no,no
29537,no,no,no
29538,no,no,no
29539,unknown,no,yes
29540,no,yes,yes
29541,no,yes,no
29542,no,yes,yes
29543,no,yes,yes
29544,no,no,no
29545,no,no,no
29546,no,yes,yes
29547,no,yes,no
29548,no,yes,no
29549,no,yes,no
29550,no,no,no
29551,no,yes,yes
29552,unknown,yes,no
29553,no,no,no
29554,no,yes,yes
29555,no,yes,yes
29556,no,yes,no
29557,no,yes,yes
29558,no,yes,yes
29559,no,no,no
29560,no,no,no
29561,no,yes,no
29562,no,no,no
29563,no,yes,yes
29564,no,yes,no
29565,no,yes,no
29566,unknown,yes,no
29567,no,yes,no
29568,no,yes,no
29569,no,yes,no
29570,no,yes,yes
29571,no,yes,no
29572,no,yes,yes
29573,unknown,yes,no
29574,no,no,no
29575,no,no,yes
29576,no,yes,no
29577,unknown,yes,yes
29578,unknown,no,no
29579,no,yes,no
29580,unknown,yes,no
29581,no,no,no
29582,no,no,no
29583,no,yes,no
29584,no,unknown,unknown
29585,no,unknown,unknown
29586,unknown,no,no
29587,no,no,no
29588,no,yes,yes
29589,no,no,no
29590,unknown,no,no
29591,no,yes,no
29592,unknown,no,no
29593,no,no,yes
29594,no,no,no
29595,no,no,no
29596,no,no,no
29597,no,yes,no
29598,no,yes,no
29599,no,no,no
29600,no,no,yes
29601,no,yes,no
29602,no,no,no
29603,unknown,no,yes
29604,no,no,no
29605,no,no,no
29606,no,no,no
29607,no,no,no
29608,no,no,yes
29609,no,no,no
29610,no,unknown,unknown
29611,no,no,no
29612,no,no,yes
29613,unknown,yes,no
29614,no,no,no
29615,no,no,no
29616,no,yes,no
29617,no,no,no
29618,no,yes,no
29619,no,unknown,unknown
29620,no,no,no
29621,no,no,no
29622,unknown,yes,no
29623,no,yes,yes
29624,unknown,yes,no
29625,unknown,unknown,unknown
29626,no,yes,yes
29627,no,yes,no
29628,no,yes,no
29629,no,yes,no
29630,no,yes,no
29631,no,yes,no
29632,no,yes,no
29633,no,yes,yes
29634,no,yes,no
29635,no,no,no
29636,no,yes,no
29637,no,no,no
29638,no,no,no
29639,no,yes,no
29640,no,no,no
29641,no,yes,no
29642,unknown,no,no
29643,no,yes,no
29644,unknown,yes,no
29645,no,yes,no
29646,unknown,yes,no
29647,no,yes,no
29648,no,no,no
29649,no,yes,no
29650,no,yes,yes
29651,unknown,yes,no
29652,no,yes,no
29653,no,yes,yes
29654,no,unknown,unknown
29655,no,yes,no
29656,no,yes,no
29657,no,yes,no
29658,unknown,yes,no
29659,no,no,no
29660,no,yes,no
29661,no,no,no
29662,unknown,no,no
29663,no,yes,no
29664,no,yes,no
29665,no,yes,no
29666,unknown,no,yes
29667,no,unknown,unknown
29668,unknown,no,no
29669,no,no,no
29670,no,yes,yes
29671,no,no,no
29672,no,yes,no
29673,no,yes,no
29674,no,no,no
29675,no,no,no
29676,no,no,no
29677,no,yes,no
29678,no,yes,no
29679,unknown,yes,no
29680,unknown,yes,no
29681,no,yes,no
29682,no,yes,yes
29683,no,no,no
29684,no,no,no
29685,unknown,yes,no
29686,no,yes,no
29687,no,no,no
29688,unknown,no,no
29689,no,yes,no
29690,no,yes,no
29691,no,yes,no
29692,no,no,no
29693,no,yes,no
29694,no,no,no
29695,no,yes,no
29696,no,yes,no
29697,no,yes,no
29698,unknown,yes,no
29699,no,no,no
29700,unknown,unknown,unknown
29701,no,yes,no
29702,no,unknown,unknown
29703,no,yes,no
29704,no,no,no
29705,no,yes,no
29706,no,yes,no
29707,unknown,yes,no
29708,no,yes,no
29709,no,yes,no
29710,no,yes,no
29711,no,yes,no
29712,no,no,no
29713,no,yes,yes
29714,no,no,no
29715,no,yes,no
29716,no,yes,no
29717,no,yes,no
29718,unknown,yes,no
29719,unknown,yes,no
29720,no,yes,no
29721,no,yes,no
29722,no,yes,no
29723,unknown,yes,no
29724,unknown,yes,no
29725,no,yes,no
29726,no,yes,no
29727,no,yes,no
29728,no,yes,no
29729,no,yes,no
29730,unknown,yes,yes
29731,no,yes,no
29732,unknown,yes,no
29733,no,no,no
29734,no,no,no
29735,no,yes,no
29736,no,yes,no
29737,unknown,yes,no
29738,no,yes,no
29739,no,no,no
29740,no,no,no
29741,unknown,unknown,unknown
29742,no,unknown,unknown
29743,no,unknown,unknown
29744,no,no,no
29745,no,no,no
29746,unknown,yes,yes
29747,no,no,no
29748,no,no,no
29749,no,no,yes
29750,no,yes,no
29751,no,no,no
29752,no,yes,yes
29753,no,yes,no
29754,no,yes,no
29755,no,no,no
29756,no,yes,no
29757,no,no,no
29758,no,yes,no
29759,no,no,no
29760,no,yes,no
29761,no,no,yes
29762,no,yes,no
29763,unknown,yes,no
29764,no,yes,yes
29765,no,yes,no
29766,no,no,no
29767,no,yes,no
29768,no,yes,no
29769,no,yes,no
29770,no,no,no
29771,no,yes,no
29772,no,no,no
29773,no,no,no
29774,no,no,no
29775,no,unknown,unknown
29776,no,unknown,unknown
29777,no,yes,no
29778,no,yes,no
29779,no,yes,yes
29780,no,yes,yes
29781,unknown,no,no
29782,no,no,no
29783,no,no,no
29784,unknown,yes,yes
29785,no,no,no
29786,unknown,yes,no
29787,no,yes,no
29788,no,yes,yes
29789,no,yes,yes
29790,no,no,no
29791,no,no,no
29792,no,no,no
29793,no,no,no
29794,unknown,no,yes
29795,no,no,yes
29796,no,no,no
29797,no,yes,yes
29798,no,yes,yes
29799,no,yes,yes
29800,no,yes,no
29801,no,yes,no
29802,unknown,yes,no
29803,no,yes,yes
29804,no,yes,no
29805,unknown,no,no
29806,no,no,no
29807,no,yes,no
29808,unknown,yes,no
29809,no,yes,no
29810,no,yes,no
29811,no,no,no
29812,no,yes,no
29813,no,yes,no
29814,no,no,yes
29815,no,yes,yes
29816,no,no,no
29817,unknown,no,yes
29818,no,yes,no
29819,unknown,yes,no
29820,no,no,no
29821,unknown,no,yes
29822,no,yes,no
29823,no,yes,yes
29824,no,no,yes
29825,no,yes,no
29826,no,yes,no
29827,no,yes,yes
29828,unknown,yes,yes
29829,no,yes,yes
29830,no,no,no
29831,no,yes,no
29832,unknown,yes,no
29833,unknown,no,no
29834,no,yes,no
29835,no,yes,no
29836,no,yes,no
29837,unknown,yes,no
29838,unknown,yes,no
29839,unknown,yes,no
29840,no,yes,no
29841,no,no,no
29842,unknown,no,no
29843,no,yes,no
29844,no,no,no
29845,no,no,yes
29846,unknown,no,no
29847,no,no,no
29848,no,no,no
29849,no,yes,no
29850,no,yes,no
29851,no,yes,no
29852,unknown,yes,no
29853,no,no,no
29854,no,yes,no
29855,no,no,no
29856,no,yes,no
29857,no,yes,no
29858,no,no,no
29859,no,yes,no
29860,no,no,no
29861,no,yes,no
29862,unknown,yes,no
29863,no,yes,no
29864,no,yes,no
29865,no,yes,no
29866,no,yes,yes
29867,no,yes,no
29868,unknown,yes,no
29869,no,no,no
29870,unknown,yes,no
29871,no,no,no
29872,no,yes,no
29873,no,yes,no
29874,unknown,yes,no
29875,no,yes,no
29876,no,yes,no
29877,no,no,no
29878,unknown,yes,no
29879,no,yes,no
29880,no,yes,no
29881,no,no,no
29882,unknown,yes,no
29883,no,no,no
29884,no,yes,no
29885,no,no,no
29886,no,no,no
29887,no,no,no
29888,unknown,no,no
29889,unknown,yes,no
29890,no,no,yes
29891,no,no,no
29892,unknown,no,no
29893,no,yes,no
29894,no,no,no
29895,no,no,no
29896,no,yes,no
29897,no,no,no
29898,unknown,yes,no
29899,no,yes,no
29900,unknown,no,no
29901,no,yes,no
29902,no,yes,no
29903,no,yes,no
29904,unknown,no,no
29905,no,yes,no
29906,no,no,no
29907,no,yes,no
29908,no,yes,no
29909,no,no,yes
29910,no,yes,no
29911,no,no,no
29912,no,no,no
29913,no,no,no
29914,no,no,no
29915,no,yes,no
29916,no,yes,no
29917,no,yes,no
29918,no,no,no
29919,no,yes,no
29920,no,no,no
29921,no,no,no
29922,no,no,no
29923,no,no,yes
29924,no,no,no
29925,no,no,no
29926,no,yes,yes
29927,unknown,yes,no
29928,no,no,no
29929,unknown,no,yes
29930,no,no,no
29931,no,no,no
29932,no,yes,no
29933,no,unknown,unknown
29934,no,no,no
29935,no,no,no
29936,unknown,yes,no
29937,no,yes,no
29938,unknown,yes,no
29939,unknown,yes,no
29940,no,yes,no
29941,unknown,yes,no
29942,no,yes,no
29943,no,yes,no
29944,no,unknown,unknown
29945,no,yes,yes
29946,no,no,no
29947,no,yes,no
29948,unknown,no,no
29949,unknown,no,no
29950,no,no,yes
29951,unknown,no,no
29952,no,yes,no
29953,no,yes,no
29954,no,yes,no
29955,no,yes,yes
29956,no,yes,yes
29957,no,yes,yes
29958,no,no,no
29959,no,no,yes
29960,no,yes,yes
29961,no,yes,no
29962,no,yes,no
29963,no,yes,no
29964,no,yes,no
29965,no,yes,no
29966,no,yes,no
29967,no,yes,no
29968,no,no,no
29969,no,yes,no
29970,no,yes,yes
29971,no,yes,no
29972,no,no,yes
29973,no,no,no
29974,no,no,no
29975,no,yes,yes
29976,no,yes,no
29977,no,yes,no
29978,no,yes,no
29979,no,yes,yes
29980,no,yes,no
29981,no,no,no
29982,no,no,no
29983,no,no,no
29984,no,no,no
29985,no,unknown,unknown
29986,no,yes,no
29987,no,unknown,unknown
29988,no,yes,no
29989,no,yes,no
29990,no,no,no
29991,no,yes,yes
29992,no,yes,no
29993,no,no,no
29994,no,no,no
29995,no,unknown,unknown
29996,no,yes,yes
29997,no,no,no
29998,no,no,no
29999,no,yes,no
30000,no,yes,no
30001,no,no,no
30002,no,yes,no
30003,no,yes,no
30004,no,yes,no
30005,no,yes,no
30006,no,yes,yes
30007,unknown,yes,no
30008,no,no,no
30009,no,yes,no
30010,no,no,no
30011,no,yes,no
30012,no,yes,no
30013,no,yes,no
30014,no,yes,no
30015,no,yes,no
30016,no,yes,yes
30017,no,no,yes
30018,no,no,no
30019,no,yes,no
30020,no,yes,no
30021,no,yes,no
30022,no,yes,no
30023,no,yes,no
30024,no,no,no
30025,no,no,yes
30026,no,no,yes
30027,no,yes,no
30028,no,yes,no
30029,no,yes,no
30030,no,yes,no
30031,no,no,no
30032,no,yes,no
30033,no,yes,no
30034,no,no,yes
30035,no,yes,no
30036,no,yes,no
30037,no,no,no
30038,no,yes,no
30039,no,yes,no
30040,no,yes,no
30041,no,no,no
30042,no,no,no
30043,no,yes,no
30044,no,no,no
30045,no,yes,no
30046,no,yes,no
30047,no,yes,no
30048,no,yes,no
30049,no,no,yes
30050,no,yes,no
30051,no,yes,no
30052,no,yes,yes
30053,no,no,no
30054,no,yes,no
30055,no,yes,yes
30056,no,yes,yes
30057,no,no,no
30058,no,yes,no
30059,no,no,no
30060,no,no,no
30061,no,yes,yes
30062,no,no,no
30063,no,yes,yes
30064,no,yes,no
30065,no,no,no
30066,no,no,no
30067,no,yes,yes
30068,no,yes,no
30069,no,yes,yes
30070,no,yes,no
30071,no,yes,no
30072,no,no,no
30073,no,yes,no
30074,no,no,no
30075,no,yes,no
30076,no,yes,no
30077,no,yes,no
30078,no,no,no
30079,no,yes,no
30080,no,no,no
30081,no,yes,no
30082,no,yes,no
30083,no,no,no
30084,no,no,no
30085,no,yes,yes
30086,no,no,no
30087,no,no,yes
30088,no,yes,no
30089,no,yes,yes
30090,no,unknown,unknown
30091,no,no,no
30092,no,no,no
30093,no,no,no
30094,no,no,no
30095,no,no,no
30096,no,no,no
30097,no,yes,no
30098,no,no,no
30099,no,no,no
30100,no,no,no
30101,no,yes,no
30102,no,no,no
30103,no,no,no
30104,no,no,no
30105,no,no,no
30106,no,yes,no
30107,no,yes,no
30108,no,no,no
30109,no,yes,no
30110,no,no,no
30111,no,no,no
30112,no,yes,no
30113,no,yes,no
30114,no,no,no
30115,no,no,no
30116,no,yes,no
30117,no,yes,no
30118,no,yes,no
30119,no,yes,no
30120,no,yes,no
30121,no,yes,no
30122,no,no,no
30123,no,yes,yes
30124,no,yes,no
30125,no,yes,no
30126,no,yes,no
30127,no,yes,no
30128,no,yes,no
30129,no,yes,no
30130,no,yes,no
30131,no,no,no
30132,no,yes,yes
30133,no,no,no
30134,no,yes,no
30135,no,yes,no
30136,no,no,no
30137,no,yes,no
30138,no,yes,no
30139,no,yes,no
30140,no,yes,no
30141,no,yes,no
30142,no,no,no
30143,no,no,no
30144,no,yes,no
30145,no,no,no
30146,no,yes,no
30147,no,no,no
30148,no,yes,no
30149,no,no,no
30150,no,no,no
30151,no,no,no
30152,no,yes,no
30153,no,yes,no
30154,no,yes,no
30155,no,no,no
30156,no,no,no
30157,no,no,no
30158,no,unknown,unknown
30159,no,no,yes
30160,no,no,no
30161,unknown,yes,no
30162,no,no,no
30163,no,yes,no
30164,no,yes,yes
30165,no,yes,no
30166,no,yes,no
30167,no,yes,no
30168,no,no,no
30169,no,yes,no
30170,no,yes,no
30171,no,yes,no
30172,no,no,no
30173,no,yes,no
30174,no,no,no
30175,no,yes,no
30176,no,yes,no
30177,no,yes,no
30178,no,yes,no
30179,no,no,no
30180,no,no,no
30181,no,no,no
30182,no,yes,no
30183,no,yes,no
30184,no,yes,no
30185,no,no,no
30186,no,no,no
30187,no,yes,no
30188,no,no,no
30189,no,yes,no
30190,no,unknown,unknown
30191,no,yes,no
30192,no,yes,no
30193,no,no,no
30194,no,no,no
30195,no,no,no
30196,no,yes,no
30197,no,yes,no
30198,no,yes,yes
30199,no,no,no
30200,no,no,yes
30201,no,unknown,unknown
30202,no,yes,yes
30203,no,yes,yes
30204,no,no,no
30205,no,no,no
30206,no,no,no
30207,no,yes,no
30208,no,yes,no
30209,no,yes,no
30210,no,yes,no
30211,no,yes,no
30212,no,yes,no
30213,no,yes,no
30214,no,no,no
30215,no,yes,no
30216,no,yes,no
30217,no,no,no
30218,no,no,no
30219,no,no,no
30220,no,yes,no
30221,no,yes,no
30222,no,yes,no
30223,no,yes,no
30224,no,yes,yes
30225,no,yes,no
30226,no,yes,no
30227,no,no,no
30228,no,yes,no
30229,no,yes,yes
30230,no,yes,no
30231,no,no,no
30232,no,yes,yes
30233,no,yes,no
30234,no,yes,no
30235,no,yes,no
30236,no,yes,yes
30237,no,no,no
30238,no,yes,no
30239,no,yes,no
30240,no,yes,no
30241,no,yes,no
30242,no,no,no
30243,no,yes,no
30244,no,yes,yes
30245,no,yes,no
30246,no,yes,no
30247,no,yes,no
30248,no,no,no
30249,no,yes,no
30250,no,yes,yes
30251,no,yes,no
30252,no,unknown,unknown
30253,no,yes,no
30254,no,yes,no
30255,no,yes,no
30256,no,no,no
30257,no,yes,no
30258,no,yes,no
30259,no,yes,no
30260,no,no,no
30261,no,no,no
30262,no,no,no
30263,no,no,no
30264,no,yes,no
30265,no,no,no
30266,no,no,no
30267,unknown,yes,no
30268,no,no,yes
30269,no,yes,no
30270,no,yes,no
30271,no,yes,no
30272,no,yes,no
30273,no,yes,no
30274,no,yes,no
30275,no,yes,no
30276,no,yes,no
30277,no,no,no
30278,no,yes,no
30279,no,yes,no
30280,no,no,no
30281,no,yes,no
30282,no,no,no
30283,no,no,yes
30284,no,no,no
30285,no,yes,no
30286,no,no,no
30287,no,yes,yes
30288,no,no,no
30289,no,yes,yes
30290,no,no,no
30291,no,yes,yes
30292,no,yes,no
30293,no,no,no
30294,no,no,no
30295,no,yes,no
30296,no,no,no
30297,no,yes,yes
30298,no,no,no
30299,no,yes,no
30300,no,yes,no
30301,no,yes,yes
30302,no,yes,yes
30303,no,no,no
30304,no,yes,yes
30305,no,no,no
30306,no,yes,yes
30307,no,yes,no
30308,no,yes,no
30309,no,yes,no
30310,no,yes,no
30311,no,no,yes
30312,no,yes,no
30313,no,no,no
30314,no,yes,no
30315,no,yes,no
30316,no,no,no
30317,no,no,yes
30318,no,no,no
30319,no,no,no
30320,no,no,no
30321,no,yes,no
30322,no,yes,no
30323,unknown,yes,no
30324,no,yes,no
30325,no,yes,no
30326,no,no,no
30327,no,yes,no
30328,no,no,no
30329,no,no,no
30330,no,no,no
30331,no,no,no
30332,no,no,no
30333,no,yes,no
30334,no,yes,yes
30335,no,yes,no
30336,no,no,yes
30337,no,no,no
30338,no,yes,no
30339,no,yes,no
30340,no,yes,yes
30341,no,no,no
30342,no,yes,no
30343,no,yes,no
30344,no,yes,yes
30345,no,yes,yes
30346,unknown,yes,no
30347,no,no,no
30348,no,no,no
30349,no,unknown,unknown
30350,no,yes,yes
30351,no,yes,no
30352,no,no,yes
30353,no,yes,no
30354,no,no,no
30355,no,no,no
30356,no,no,yes
30357,no,yes,yes
30358,no,yes,no
30359,no,yes,no
30360,no,yes,no
30361,no,no,no
30362,no,no,no
30363,no,no,no
30364,no,yes,yes
30365,no,yes,no
30366,unknown,yes,no
30367,no,yes,no
30368,no,no,yes
30369,no,yes,no
30370,no,yes,no
30371,no,yes,no
30372,no,no,no
30373,no,no,no
30374,no,yes,no
30375,no,no,no
30376,no,no,no
30377,unknown,yes,yes
30378,no,yes,yes
30379,no,yes,no
30380,no,no,no
30381,no,yes,no
30382,no,yes,no
30383,unknown,yes,no
30384,no,yes,no
30385,no,no,no
30386,no,yes,no
30387,unknown,no,no
30388,no,yes,no
30389,no,yes,no
30390,no,yes,no
30391,no,yes,no
30392,no,yes,no
30393,no,yes,no
30394,no,yes,no
30395,no,no,no
30396,no,yes,no
30397,no,yes,no
30398,no,yes,no
30399,unknown,yes,no
30400,no,yes,no
30401,no,no,no
30402,no,no,no
30403,no,yes,no
30404,no,no,no
30405,no,yes,no
30406,no,no,no
30407,no,no,no
30408,no,yes,no
30409,no,yes,no
30410,no,yes,no
30411,no,no,no
30412,no,yes,no
30413,no,no,no
30414,no,no,yes
30415,no,yes,no
30416,unknown,yes,no
30417,no,yes,no
30418,no,yes,no
30419,unknown,yes,yes
30420,no,no,no
30421,no,yes,no
30422,no,no,no
30423,no,yes,no
30424,no,yes,no
30425,no,yes,no
30426,no,yes,yes
30427,no,yes,no
30428,no,no,yes
30429,no,yes,yes
30430,no,yes,no
30431,no,yes,no
30432,no,yes,no
30433,no,no,no
30434,no,yes,no
30435,no,yes,no
30436,no,yes,no
30437,no,yes,yes
30438,no,no,no
30439,no,no,no
30440,no,no,no
30441,no,yes,no
30442,no,yes,no
30443,no,no,no
30444,no,yes,no
30445,no,yes,no
30446,no,yes,yes
30447,no,no,no
30448,no,yes,no
30449,no,no,no
30450,no,yes,no
30451,no,yes,no
30452,no,yes,no
30453,no,yes,no
30454,no,no,no
30455,no,yes,no
30456,no,yes,no
30457,no,yes,yes
30458,no,yes,no
30459,no,yes,yes
30460,no,yes,no
30461,no,no,no
30462,no,no,no
30463,no,yes,yes
30464,no,no,no
30465,no,yes,no
30466,no,yes,no
30467,no,yes,no
30468,no,no,no
30469,no,yes,no
30470,no,yes,no
30471,no,yes,yes
30472,no,yes,no
30473,no,yes,no
30474,no,no,no
30475,no,no,yes
30476,no,no,no
30477,no,yes,no
30478,no,yes,no
30479,unknown,no,no
30480,no,yes,no
30481,no,yes,no
30482,no,yes,yes
30483,no,no,no
30484,no,no,no
30485,no,yes,no
30486,no,no,yes
30487,no,no,no
30488,no,yes,no
30489,no,yes,no
30490,no,no,no
30491,no,no,yes
30492,no,no,yes
30493,no,no,no
30494,no,no,yes
30495,no,yes,no
30496,no,yes,no
30497,no,no,yes
30498,no,yes,no
30499,no,no,no
30500,no,no,no
30501,no,yes,no
30502,no,yes,no
30503,no,yes,no
30504,no,no,no
30505,no,yes,yes
30506,no,yes,no
30507,no,no,yes
30508,no,yes,no
30509,no,no,no
30510,unknown,yes,yes
30511,unknown,yes,no
30512,unknown,yes,no
30513,no,no,no
30514,no,no,no
30515,no,yes,no
30516,no,yes,no
30517,no,yes,no
30518,no,yes,yes
30519,no,yes,no
30520,no,yes,no
30521,no,yes,no
30522,unknown,no,no
30523,no,yes,yes
30524,no,yes,no
30525,no,no,no
30526,no,no,yes
30527,no,yes,no
30528,no,yes,yes
30529,no,yes,yes
30530,unknown,no,no
30531,no,no,no
30532,no,no,no
30533,no,yes,no
30534,no,yes,no
30535,no,no,no
30536,no,yes,no
30537,no,yes,no
30538,no,yes,no
30539,unknown,yes,no
30540,no,yes,no
30541,no,yes,no
30542,no,yes,no
30543,no,no,no
30544,unknown,no,no
30545,no,yes,no
30546,no,no,yes
30547,no,yes,no
30548,unknown,no,no
30549,no,no,yes
30550,no,yes,no
30551,no,yes,no
30552,no,no,no
30553,no,yes,no
30554,no,no,no
30555,no,no,no
30556,no,yes,no
30557,no,no,no
30558,no,no,no
30559,no,no,yes
30560,no,no,no
30561,no,no,yes
30562,no,yes,no
30563,no,yes,no
30564,no,yes,yes
30565,no,no,no
30566,no,yes,yes
30567,no,yes,yes
30568,no,no,no
30569,no,yes,no
30570,no,unknown,unknown
30571,no,yes,yes
30572,no,yes,yes
30573,no,yes,yes
30574,no,yes,yes
30575,no,yes,no
30576,unknown,no,no
30577,no,yes,yes
30578,no,yes,no
30579,no,no,yes
30580,no,yes,yes
30581,no,yes,no
30582,no,yes,no
30583,no,yes,no
30584,no,yes,no
30585,no,yes,no
30586,no,no,no
30587,no,no,no
30588,no,yes,no
30589,no,no,no
30590,no,no,no
30591,no,yes,no
30592,no,yes,yes
30593,no,no,no
30594,no,no,no
30595,no,no,no
30596,no,yes,no
30597,no,yes,no
30598,no,no,no
30599,no,yes,no
30600,no,no,no
30601,no,no,no
30602,no,no,no
30603,no,yes,no
30604,no,yes,no
30605,no,yes,no
30606,no,no,no
30607,no,yes,yes
30608,no,yes,no
30609,no,yes,no
30610,no,yes,no
30611,no,no,no
30612,no,yes,no
30613,no,yes,no
30614,no,yes,no
30615,no,yes,no
30616,no,yes,no
30617,no,yes,yes
30618,no,no,no
30619,no,no,no
30620,no,yes,no
30621,unknown,yes,no
30622,no,yes,no
30623,no,yes,no
30624,no,no,yes
30625,no,yes,no
30626,no,no,no
30627,no,no,no
30628,no,yes,no
30629,no,no,no
30630,no,yes,no
30631,no,no,yes
30632,no,yes,no
30633,no,yes,no
30634,unknown,no,no
30635,no,no,no
30636,no,no,no
30637,no,no,no
30638,no,yes,no
30639,no,yes,yes
30640,no,yes,no
30641,no,yes,no
30642,no,yes,yes
30643,no,yes,no
30644,no,yes,yes
30645,no,yes,no
30646,no,no,yes
30647,no,yes,no
30648,no,yes,no
30649,no,yes,no
30650,no,no,no
30651,no,yes,no
30652,no,yes,no
30653,no,yes,no
30654,no,no,no
30655,no,yes,no
30656,unknown,yes,no
30657,no,yes,no
30658,no,yes,no
30659,no,yes,no
30660,no,no,no
30661,no,no,no
30662,no,no,no
30663,no,yes,no
30664,no,no,no
30665,unknown,no,no
30666,no,yes,no
30667,no,no,no
30668,unknown,yes,no
30669,unknown,no,yes
30670,no,yes,no
30671,no,yes,no
30672,no,yes,no
30673,no,no,no
30674,unknown,no,no
30675,no,no,no
30676,no,yes,no
30677,unknown,yes,no
30678,no,yes,no
30679,no,no,no
30680,no,no,no
30681,no,no,no
30682,no,yes,no
30683,no,no,no
30684,unknown,yes,no
30685,no,yes,no
30686,no,yes,no
30687,no,no,no
30688,no,yes,no
30689,unknown,yes,no
30690,unknown,yes,no
30691,no,yes,yes
30692,no,no,yes
30693,unknown,yes,no
30694,no,yes,no
30695,unknown,yes,no
30696,no,no,no
30697,no,yes,no
30698,no,yes,no
30699,unknown,yes,no
30700,no,no,no
30701,no,no,no
30702,no,yes,no
30703,unknown,yes,no
30704,unknown,no,no
30705,unknown,yes,no
30706,no,yes,no
30707,no,yes,no
30708,no,yes,no
30709,unknown,yes,no
30710,no,no,no
30711,no,yes,no
30712,unknown,no,no
30713,no,no,no
30714,no,no,no
30715,no,no,no
30716,no,yes,no
30717,no,no,yes
30718,no,no,no
30719,no,yes,no
30720,no,no,no
30721,no,no,no
30722,no,yes,no
30723,no,yes,yes
30724,no,yes,yes
30725,no,yes,yes
30726,no,yes,no
30727,unknown,no,no
30728,no,no,no
30729,no,no,no
30730,no,yes,no
30731,no,yes,yes
30732,no,no,no
30733,no,yes,no
30734,no,no,yes
30735,no,yes,yes
30736,no,no,no
30737,no,yes,no
30738,no,yes,no
30739,no,no,no
30740,unknown,no,no
30741,no,yes,no
30742,no,no,no
30743,no,yes,no
30744,no,no,no
30745,no,yes,no
30746,no,yes,no
30747,unknown,no,yes
30748,no,yes,no
30749,no,yes,no
30750,no,yes,yes
30751,no,yes,no
30752,no,no,no
30753,no,yes,no
30754,no,yes,no
30755,no,yes,no
30756,unknown,yes,yes
30757,no,yes,no
30758,unknown,yes,no
30759,no,yes,no
30760,no,no,no
30761,no,no,no
30762,no,yes,no
30763,no,no,no
30764,no,yes,no
30765,unknown,yes,yes
30766,no,yes,no
30767,no,yes,yes
30768,unknown,unknown,unknown
30769,no,unknown,unknown
30770,no,yes,yes
30771,unknown,yes,no
30772,no,yes,no
30773,no,yes,no
30774,unknown,yes,no
30775,no,no,yes
30776,unknown,yes,no
30777,unknown,yes,no
30778,unknown,no,no
30779,no,yes,no
30780,no,yes,no
30781,no,no,yes
30782,no,yes,no
30783,no,yes,yes
30784,unknown,no,no
30785,no,no,no
30786,unknown,unknown,unknown
30787,no,no,no
30788,unknown,yes,no
30789,no,no,yes
30790,no,yes,no
30791,unknown,no,yes
30792,no,no,yes
30793,unknown,no,no
30794,no,yes,no
30795,no,no,yes
30796,no,no,yes
30797,no,no,no
30798,no,yes,no
30799,no,yes,no
30800,unknown,yes,no
30801,unknown,no,no
30802,no,yes,no
30803,no,no,no
30804,no,yes,no
30805,no,unknown,unknown
30806,no,yes,no
30807,no,no,no
30808,no,no,no
30809,no,unknown,unknown
30810,no,no,no
30811,no,no,no
30812,no,no,no
30813,no,no,no
30814,no,no,no
30815,unknown,yes,no
30816,no,yes,no
30817,no,yes,no
30818,no,yes,yes
30819,no,yes,no
30820,unknown,no,no
30821,no,yes,no
30822,no,no,yes
30823,no,no,no
30824,no,yes,no
30825,no,no,no
30826,unknown,no,no
30827,no,no,no
30828,no,no,no
30829,unknown,yes,no
30830,unknown,yes,no
30831,no,yes,no
30832,unknown,yes,no
30833,unknown,yes,no
30834,unknown,yes,no
30835,unknown,no,no
30836,unknown,yes,no
30837,no,yes,no
30838,no,yes,no
30839,no,unknown,unknown
30840,no,no,no
30841,no,yes,no
30842,no,yes,no
30843,no,yes,no
30844,unknown,no,no
30845,no,yes,yes
30846,no,yes,no
30847,no,yes,no
30848,no,yes,no
30849,no,yes,no
30850,no,yes,no
30851,no,no,no
30852,no,no,no
30853,no,yes,no
30854,no,yes,no
30855,no,yes,no
30856,no,yes,no
30857,no,yes,no
30858,no,yes,no
30859,no,yes,no
30860,no,yes,no
30861,no,yes,no
30862,no,no,no
30863,no,yes,no
30864,no,no,no
30865,no,yes,no
30866,no,yes,no
30867,no,no,no
30868,no,no,no
30869,no,yes,no
30870,unknown,yes,no
30871,no,no,no
30872,no,no,no
30873,no,no,no
30874,no,yes,no
30875,unknown,no,no
30876,no,yes,no
30877,no,yes,no
30878,no,no,no
30879,no,no,no
30880,no,yes,no
30881,unknown,no,no
30882,no,no,no
30883,no,no,no
30884,no,yes,no
30885,no,no,no
30886,no,no,no
30887,no,yes,no
30888,no,no,no
30889,no,yes,no
30890,no,no,no
30891,no,no,no
30892,no,yes,no
30893,unknown,no,no
30894,no,yes,no
30895,no,no,no
30896,no,no,no
30897,no,yes,no
30898,no,yes,yes
30899,no,no,no
30900,no,yes,no
30901,no,no,no
30902,no,yes,yes
30903,no,no,yes
30904,no,yes,no
30905,no,no,no
30906,no,no,no
30907,unknown,no,no
30908,no,yes,no
30909,no,yes,no
30910,unknown,yes,no
30911,no,no,no
30912,no,yes,yes
30913,no,no,no
30914,no,yes,no
30915,no,yes,yes
30916,no,yes,no
30917,no,no,no
30918,unknown,yes,yes
30919,no,no,no
30920,no,yes,no
30921,no,yes,no
30922,no,no,no
30923,no,no,no
30924,no,yes,yes
30925,unknown,no,no
30926,no,yes,yes
30927,no,yes,yes
30928,no,yes,yes
30929,no,no,no
30930,no,no,yes
30931,unknown,yes,no
30932,no,yes,no
30933,no,yes,no
30934,no,yes,no
30935,no,no,no
30936,no,yes,no
30937,no,yes,no
30938,no,no,yes
30939,no,yes,no
30940,no,no,no
30941,no,yes,no
30942,no,yes,no
30943,no,yes,no
30944,unknown,yes,no
30945,unknown,yes,no
30946,unknown,yes,no
30947,no,yes,no
30948,no,yes,no
30949,no,yes,no
30950,no,yes,no
30951,no,yes,no
30952,no,yes,no
30953,no,yes,yes
30954,unknown,no,no
30955,no,no,no
30956,no,no,no
30957,no,no,no
30958,no,no,no
30959,no,no,no
30960,no,yes,no
30961,no,yes,no
30962,no,yes,no
30963,unknown,no,no
30964,no,yes,no
30965,no,yes,no
30966,no,yes,no
30967,no,no,no
30968,unknown,yes,no
30969,no,yes,no
30970,no,no,no
30971,no,yes,no
30972,no,yes,yes
30973,no,no,no
30974,no,yes,yes
30975,no,yes,no
30976,no,no,no
30977,unknown,no,no
30978,unknown,yes,no
30979,unknown,no,no
30980,no,yes,yes
30981,no,yes,no
30982,unknown,yes,no
30983,no,no,no
30984,no,yes,no
30985,no,yes,no
30986,unknown,unknown,unknown
30987,no,yes,no
30988,no,yes,yes
30989,no,yes,no
30990,unknown,no,no
30991,no,unknown,unknown
30992,no,no,no
30993,no,yes,no
30994,no,yes,no
30995,no,yes,no
30996,no,no,no
30997,unknown,yes,no
30998,no,no,no
30999,no,no,no
31000,no,yes,no
31001,no,yes,no
31002,no,yes,no
31003,no,yes,no
31004,no,no,no
31005,no,yes,no
31006,no,yes,no
31007,no,yes,yes
31008,no,no,no
31009,no,no,no
31010,no,yes,yes
31011,no,no,no
31012,no,yes,no
31013,no,yes,yes
31014,no,no,no
31015,no,no,no
31016,no,no,no
31017,no,no,no
31018,no,no,no
31019,no,yes,no
31020,unknown,no,no
31021,no,yes,no
31022,no,no,no
31023,no,yes,yes
31024,no,no,no
31025,no,yes,no
31026,no,yes,no
31027,no,yes,no
31028,unknown,yes,no
31029,no,no,no
31030,no,yes,no
31031,no,no,no
31032,no,yes,no
31033,unknown,yes,no
31034,no,no,no
31035,no,yes,no
31036,no,yes,no
31037,no,no,no
31038,no,yes,no
31039,no,unknown,unknown
31040,no,yes,no
31041,unknown,no,no
31042,unknown,no,no
31043,unknown,no,no
31044,unknown,yes,yes
31045,no,yes,no
31046,no,yes,no
31047,no,no,no
31048,no,no,no
31049,no,no,no
31050,no,yes,no
31051,unknown,no,no
31052,unknown,yes,no
31053,unknown,yes,no
31054,no,no,no
31055,no,yes,no
31056,no,yes,yes
31057,unknown,yes,no
31058,unknown,no,no
31059,no,yes,yes
31060,no,yes,no
31061,no,no,no
31062,no,yes,no
31063,no,yes,no
31064,no,no,no
31065,no,yes,no
31066,no,no,no
31067,unknown,yes,yes
31068,no,no,no
31069,unknown,yes,no
31070,no,yes,no
31071,no,no,no
31072,no,yes,no
31073,no,yes,no
31074,no,no,no
31075,no,yes,no
31076,no,yes,no
31077,unknown,no,no
31078,no,yes,no
31079,no,yes,no
31080,no,yes,no
31081,unknown,yes,no
31082,no,no,no
31083,no,yes,no
31084,no,no,no
31085,no,yes,no
31086,no,no,no
31087,no,yes,no
31088,no,yes,no
31089,no,yes,no
31090,no,yes,no
31091,no,no,no
31092,no,yes,no
31093,no,yes,yes
31094,unknown,yes,no
31095,no,no,no
31096,no,no,yes
31097,unknown,no,no
31098,no,no,yes
31099,no,no,no
31100,unknown,no,yes
31101,no,yes,no
31102,unknown,no,no
31103,no,no,yes
31104,no,yes,no
31105,no,yes,no
31106,no,yes,no
31107,unknown,no,no
31108,no,no,no
31109,unknown,no,yes
31110,no,yes,no
31111,no,yes,no
31112,unknown,yes,no
31113,no,yes,no
31114,no,yes,no
31115,no,yes,no
31116,no,yes,yes
31117,no,unknown,unknown
31118,no,no,yes
31119,no,yes,no
31120,no,yes,no
31121,unknown,no,no
31122,unknown,no,no
31123,unknown,yes,no
31124,no,no,yes
31125,no,no,no
31126,no,yes,no
31127,no,no,no
31128,no,no,yes
31129,no,yes,no
31130,no,yes,yes
31131,no,yes,no
31132,no,yes,no
31133,unknown,no,no
31134,no,no,no
31135,no,yes,no
31136,no,no,no
31137,no,yes,no
31138,no,no,no
31139,no,no,no
31140,unknown,yes,no
31141,no,yes,no
31142,no,no,yes
31143,no,no,no
31144,no,yes,no
31145,no,yes,no
31146,no,no,no
31147,unknown,no,no
31148,no,no,no
31149,unknown,no,no
31150,no,yes,no
31151,unknown,yes,no
31152,no,no,no
31153,unknown,yes,no
31154,unknown,no,yes
31155,no,no,no
31156,no,no,no
31157,no,yes,no
31158,no,yes,no
31159,no,no,no
31160,no,yes,no
31161,no,yes,yes
31162,no,no,no
31163,no,no,no
31164,no,yes,no
31165,no,yes,no
31166,no,yes,no
31167,no,yes,yes
31168,unknown,no,no
31169,unknown,no,no
31170,unknown,no,no
31171,no,yes,yes
31172,unknown,no,yes
31173,no,yes,no
31174,unknown,no,yes
31175,no,no,no
31176,no,no,no
31177,no,no,no
31178,no,yes,no
31179,no,no,yes
31180,no,yes,no
31181,no,yes,no
31182,unknown,yes,no
31183,no,no,no
31184,no,yes,no
31185,no,yes,no
31186,no,no,no
31187,unknown,no,no
31188,no,yes,no
31189,no,yes,no
31190,no,no,yes
31191,no,yes,no
31192,no,yes,no
31193,no,no,no
31194,unknown,yes,no
31195,no,yes,no
31196,no,yes,no
31197,no,no,no
31198,no,yes,yes
31199,no,yes,no
31200,no,yes,yes
31201,no,yes,no
31202,no,yes,yes
31203,no,no,no
31204,no,yes,yes
31205,no,yes,no
31206,no,yes,no
31207,no,no,no
31208,no,yes,no
31209,unknown,no,no
31210,no,no,no
31211,no,no,no
31212,no,yes,no
31213,no,no,no
31214,no,yes,no
31215,unknown,yes,no
31216,no,no,no
31217,no,no,yes
31218,no,no,no
31219,no,yes,no
31220,no,no,no
31221,no,unknown,unknown
31222,no,no,no
31223,no,no,no
31224,no,no,no
31225,no,no,no
31226,no,yes,no
31227,unknown,yes,no
31228,unknown,unknown,unknown
31229,no,unknown,unknown
31230,unknown,yes,no
31231,no,unknown,unknown
31232,no,no,no
31233,no,yes,no
31234,no,no,yes
31235,no,yes,no
31236,unknown,no,no
31237,no,yes,no
31238,no,no,no
31239,no,yes,yes
31240,no,no,no
31241,no,yes,no
31242,no,yes,no
31243,unknown,yes,no
31244,no,yes,no
31245,no,yes,no
31246,no,yes,no
31247,no,no,no
31248,no,no,no
31249,no,yes,no
31250,no,no,yes
31251,no,yes,yes
31252,no,yes,no
31253,no,yes,yes
31254,no,no,no
31255,no,no,yes
31256,no,yes,no
31257,no,yes,no
31258,no,no,no
31259,no,no,yes
31260,no,yes,no
31261,no,unknown,unknown
31262,no,yes,no
31263,no,no,no
31264,unknown,yes,no
31265,unknown,no,yes
31266,unknown,yes,no
31267,no,no,yes
31268,unknown,no,no
31269,no,yes,no
31270,no,no,no
31271,no,yes,no
31272,unknown,yes,no
31273,no,yes,no
31274,unknown,yes,no
31275,no,no,no
31276,no,no,yes
31277,unknown,yes,no
31278,no,no,no
31279,no,no,yes
31280,no,yes,no
31281,no,yes,no
31282,unknown,no,no
31283,unknown,yes,no
31284,no,no,no
31285,unknown,yes,no
31286,no,no,no
31287,no,no,no
31288,no,no,no
31289,no,yes,no
31290,unknown,yes,no
31291,no,no,no
31292,unknown,no,no
31293,no,yes,no
31294,no,no,no
31295,unknown,yes,no
31296,unknown,yes,no
31297,no,yes,no
31298,no,yes,no
31299,no,yes,no
31300,no,yes,no
31301,no,no,yes
31302,no,yes,no
31303,unknown,no,no
31304,no,no,no
31305,no,yes,no
31306,unknown,yes,no
31307,no,no,no
31308,no,yes,no
31309,no,no,no
31310,no,no,no
31311,no,yes,no
31312,no,no,no
31313,no,no,no
31314,no,no,no
31315,no,no,no
31316,no,no,no
31317,unknown,no,no
31318,no,yes,no
31319,no,yes,yes
31320,no,yes,no
31321,no,no,no
31322,no,yes,no
31323,no,no,no
31324,no,no,yes
31325,no,yes,yes
31326,no,yes,yes
31327,no,yes,yes
31328,unknown,yes,yes
31329,no,yes,yes
31330,no,no,no
31331,no,yes,no
31332,unknown,yes,yes
31333,no,no,yes
31334,unknown,no,no
31335,unknown,no,no
31336,no,no,no
31337,no,no,no
31338,no,no,no
31339,unknown,no,no
31340,unknown,no,no
31341,no,yes,no
31342,no,yes,no
31343,no,yes,no
31344,no,yes,no
31345,unknown,yes,no
31346,no,yes,no
31347,no,yes,no
31348,no,yes,no
31349,no,no,no
31350,no,no,no
31351,no,no,no
31352,unknown,yes,no
31353,no,no,no
31354,unknown,yes,no
31355,unknown,yes,no
31356,no,yes,no
31357,no,yes,no
31358,unknown,no,no
31359,no,no,no
31360,no,no,no
31361,no,yes,no
31362,no,no,no
31363,no,no,no
31364,no,yes,no
31365,no,no,no
31366,no,no,yes
31367,no,yes,no
31368,unknown,no,no
31369,unknown,yes,no
31370,no,yes,yes
31371,unknown,yes,no
31372,unknown,yes,no
31373,unknown,yes,no
31374,no,no,no
31375,unknown,no,no
31376,no,no,yes
31377,unknown,no,no
31378,unknown,no,no
31379,no,no,no
31380,no,no,no
31381,no,yes,no
31382,unknown,yes,yes
31383,unknown,unknown,unknown
31384,unknown,yes,no
31385,no,yes,no
31386,unknown,yes,yes
31387,unknown,yes,yes
31388,no,yes,no
31389,unknown,yes,yes
31390,no,no,no
31391,no,no,no
31392,no,yes,yes
31393,no,no,no
31394,no,yes,yes
31395,no,no,no
31396,no,no,no
31397,no,yes,yes
31398,no,yes,yes
31399,no,yes,no
31400,unknown,yes,no
31401,no,yes,yes
31402,no,no,no
31403,unknown,no,no
31404,no,yes,no
31405,no,no,no
31406,no,no,no
31407,unknown,no,no
31408,no,yes,no
31409,unknown,no,no
31410,unknown,no,no
31411,no,yes,no
31412,unknown,no,no
31413,no,yes,no
31414,no,no,no
31415,no,no,no
31416,no,no,no
31417,unknown,yes,yes
31418,unknown,no,no
31419,no,yes,no
31420,no,yes,yes
31421,unknown,no,no
31422,no,no,no
31423,no,yes,no
31424,no,yes,no
31425,no,yes,no
31426,no,no,yes
31427,unknown,no,yes
31428,no,yes,no
31429,unknown,yes,no
31430,no,no,no
31431,no,yes,no
31432,no,no,no
31433,no,no,no
31434,no,yes,yes
31435,no,yes,no
31436,no,yes,yes
31437,unknown,no,no
31438,no,yes,no
31439,no,yes,no
31440,no,yes,yes
31441,no,no,no
31442,unknown,yes,no
31443,no,yes,no
31444,no,yes,no
31445,unknown,yes,no
31446,unknown,no,yes
31447,unknown,yes,yes
31448,no,yes,no
31449,no,yes,yes
31450,no,yes,yes
31451,no,yes,no
31452,no,no,no
31453,unknown,yes,no
31454,no,yes,yes
31455,no,no,no
31456,no,yes,no
31457,no,no,no
31458,no,no,no
31459,no,yes,no
31460,no,yes,no
31461,no,yes,no
31462,no,yes,no
31463,no,yes,no
31464,no,no,no
31465,no,no,no
31466,unknown,no,yes
31467,no,no,yes
31468,no,no,yes
31469,no,yes,no
31470,no,no,no
31471,unknown,no,no
31472,no,no,no
31473,no,no,no
31474,no,no,no
31475,unknown,yes,no
31476,no,yes,no
31477,no,no,no
31478,no,no,no
31479,no,yes,no
31480,unknown,no,yes
31481,no,no,yes
31482,no,yes,no
31483,no,no,no
31484,no,no,yes
31485,unknown,no,no
31486,no,yes,no
31487,no,no,no
31488,unknown,no,no
31489,no,no,no
31490,no,yes,no
31491,no,no,no
31492,unknown,no,yes
31493,no,yes,no
31494,no,no,no
31495,no,no,no
31496,no,yes,no
31497,unknown,yes,no
31498,no,yes,no
31499,no,yes,no
31500,unknown,no,no
31501,unknown,no,no
31502,no,no,no
31503,no,yes,no
31504,no,yes,no
31505,unknown,no,no
31506,no,no,yes
31507,no,no,yes
31508,no,no,yes
31509,no,yes,no
31510,no,no,no
31511,no,yes,yes
31512,no,yes,no
31513,unknown,no,no
31514,no,yes,no
31515,no,no,no
31516,no,no,no
31517,no,no,no
31518,no,no,no
31519,no,yes,no
31520,unknown,no,no
31521,no,yes,no
31522,no,yes,yes
31523,no,no,no
31524,unknown,yes,no
31525,no,no,no
31526,no,no,no
31527,no,no,no
31528,unknown,no,no
31529,unknown,yes,no
31530,unknown,no,no
31531,no,no,no
31532,unknown,yes,no
31533,no,no,no
31534,no,no,no
31535,unknown,no,no
31536,no,yes,no
31537,no,no,no
31538,no,yes,no
31539,no,yes,no
31540,no,yes,no
31541,no,yes,no
31542,no,yes,yes
31543,no,yes,no
31544,no,yes,no
31545,no,yes,no
31546,no,no,no
31547,no,no,no
31548,unknown,yes,no
31549,no,yes,yes
31550,unknown,yes,no
31551,no,yes,yes
31552,no,yes,no
31553,no,yes,no
31554,no,yes,no
31555,no,yes,no
31556,no,yes,no
31557,no,yes,no
31558,no,yes,no
31559,no,no,no
31560,no,unknown,unknown
31561,no,yes,no
31562,no,no,no
31563,no,no,yes
31564,unknown,no,no
31565,no,yes,no
31566,unknown,no,no
31567,unknown,yes,no
31568,no,no,no
31569,no,yes,no
31570,no,yes,no
31571,no,yes,no
31572,no,yes,yes
31573,unknown,yes,no
31574,no,yes,no
31575,no,yes,no
31576,no,yes,no
31577,no,yes,no
31578,unknown,yes,no
31579,no,yes,yes
31580,no,no,no
31581,no,yes,yes
31582,no,yes,yes
31583,no,yes,yes
31584,no,no,yes
31585,no,yes,yes
31586,no,yes,no
31587,no,yes,no
31588,no,yes,yes
31589,no,yes,no
31590,no,yes,no
31591,no,yes,no
31592,no,no,no
31593,no,yes,no
31594,no,yes,no
31595,no,no,no
31596,no,yes,no
31597,no,no,no
31598,no,no,no
31599,no,unknown,unknown
31600,unknown,yes,no
31601,no,yes,no
31602,unknown,yes,no
31603,unknown,no,no
31604,no,no,no
31605,no,yes,no
31606,no,no,no
31607,no,yes,yes
31608,no,yes,no
31609,no,yes,no
31610,no,yes,no
31611,unknown,yes,no
31612,no,yes,no
31613,unknown,yes,no
31614,no,yes,no
31615,no,no,no
31616,no,yes,no
31617,no,yes,no
31618,unknown,yes,no
31619,no,yes,no
31620,no,no,no
31621,no,no,yes
31622,no,yes,no
31623,no,yes,yes
31624,no,yes,no
31625,no,no,no
31626,no,yes,no
31627,no,unknown,unknown
31628,no,yes,no
31629,no,yes,no
31630,no,no,no
31631,no,yes,yes
31632,no,no,no
31633,unknown,yes,yes
31634,no,yes,yes
31635,no,no,no
31636,no,no,no
31637,no,yes,no
31638,no,yes,no
31639,unknown,no,no
31640,no,no,no
31641,no,yes,no
31642,no,yes,no
31643,no,no,no
31644,no,yes,no
31645,no,yes,no
31646,unknown,yes,no
31647,no,yes,no
31648,no,no,no
31649,no,yes,yes
31650,no,no,no
31651,no,no,no
31652,unknown,no,no
31653,no,yes,no
31654,no,yes,no
31655,no,yes,no
31656,no,no,no
31657,no,yes,no
31658,no,yes,no
31659,no,yes,no
31660,unknown,no,no
31661,no,yes,no
31662,no,yes,no
31663,no,yes,no
31664,unknown,no,no
31665,no,no,no
31666,no,yes,yes
31667,unknown,yes,no
31668,no,yes,no
31669,no,no,yes
31670,no,yes,no
31671,no,yes,no
31672,no,yes,no
31673,no,yes,no
31674,no,yes,no
31675,no,no,no
31676,no,yes,no
31677,no,yes,no
31678,unknown,yes,yes
31679,no,no,no
31680,no,yes,no
31681,no,yes,no
31682,no,no,no
31683,no,no,no
31684,no,no,no
31685,no,no,no
31686,unknown,yes,no
31687,no,no,yes
31688,no,yes,no
31689,no,no,no
31690,no,no,yes
31691,no,yes,no
31692,unknown,no,yes
31693,no,yes,no
31694,no,unknown,unknown
31695,unknown,no,no
31696,no,yes,yes
31697,unknown,no,no
31698,no,yes,no
31699,no,yes,no
31700,unknown,yes,no
31701,no,no,no
31702,no,yes,no
31703,unknown,yes,no
31704,no,yes,no
31705,no,no,yes
31706,no,yes,yes
31707,no,no,yes
31708,no,no,no
31709,unknown,yes,no
31710,no,no,no
31711,no,yes,no
31712,unknown,yes,no
31713,no,yes,no
31714,no,yes,no
31715,no,yes,no
31716,no,no,no
31717,unknown,yes,no
31718,no,yes,no
31719,unknown,yes,no
31720,no,yes,no
31721,no,yes,yes
31722,unknown,yes,no
31723,unknown,yes,no
31724,no,yes,no
31725,unknown,no,no
31726,no,unknown,unknown
31727,unknown,no,no
31728,no,no,no
31729,no,no,no
31730,no,no,no
31731,unknown,yes,no
31732,no,no,no
31733,no,yes,no
31734,no,yes,no
31735,no,yes,yes
31736,unknown,yes,yes
31737,no,yes,no
31738,no,yes,no
31739,no,yes,no
31740,unknown,no,no
31741,no,no,yes
31742,no,no,no
31743,unknown,yes,no
31744,no,no,no
31745,no,no,no
31746,no,yes,no
31747,no,yes,no
31748,no,no,no
31749,no,yes,yes
31750,no,no,no
31751,no,no,yes
31752,no,yes,no
31753,no,no,no
31754,no,no,yes
31755,no,yes,no
31756,unknown,yes,no
31757,no,yes,no
31758,no,yes,yes
31759,unknown,no,no
31760,no,yes,no
31761,no,yes,no
31762,no,yes,no
31763,no,no,no
31764,no,yes,no
31765,no,no,yes
31766,no,yes,no
31767,no,yes,no
31768,no,no,no
31769,no,no,yes
31770,unknown,yes,no
31771,no,yes,no
31772,no,yes,no
31773,no,yes,no
31774,unknown,yes,yes
31775,no,no,no
31776,unknown,yes,no
31777,no,yes,no
31778,no,yes,no
31779,no,yes,yes
31780,no,yes,yes
31781,no,yes,no
31782,no,no,no
31783,no,yes,no
31784,no,yes,yes
31785,no,yes,no
31786,no,no,no
31787,unknown,no,no
31788,no,no,no
31789,no,no,yes
31790,no,yes,no
31791,no,yes,no
31792,unknown,yes,no
31793,no,no,no
31794,no,no,no
31795,unknown,yes,no
31796,unknown,yes,no
31797,unknown,yes,yes
31798,no,yes,no
31799,no,yes,no
31800,no,no,no
31801,no,yes,yes
31802,no,yes,no
31803,no,yes,no
31804,no,yes,no
31805,no,yes,no
31806,unknown,yes,no
31807,unknown,yes,yes
31808,no,no,no
31809,no,yes,no
31810,no,yes,no
31811,no,yes,no
31812,no,unknown,unknown
31813,no,no,no
31814,no,yes,no
31815,unknown,no,no
31816,unknown,no,no
31817,no,yes,no
31818,no,yes,no
31819,unknown,no,no
31820,no,no,no
31821,no,no,no
31822,no,no,no
31823,no,yes,no
31824,no,unknown,unknown
31825,unknown,no,no
31826,no,yes,no
31827,no,yes,no
31828,no,yes,no
31829,no,yes,no
31830,no,no,no
31831,no,yes,no
31832,no,yes,no
31833,no,no,no
31834,no,yes,no
31835,unknown,yes,no
31836,no,yes,no
31837,no,no,no
31838,no,yes,no
31839,no,yes,no
31840,no,no,no
31841,no,yes,yes
31842,no,no,no
31843,no,yes,no
31844,no,yes,no
31845,unknown,no,no
31846,no,yes,no
31847,no,yes,no
31848,no,yes,no
31849,no,yes,no
31850,no,no,yes
31851,no,yes,no
31852,no,yes,no
31853,no,no,no
31854,unknown,yes,no
31855,no,no,no
31856,no,yes,no
31857,no,yes,yes
31858,no,no,no
31859,unknown,yes,no
31860,no,yes,yes
31861,no,no,no
31862,no,no,no
31863,no,yes,no
31864,no,yes,yes
31865,no,no,no
31866,unknown,yes,yes
31867,no,no,no
31868,no,no,no
31869,no,no,no
31870,no,yes,no
31871,no,no,no
31872,unknown,no,no
31873,no,yes,no
31874,no,no,no
31875,no,yes,no
31876,no,yes,yes
31877,unknown,yes,yes
31878,no,no,no
31879,no,no,no
31880,no,no,yes
31881,unknown,no,yes
31882,no,yes,no
31883,no,no,no
31884,unknown,no,yes
31885,no,no,no
31886,no,yes,no
31887,no,no,no
31888,no,no,no
31889,no,yes,no
31890,unknown,no,no
31891,no,no,yes
31892,no,yes,no
31893,unknown,yes,no
31894,unknown,yes,no
31895,no,no,no
31896,no,no,yes
31897,no,yes,no
31898,unknown,no,no
31899,unknown,yes,no
31900,unknown,unknown,unknown
31901,no,no,yes
31902,unknown,no,yes
31903,no,yes,no
31904,no,no,no
31905,no,yes,no
31906,no,yes,yes
31907,no,no,yes
31908,no,no,no
31909,no,no,no
31910,no,unknown,unknown
31911,no,no,yes
31912,no,no,no
31913,no,no,yes
31914,no,no,yes
31915,no,yes,no
31916,no,no,no
31917,no,yes,no
31918,no,no,no
31919,no,yes,no
31920,no,no,no
31921,no,no,no
31922,unknown,yes,no
31923,no,yes,yes
31924,no,no,no
31925,no,no,no
31926,no,no,yes
31927,no,no,no
31928,no,unknown,unknown
31929,no,yes,yes
31930,no,no,yes
31931,no,yes,no
31932,no,no,yes
31933,no,no,no
31934,no,no,no
31935,no,no,no
31936,no,no,no
31937,unknown,no,no
31938,no,no,no
31939,no,no,no
31940,unknown,no,no
31941,no,no,no
31942,unknown,no,no
31943,no,no,no
31944,no,yes,yes
31945,no,no,yes
31946,no,no,no
31947,no,yes,yes
31948,no,yes,no
31949,no,yes,no
31950,unknown,yes,no
31951,no,no,no
31952,unknown,yes,no
31953,no,yes,no
31954,no,yes,no
31955,no,no,no
31956,no,no,yes
31957,unknown,yes,no
31958,no,yes,no
31959,unknown,no,no
31960,no,yes,no
31961,no,no,yes
31962,no,yes,no
31963,no,yes,no
31964,no,yes,no
31965,unknown,no,no
31966,unknown,no,no
31967,no,yes,no
31968,no,yes,yes
31969,no,yes,yes
31970,no,no,yes
31971,no,yes,no
31972,no,no,no
31973,no,yes,no
31974,no,no,no
31975,no,yes,no
31976,unknown,yes,yes
31977,no,yes,no
31978,unknown,yes,yes
31979,no,no,yes
31980,unknown,yes,yes
31981,unknown,yes,no
31982,unknown,no,no
31983,unknown,yes,no
31984,no,no,no
31985,no,no,no
31986,no,no,no
31987,no,unknown,unknown
31988,no,yes,yes
31989,unknown,no,no
31990,no,no,no
31991,no,yes,no
31992,no,no,no
31993,no,yes,no
31994,no,yes,yes
31995,no,no,no
31996,unknown,yes,no
31997,no,no,no
31998,no,yes,no
31999,no,yes,no
32000,no,no,no
32001,no,yes,no
32002,no,no,no
32003,no,no,no
32004,no,no,no
32005,unknown,no,no
32006,no,no,no
32007,no,unknown,unknown
32008,no,no,yes
32009,no,yes,no
32010,no,no,no
32011,no,yes,yes
32012,no,yes,no
32013,unknown,yes,no
32014,unknown,yes,no
32015,no,yes,no
32016,no,yes,yes
32017,no,yes,no
32018,no,no,no
32019,no,no,no
32020,unknown,yes,yes
32021,unknown,no,no
32022,unknown,yes,no
32023,unknown,yes,no
32024,no,no,no
32025,no,yes,no
32026,no,no,no
32027,no,yes,no
32028,no,yes,no
32029,no,yes,no
32030,no,unknown,unknown
32031,no,yes,no
32032,no,yes,no
32033,no,no,no
32034,no,yes,no
32035,unknown,no,no
32036,unknown,no,no
32037,no,no,no
32038,unknown,no,no
32039,no,no,no
32040,no,no,no
32041,no,no,no
32042,no,yes,no
32043,no,no,no
32044,no,no,no
32045,no,no,no
32046,no,yes,yes
32047,no,no,no
32048,no,no,no
32049,no,yes,yes
32050,no,no,no
32051,no,yes,no
32052,no,no,no
32053,no,no,no
32054,no,no,no
32055,unknown,yes,no
32056,unknown,yes,yes
32057,unknown,yes,no
32058,no,no,no
32059,no,no,yes
32060,no,no,no
32061,no,yes,yes
32062,no,yes,no
32063,unknown,no,no
32064,no,no,no
32065,no,yes,no
32066,no,no,no
32067,no,no,yes
32068,unknown,no,no
32069,unknown,yes,no
32070,unknown,unknown,unknown
32071,unknown,yes,no
32072,no,yes,no
32073,no,yes,yes
32074,unknown,no,no
32075,no,yes,no
32076,no,no,yes
32077,no,yes,yes
32078,unknown,yes,yes
32079,unknown,no,no
32080,no,no,no
32081,no,no,yes
32082,no,yes,no
32083,no,yes,no
32084,no,no,no
32085,no,no,no
32086,no,no,no
32087,no,yes,no
32088,no,yes,no
32089,unknown,no,no
32090,no,no,no
32091,no,yes,yes
32092,no,yes,yes
32093,no,no,no
32094,no,yes,no
32095,no,no,no
32096,no,no,no
32097,no,yes,yes
32098,unknown,no,no
32099,no,no,no
32100,no,yes,yes
32101,no,yes,no
32102,no,yes,no
32103,unknown,yes,no
32104,no,no,no
32105,no,yes,no
32106,no,yes,no
32107,no,no,yes
32108,no,no,yes
32109,no,no,no
32110,no,no,no
32111,no,yes,no
32112,unknown,no,no
32113,no,yes,no
32114,unknown,no,no
32115,unknown,yes,no
32116,no,yes,yes
32117,no,yes,no
32118,unknown,yes,no
32119,no,yes,no
32120,unknown,yes,no
32121,unknown,yes,no
32122,no,yes,no
32123,no,yes,no
32124,no,yes,no
32125,no,no,no
32126,no,yes,no
32127,no,yes,no
32128,unknown,yes,no
32129,unknown,no,no
32130,no,yes,yes
32131,no,yes,no
32132,no,yes,yes
32133,no,yes,no
32134,no,yes,no
32135,unknown,no,no
32136,no,yes,yes
32137,no,no,no
32138,no,yes,no
32139,no,no,yes
32140,no,yes,yes
32141,no,yes,no
32142,no,yes,no
32143,no,yes,no
32144,no,no,no
32145,no,yes,yes
32146,no,yes,no
32147,no,yes,no
32148,no,yes,no
32149,no,yes,no
32150,no,yes,no
32151,no,no,no
32152,no,yes,no
32153,no,yes,no
32154,no,yes,no
32155,no,yes,no
32156,unknown,no,no
32157,no,no,no
32158,no,yes,no
32159,no,yes,yes
32160,no,no,no
32161,unknown,no,no
32162,unknown,no,no
32163,no,no,no
32164,no,yes,no
32165,no,no,no
32166,no,no,no
32167,unknown,yes,no
32168,no,yes,no
32169,no,no,yes
32170,no,no,no
32171,no,no,no
32172,unknown,no,no
32173,no,yes,no
32174,no,yes,no
32175,unknown,yes,no
32176,no,yes,yes
32177,unknown,yes,yes
32178,no,yes,no
32179,no,yes,yes
32180,unknown,no,yes
32181,no,no,no
32182,no,yes,no
32183,no,no,no
32184,no,yes,no
32185,no,no,no
32186,no,yes,yes
32187,unknown,yes,yes
32188,no,no,no
32189,no,unknown,unknown
32190,no,yes,no
32191,unknown,no,no
32192,no,no,no
32193,no,yes,yes
32194,no,no,yes
32195,no,no,yes
32196,unknown,no,no
32197,no,no,no
32198,no,yes,no
32199,no,yes,no
32200,no,no,no
32201,no,no,no
32202,no,unknown,unknown
32203,no,yes,no
32204,no,no,no
32205,no,yes,no
32206,no,yes,no
32207,no,no,no
32208,no,yes,no
32209,unknown,no,no
32210,no,unknown,unknown
32211,no,no,no
32212,unknown,no,no
32213,no,yes,no
32214,no,unknown,unknown
32215,no,yes,no
32216,no,no,no
32217,no,yes,no
32218,no,yes,no
32219,no,no,no
32220,no,no,no
32221,no,unknown,unknown
32222,no,no,no
32223,no,no,no
32224,no,no,no
32225,no,no,yes
32226,no,no,no
32227,no,no,no
32228,no,no,no
32229,no,no,no
32230,no,no,no
32231,no,no,no
32232,no,no,yes
32233,no,yes,no
32234,no,yes,no
32235,unknown,yes,no
32236,unknown,yes,no
32237,unknown,no,no
32238,no,no,no
32239,no,no,yes
32240,no,yes,no
32241,unknown,no,no
32242,no,no,no
32243,no,yes,no
32244,no,yes,no
32245,no,yes,yes
32246,unknown,no,no
32247,unknown,no,no
32248,no,no,no
32249,no,yes,no
32250,no,yes,no
32251,unknown,no,no
32252,no,yes,no
32253,no,yes,no
32254,no,no,no
32255,unknown,yes,no
32256,no,no,no
32257,no,yes,no
32258,no,yes,no
32259,no,yes,no
32260,no,yes,no
32261,unknown,no,no
32262,no,no,no
32263,no,no,no
32264,no,yes,no
32265,no,yes,no
32266,no,yes,no
32267,no,no,no
32268,unknown,no,no
32269,unknown,yes,no
32270,no,no,no
32271,no,no,no
32272,unknown,no,no
32273,no,no,no
32274,no,yes,no
32275,no,no,no
32276,no,no,yes
32277,no,yes,no
32278,no,unknown,unknown
32279,no,unknown,unknown
32280,no,no,no
32281,no,no,no
32282,no,no,yes
32283,unknown,no,no
32284,no,yes,no
32285,no,yes,no
32286,no,yes,no
32287,no,no,no
32288,no,yes,no
32289,unknown,yes,no
32290,no,no,yes
32291,no,no,yes
32292,no,no,no
32293,no,no,no
32294,no,yes,no
32295,no,no,no
32296,no,yes,no
32297,no,no,yes
32298,no,yes,yes
32299,no,yes,no
32300,no,no,no
32301,no,no,no
32302,no,yes,no
32303,unknown,yes,no
32304,no,yes,no
32305,unknown,yes,no
32306,no,no,no
32307,no,yes,no
32308,unknown,yes,no
32309,no,no,no
32310,no,no,no
32311,no,yes,no
32312,no,no,no
32313,no,no,no
32314,unknown,no,no
32315,no,yes,yes
32316,no,yes,no
32317,no,no,no
32318,no,yes,no
32319,no,yes,no
32320,unknown,no,no
32321,no,no,yes
32322,no,yes,yes
32323,no,no,no
32324,no,no,no
32325,unknown,yes,no
32326,no,yes,no
32327,no,yes,no
32328,no,yes,no
32329,no,no,no
32330,no,yes,yes
32331,no,no,yes
32332,unknown,no,no
32333,no,no,no
32334,no,no,no
32335,unknown,no,no
32336,no,yes,yes
32337,no,yes,no
32338,no,yes,no
32339,no,yes,no
32340,no,no,no
32341,no,yes,no
32342,no,yes,no
32343,no,yes,yes
32344,no,yes,no
32345,no,yes,no
32346,no,yes,no
32347,no,no,no
32348,no,no,no
32349,no,yes,no
32350,no,no,no
32351,no,yes,no
32352,no,yes,no
32353,no,no,no
32354,no,yes,no
32355,no,yes,no
32356,no,no,no
32357,no,yes,no
32358,no,yes,no
32359,no,yes,no
32360,no,no,no
32361,no,no,no
32362,no,no,no
32363,no,no,no
32364,no,no,no
32365,no,no,no
32366,no,no,no
32367,no,no,no
32368,unknown,no,no
32369,no,yes,no
32370,no,yes,no
32371,no,no,no
32372,no,yes,yes
32373,no,no,no
32374,no,no,yes
32375,no,no,no
32376,unknown,yes,no
32377,unknown,no,no
32378,unknown,yes,no
32379,unknown,yes,no
32380,no,no,no
32381,no,yes,no
32382,no,yes,no
32383,unknown,yes,no
32384,no,no,no
32385,no,yes,no
32386,no,yes,no
32387,no,no,no
32388,no,unknown,unknown
32389,no,no,no
32390,no,no,no
32391,no,no,no
32392,no,no,no
32393,unknown,no,no
32394,unknown,yes,no
32395,no,no,no
32396,no,yes,no
32397,no,yes,no
32398,no,yes,no
32399,no,yes,no
32400,no,yes,no
32401,unknown,yes,no
32402,no,no,yes
32403,no,yes,no
32404,no,yes,no
32405,no,no,no
32406,no,yes,no
32407,no,yes,no
32408,no,yes,no
32409,unknown,no,no
32410,unknown,no,no
32411,no,no,no
32412,no,yes,no
32413,unknown,no,no
32414,no,yes,no
32415,unknown,no,no
32416,no,no,no
32417,unknown,no,no
32418,no,yes,no
32419,no,yes,no
32420,unknown,yes,no
32421,unknown,no,no
32422,no,yes,yes
32423,no,no,no
32424,no,yes,no
32425,no,no,no
32426,no,no,no
32427,unknown,no,no
32428,no,yes,no
32429,no,no,no
32430,unknown,yes,no
32431,no,no,no
32432,no,yes,no
32433,no,yes,no
32434,no,no,no
32435,no,yes,no
32436,unknown,yes,no
32437,unknown,no,yes
32438,no,no,yes
32439,no,yes,no
32440,no,no,no
32441,unknown,no,no
32442,no,no,no
32443,unknown,yes,no
32444,no,yes,no
32445,no,no,no
32446,no,yes,no
32447,no,yes,no
32448,no,no,no
32449,no,no,no
32450,no,unknown,unknown
32451,no,no,no
32452,no,yes,no
32453,no,yes,no
32454,no,no,no
32455,unknown,yes,no
32456,no,yes,no
32457,no,no,no
32458,unknown,yes,no
32459,unknown,yes,yes
32460,no,yes,no
32461,no,no,yes
32462,no,no,yes
32463,no,yes,no
32464,no,yes,no
32465,no,no,no
32466,no,unknown,unknown
32467,no,no,no
32468,no,yes,no
32469,unknown,no,yes
32470,no,yes,no
32471,no,no,no
32472,no,no,yes
32473,no,no,yes
32474,no,no,no
32475,unknown,no,no
32476,no,yes,no
32477,unknown,no,yes
32478,no,no,yes
32479,no,no,yes
32480,no,no,no
32481,no,no,no
32482,unknown,yes,no
32483,no,yes,no
32484,no,yes,no
32485,no,yes,no
32486,no,yes,yes
32487,unknown,no,no
32488,no,no,no
32489,no,no,no
32490,no,unknown,unknown
32491,no,no,yes
32492,no,yes,yes
32493,unknown,no,no
32494,no,no,no
32495,no,yes,yes
32496,no,yes,yes
32497,no,no,no
32498,unknown,no,no
32499,no,yes,no
32500,no,yes,no
32501,no,no,no
32502,unknown,no,no
32503,no,no,no
32504,unknown,yes,no
32505,unknown,yes,no
32506,no,yes,no
32507,no,yes,no
32508,no,yes,no
32509,no,yes,no
32510,unknown,yes,no
32511,no,no,no
32512,no,yes,no
32513,no,yes,no
32514,no,no,no
32515,no,yes,no
32516,no,yes,no
32517,no,yes,no
32518,no,no,no
32519,no,yes,no
32520,unknown,yes,no
32521,no,no,yes
32522,unknown,yes,no
32523,no,no,no
32524,no,no,no
32525,no,no,no
32526,no,yes,no
32527,unknown,yes,no
32528,no,yes,no
32529,unknown,yes,yes
32530,no,yes,yes
32531,no,no,no
32532,unknown,no,no
32533,no,yes,no
32534,no,yes,no
32535,unknown,no,no
32536,unknown,yes,yes
32537,no,yes,no
32538,no,no,no
32539,no,no,no
32540,unknown,yes,no
32541,unknown,yes,no
32542,no,yes,no
32543,no,yes,yes
32544,no,yes,no
32545,no,yes,no
32546,no,yes,no
32547,no,no,no
32548,no,yes,yes
32549,no,yes,no
32550,no,no,no
32551,no,yes,no
32552,no,unknown,unknown
32553,no,yes,yes
32554,no,yes,no
32555,no,no,no
32556,no,no,no
32557,no,yes,no
32558,unknown,yes,no
32559,unknown,no,no
32560,no,no,no
32561,no,yes,no
32562,no,yes,no
32563,no,yes,no
32564,unknown,no,no
32565,no,yes,no
32566,no,yes,no
32567,unknown,yes,yes
32568,no,no,no
32569,no,yes,no
32570,unknown,yes,no
32571,no,yes,no
32572,no,yes,no
32573,no,yes,no
32574,no,no,no
32575,no,yes,yes
32576,no,no,no
32577,no,yes,no
32578,unknown,no,no
32579,no,yes,no
32580,no,no,no
32581,unknown,yes,no
32582,no,yes,no
32583,no,yes,no
32584,unknown,yes,no
32585,no,yes,no
32586,unknown,yes,no
32587,no,no,no
32588,unknown,unknown,unknown
32589,no,yes,no
32590,no,yes,no
32591,no,yes,no
32592,no,yes,no
32593,no,no,no
32594,no,yes,no
32595,no,yes,no
32596,no,yes,no
32597,unknown,no,no
32598,no,unknown,unknown
32599,no,yes,no
32600,no,yes,no
32601,unknown,yes,no
32602,no,yes,no
32603,no,no,no
32604,no,yes,no
32605,no,no,no
32606,no,yes,yes
32607,no,yes,no
32608,no,no,no
32609,no,yes,yes
32610,no,no,no
32611,no,yes,no
32612,no,yes,yes
32613,no,yes,no
32614,no,yes,no
32615,no,yes,no
32616,no,yes,no
32617,no,yes,no
32618,no,yes,no
32619,no,no,no
32620,no,yes,no
32621,no,no,no
32622,no,yes,no
32623,no,yes,no
32624,no,yes,no
32625,no,no,no
32626,no,yes,no
32627,no,no,no
32628,no,no,yes
32629,no,yes,no
32630,no,yes,no
32631,no,no,no
32632,no,yes,no
32633,no,no,no
32634,no,no,no
32635,no,no,no
32636,no,no,no
32637,no,no,no
32638,no,no,no
32639,no,yes,no
32640,no,yes,no
32641,no,yes,no
32642,no,yes,no
32643,no,yes,no
32644,unknown,yes,no
32645,no,yes,no
32646,no,yes,no
32647,unknown,yes,yes
32648,unknown,yes,no
32649,no,yes,no
32650,no,no,no
32651,no,yes,no
32652,no,yes,no
32653,no,yes,no
32654,no,yes,no
32655,no,no,no
32656,unknown,yes,no
32657,no,no,no
32658,no,yes,yes
32659,no,no,no
32660,no,yes,no
32661,no,yes,no
32662,no,no,no
32663,no,no,no
32664,no,no,no
32665,no,no,yes
32666,no,yes,no
32667,no,no,no
32668,no,no,no
32669,no,yes,no
32670,no,yes,no
32671,unknown,no,no
32672,no,yes,no
32673,no,no,no
32674,no,yes,no
32675,no,yes,no
32676,no,yes,no
32677,no,yes,no
32678,unknown,yes,no
32679,no,yes,no
32680,no,yes,no
32681,no,yes,no
32682,no,no,no
32683,no,yes,no
32684,no,yes,yes
32685,no,yes,no
32686,no,yes,yes
32687,no,yes,no
32688,no,yes,no
32689,no,yes,no
32690,no,yes,no
32691,no,no,no
32692,no,no,no
32693,unknown,no,no
32694,no,yes,no
32695,unknown,yes,no
32696,no,yes,no
32697,unknown,no,no
32698,unknown,yes,no
32699,no,no,no
32700,no,no,no
32701,no,yes,no
32702,no,yes,no
32703,no,no,yes
32704,no,yes,no
32705,no,yes,no
32706,no,yes,no
32707,no,no,no
32708,no,no,yes
32709,unknown,yes,yes
32710,no,yes,no
32711,unknown,no,no
32712,no,no,no
32713,no,no,no
32714,unknown,no,no
32715,unknown,no,no
32716,no,no,yes
32717,no,no,no
32718,no,no,no
32719,no,yes,no
32720,no,yes,no
32721,no,no,no
32722,unknown,yes,no
32723,unknown,yes,no
32724,unknown,yes,no
32725,no,yes,no
32726,no,yes,yes
32727,no,no,yes
32728,no,yes,no
32729,no,no,yes
32730,no,yes,no
32731,no,yes,no
32732,no,yes,no
32733,no,no,no
32734,no,no,no
32735,unknown,yes,no
32736,no,no,no
32737,no,unknown,unknown
32738,no,yes,no
32739,no,no,no
32740,no,yes,yes
32741,no,no,no
32742,no,yes,yes
32743,no,yes,no
32744,no,yes,no
32745,unknown,yes,yes
32746,no,yes,no
32747,unknown,no,no
32748,no,yes,no
32749,no,yes,no
32750,no,yes,no
32751,no,yes,no
32752,no,no,no
32753,no,no,no
32754,no,no,no
32755,unknown,yes,no
32756,no,no,no
32757,unknown,yes,no
32758,no,no,yes
32759,no,yes,no
32760,unknown,yes,no
32761,no,no,no
32762,unknown,no,no
32763,no,yes,no
32764,no,yes,no
32765,no,yes,no
32766,unknown,no,no
32767,no,no,no
32768,no,no,no
32769,unknown,yes,yes
32770,no,no,no
32771,no,yes,no
32772,no,no,no
32773,unknown,no,no
32774,no,yes,yes
32775,unknown,yes,yes
32776,no,yes,no
32777,no,no,no
32778,no,no,yes
32779,no,no,no
32780,unknown,no,no
32781,no,no,yes
32782,no,yes,no
32783,no,no,no
32784,no,yes,yes
32785,no,no,no
32786,no,yes,no
32787,no,no,no
32788,no,no,no
32789,no,no,no
32790,no,no,no
32791,no,no,no
32792,no,no,no
32793,no,no,no
32794,no,yes,yes
32795,no,yes,no
32796,no,yes,no
32797,no,no,no
32798,no,yes,yes
32799,no,yes,no
32800,no,yes,no
32801,no,yes,yes
32802,no,yes,yes
32803,no,yes,no
32804,unknown,yes,yes
32805,no,no,no
32806,no,no,no
32807,no,yes,yes
32808,unknown,yes,no
32809,no,no,no
32810,no,yes,no
32811,no,yes,no
32812,no,yes,yes
32813,unknown,no,no
32814,no,yes,no
32815,no,no,no
32816,no,yes,no
32817,no,yes,no
32818,no,no,no
32819,no,no,no
32820,no,yes,no
32821,no,yes,yes
32822,no,yes,no
32823,no,unknown,unknown
32824,no,yes,yes
32825,no,yes,no
32826,no,yes,no
32827,no,yes,no
32828,no,no,no
32829,no,no,no
32830,no,yes,no
32831,no,yes,no
32832,no,no,no
32833,no,yes,no
32834,no,yes,no
32835,unknown,yes,no
32836,no,no,no
32837,no,yes,yes
32838,no,yes,yes
32839,no,yes,no
32840,unknown,yes,no
32841,no,yes,yes
32842,no,yes,yes
32843,unknown,no,no
32844,unknown,yes,no
32845,no,no,no
32846,no,yes,no
32847,no,no,no
32848,no,no,no
32849,no,no,no
32850,no,no,no
32851,no,no,no
32852,no,no,no
32853,no,no,yes
32854,no,no,no
32855,no,yes,no
32856,no,no,no
32857,no,yes,no
32858,no,no,yes
32859,unknown,no,no
32860,no,no,no
32861,no,yes,no
32862,no,yes,no
32863,no,no,no
32864,unknown,yes,yes
32865,no,no,no
32866,unknown,yes,yes
32867,no,yes,no
32868,no,yes,yes
32869,no,yes,no
32870,no,no,yes
32871,no,no,no
32872,no,yes,no
32873,no,yes,no
32874,no,yes,no
32875,unknown,no,no
32876,no,yes,no
32877,unknown,no,no
32878,no,yes,yes
32879,no,no,yes
32880,no,no,yes
32881,no,yes,no
32882,no,no,no
32883,no,yes,no
32884,unknown,no,yes
32885,no,no,yes
32886,no,yes,yes
32887,unknown,yes,no
32888,unknown,yes,no
32889,no,yes,no
32890,unknown,yes,no
32891,no,yes,no
32892,no,no,no
32893,unknown,yes,no
32894,no,yes,no
32895,no,yes,no
32896,unknown,unknown,unknown
32897,unknown,yes,no
32898,unknown,yes,no
32899,unknown,yes,no
32900,unknown,yes,yes
32901,unknown,yes,no
32902,unknown,yes,no
32903,unknown,yes,no
32904,no,yes,no
32905,no,yes,no
32906,no,yes,no
32907,no,yes,no
32908,no,yes,yes
32909,unknown,yes,no
32910,no,yes,no
32911,no,yes,yes
32912,no,no,no
32913,no,yes,no
32914,no,yes,yes
32915,unknown,no,yes
32916,no,yes,no
32917,no,no,no
32918,no,yes,no
32919,no,yes,yes
32920,no,yes,no
32921,no,yes,no
32922,unknown,yes,no
32923,no,yes,no
32924,no,yes,no
32925,no,yes,no
32926,unknown,no,yes
32927,unknown,no,yes
32928,no,yes,no
32929,no,yes,no
32930,no,yes,no
32931,no,yes,no
32932,unknown,no,no
32933,no,no,no
32934,no,yes,no
32935,no,yes,no
32936,no,yes,no
32937,no,yes,yes
32938,no,no,no
32939,unknown,yes,no
32940,no,no,no
32941,unknown,yes,no
32942,unknown,yes,no
32943,no,yes,no
32944,no,yes,no
32945,unknown,no,no
32946,no,yes,yes
32947,no,yes,no
32948,no,no,yes
32949,no,no,no
32950,no,no,no
32951,unknown,yes,no
32952,no,no,no
32953,no,yes,yes
32954,no,yes,no
32955,no,no,no
32956,no,yes,yes
32957,no,no,no
32958,no,yes,no
32959,no,no,yes
32960,no,yes,no
32961,no,no,yes
32962,unknown,yes,no
32963,no,yes,no
32964,no,no,no
32965,unknown,no,no
32966,no,yes,no
32967,no,no,no
32968,no,yes,no
32969,no,yes,no
32970,unknown,yes,no
32971,no,yes,no
32972,unknown,no,no
32973,no,no,no
32974,no,yes,no
32975,no,yes,no
32976,no,yes,no
32977,no,yes,no
32978,no,no,no
32979,unknown,yes,no
32980,no,no,no
32981,no,yes,yes
32982,no,yes,no
32983,no,yes,no
32984,no,no,no
32985,no,no,no
32986,unknown,no,no
32987,unknown,yes,no
32988,unknown,no,no
32989,unknown,no,no
32990,unknown,no,no
32991,unknown,no,no
32992,no,no,no
32993,no,no,no
32994,no,no,no
32995,unknown,no,no
32996,no,yes,no
32997,no,yes,yes
32998,no,no,no
32999,unknown,yes,no
33000,no,yes,no
33001,no,no,no
33002,no,no,no
33003,unknown,yes,no
33004,unknown,yes,no
33005,no,yes,no
33006,no,yes,yes
33007,unknown,no,no
33008,no,yes,no
33009,unknown,yes,no
33010,unknown,no,no
33011,no,yes,yes
33012,unknown,yes,no
33013,no,yes,yes
33014,unknown,yes,no
33015,no,yes,no
33016,no,no,no
33017,no,yes,no
33018,no,unknown,unknown
33019,no,yes,no
33020,no,yes,no
33021,unknown,yes,no
33022,no,yes,no
33023,unknown,no,no
33024,no,no,no
33025,unknown,yes,no
33026,no,unknown,unknown
33027,no,yes,no
33028,no,no,yes
33029,no,yes,no
33030,unknown,no,no
33031,unknown,unknown,unknown
33032,unknown,unknown,unknown
33033,no,no,no
33034,no,yes,no
33035,no,yes,no
33036,unknown,no,no
33037,no,yes,no
33038,no,yes,yes
33039,no,no,yes
33040,no,yes,no
33041,no,no,no
33042,unknown,yes,no
33043,no,yes,no
33044,unknown,yes,no
33045,no,yes,no
33046,unknown,yes,no
33047,no,no,no
33048,no,yes,no
33049,unknown,no,no
33050,unknown,yes,no
33051,no,no,no
33052,no,no,no
33053,unknown,yes,no
33054,no,yes,no
33055,no,yes,no
33056,no,yes,no
33057,unknown,unknown,unknown
33058,no,no,no
33059,no,no,no
33060,no,no,no
33061,no,yes,no
33062,no,yes,yes
33063,unknown,yes,no
33064,unknown,no,no
33065,no,no,no
33066,no,yes,no
33067,no,yes,no
33068,no,no,no
33069,no,yes,no
33070,no,no,no
33071,no,no,yes
33072,unknown,no,no
33073,no,unknown,unknown
33074,no,no,no
33075,no,no,no
33076,no,no,no
33077,unknown,yes,no
33078,no,no,no
33079,unknown,yes,no
33080,no,no,no
33081,no,yes,no
33082,unknown,no,no
33083,no,yes,no
33084,no,no,no
33085,no,yes,no
33086,no,yes,no
33087,no,yes,no
33088,no,yes,no
33089,unknown,yes,no
33090,no,no,no
33091,no,yes,no
33092,no,yes,yes
33093,no,yes,no
33094,no,yes,no
33095,no,yes,yes
33096,no,yes,yes
33097,no,yes,no
33098,no,no,no
33099,unknown,yes,no
33100,no,no,no
33101,no,yes,no
33102,no,yes,yes
33103,no,yes,no
33104,no,yes,no
33105,no,no,no
33106,no,yes,no
33107,no,yes,yes
33108,no,yes,yes
33109,no,no,no
33110,unknown,no,yes
33111,unknown,unknown,unknown
33112,no,no,no
33113,unknown,no,yes
33114,no,no,no
33115,no,no,no
33116,no,no,no
33117,no,yes,yes
33118,no,yes,no
33119,no,yes,no
33120,no,no,yes
33121,no,yes,no
33122,no,no,no
33123,unknown,yes,no
33124,no,no,no
33125,no,yes,no
33126,no,yes,no
33127,no,yes,no
33128,no,yes,no
33129,unknown,yes,no
33130,no,no,no
33131,no,yes,no
33132,no,no,yes
33133,no,yes,no
33134,no,yes,no
33135,no,yes,no
33136,no,yes,yes
33137,no,yes,no
33138,no,yes,no
33139,no,yes,yes
33140,no,yes,no
33141,no,yes,yes
33142,no,yes,no
33143,no,no,no
33144,no,no,no
33145,no,no,no
33146,no,no,yes
33147,unknown,yes,no
33148,no,yes,no
33149,no,yes,yes
33150,no,no,no
33151,no,yes,yes
33152,no,no,no
33153,no,no,no
33154,no,no,no
33155,no,no,yes
33156,no,yes,no
33157,no,yes,no
33158,no,yes,no
33159,no,yes,no
33160,no,no,no
33161,no,yes,no
33162,no,yes,yes
33163,no,yes,no
33164,no,yes,no
33165,no,yes,no
33166,no,no,no
33167,no,yes,no
33168,unknown,yes,no
33169,no,yes,no
33170,no,unknown,unknown
33171,no,yes,no
33172,no,yes,no
33173,no,no,no
33174,unknown,yes,no
33175,no,yes,no
33176,no,no,no
33177,no,yes,yes
33178,no,yes,no
33179,unknown,no,no
33180,no,yes,no
33181,no,no,no
33182,no,yes,no
33183,no,yes,no
33184,no,no,no
33185,no,yes,no
33186,no,yes,no
33187,no,yes,no
33188,no,no,no
33189,no,yes,no
33190,no,no,no
33191,no,yes,yes
33192,no,no,yes
33193,no,yes,no
33194,no,yes,yes
33195,no,no,no
33196,no,yes,no
33197,unknown,yes,no
33198,no,yes,no
33199,unknown,yes,no
33200,unknown,no,no
33201,no,no,no
33202,no,yes,no
33203,no,yes,no
33204,no,no,no
33205,no,yes,no
33206,no,yes,no
33207,no,yes,yes
33208,no,yes,no
33209,no,yes,no
33210,no,no,no
33211,no,no,no
33212,no,yes,no
33213,unknown,yes,no
33214,no,no,no
33215,no,yes,no
33216,no,yes,no
33217,no,yes,yes
33218,no,no,no
33219,unknown,yes,no
33220,unknown,no,no
33221,no,no,no
33222,unknown,no,no
33223,no,yes,no
33224,unknown,no,no
33225,no,yes,no
33226,no,yes,no
33227,no,no,no
33228,no,yes,yes
33229,no,no,no
33230,no,no,no
33231,no,yes,no
33232,no,yes,yes
33233,no,yes,no
33234,no,no,no
33235,unknown,yes,no
33236,no,yes,no
33237,no,yes,yes
33238,no,yes,no
33239,no,yes,yes
33240,no,no,no
33241,no,unknown,unknown
33242,no,yes,no
33243,no,yes,no
33244,no,no,no
33245,no,no,no
33246,no,yes,no
33247,unknown,no,no
33248,no,yes,no
33249,no,yes,no
33250,no,no,no
33251,no,no,no
33252,no,no,no
33253,unknown,no,no
33254,no,yes,no
33255,no,no,no
33256,no,no,no
33257,no,yes,yes
33258,no,no,no
33259,no,no,no
33260,no,no,yes
33261,no,yes,no
33262,no,yes,yes
33263,no,yes,no
33264,no,yes,no
33265,no,no,no
33266,no,yes,no
33267,no,yes,yes
33268,no,no,no
33269,no,no,no
33270,no,no,no
33271,no,yes,no
33272,no,yes,yes
33273,no,yes,no
33274,unknown,no,no
33275,no,no,no
33276,no,no,no
33277,no,yes,yes
33278,no,no,no
33279,no,no,no
33280,unknown,yes,no
33281,no,yes,no
33282,no,yes,no
33283,no,yes,no
33284,no,no,no
33285,no,no,no
33286,no,yes,no
33287,no,yes,no
33288,no,yes,no
33289,no,yes,no
33290,no,yes,no
33291,unknown,no,no
33292,no,no,no
33293,no,yes,no
33294,no,no,no
33295,unknown,unknown,unknown
33296,unknown,no,no
33297,no,no,no
33298,no,yes,no
33299,unknown,yes,no
33300,no,no,no
33301,no,yes,no
33302,no,no,no
33303,no,no,no
33304,unknown,yes,no
33305,no,no,no
33306,no,yes,no
33307,no,no,no
33308,no,no,yes
33309,no,yes,no
33310,no,yes,no
33311,unknown,no,no
33312,no,no,no
33313,unknown,no,no
33314,no,yes,no
33315,unknown,yes,no
33316,no,no,no
33317,no,yes,no
33318,unknown,yes,no
33319,no,yes,no
33320,no,yes,yes
33321,no,yes,no
33322,no,no,no
33323,no,yes,yes
33324,no,no,yes
33325,no,yes,no
33326,no,yes,no
33327,no,no,yes
33328,no,yes,no
33329,no,no,no
33330,no,no,no
33331,unknown,no,no
33332,no,no,yes
33333,no,yes,no
33334,no,yes,no
33335,no,no,yes
33336,no,no,no
33337,no,yes,no
33338,no,yes,no
33339,no,no,no
33340,unknown,yes,no
33341,no,yes,no
33342,no,yes,no
33343,no,yes,no
33344,unknown,no,no
33345,no,no,no
33346,unknown,no,no
33347,unknown,no,no
33348,no,yes,no
33349,unknown,no,no
33350,no,yes,no
33351,no,no,no
33352,no,unknown,unknown
33353,unknown,no,no
33354,no,no,no
33355,no,yes,no
33356,no,yes,no
33357,no,no,no
33358,no,no,yes
33359,no,yes,no
33360,no,yes,no
33361,no,no,no
33362,no,yes,no
33363,no,yes,no
33364,unknown,no,no
33365,no,no,no
33366,unknown,yes,no
33367,no,yes,no
33368,no,no,no
33369,no,yes,no
33370,no,no,no
33371,no,no,no
33372,unknown,no,yes
33373,no,yes,no
33374,no,yes,no
33375,no,no,no
33376,no,no,no
33377,no,yes,no
33378,unknown,yes,no
33379,no,unknown,unknown
33380,no,unknown,unknown
33381,no,no,no
33382,no,no,yes
33383,no,no,no
33384,no,yes,no
33385,unknown,no,no
33386,unknown,yes,no
33387,no,no,yes
33388,no,no,no
33389,no,yes,yes
33390,no,yes,no
33391,no,yes,no
33392,unknown,yes,no
33393,unknown,yes,no
33394,no,yes,no
33395,no,no,yes
33396,unknown,yes,no
33397,no,no,no
33398,no,unknown,unknown
33399,no,no,no
33400,no,yes,no
33401,no,no,no
33402,no,yes,no
33403,unknown,yes,no
33404,unknown,yes,no
33405,no,yes,no
33406,no,no,yes
33407,no,yes,no
33408,no,yes,no
33409,no,no,no
33410,no,yes,no
33411,no,yes,no
33412,no,yes,no
33413,no,yes,no
33414,no,yes,yes
33415,no,no,no
33416,no,yes,yes
33417,no,yes,yes
33418,no,no,no
33419,no,yes,yes
33420,no,no,no
33421,no,no,no
33422,no,yes,no
33423,no,yes,yes
33424,no,yes,no
33425,no,yes,no
33426,no,yes,no
33427,no,yes,yes
33428,unknown,yes,no
33429,unknown,no,no
33430,no,no,no
33431,unknown,yes,no
33432,no,yes,no
33433,no,no,no
33434,no,yes,no
33435,no,yes,no
33436,no,unknown,unknown
33437,no,yes,no
33438,no,yes,yes
33439,no,yes,no
33440,no,no,no
33441,unknown,yes,no
33442,no,yes,no
33443,no,no,no
33444,no,no,no
33445,unknown,no,yes
33446,no,yes,no
33447,unknown,yes,no
33448,no,yes,no
33449,no,yes,no
33450,no,yes,no
33451,no,no,no
33452,unknown,no,no
33453,no,yes,no
33454,unknown,no,yes
33455,no,yes,no
33456,unknown,yes,no
33457,unknown,no,yes
33458,no,no,no
33459,no,no,yes
33460,no,yes,yes
33461,no,yes,no
33462,no,unknown,unknown
33463,no,no,no
33464,no,no,no
33465,no,no,no
33466,no,no,no
33467,no,unknown,unknown
33468,no,yes,no
33469,no,yes,yes
33470,no,yes,no
33471,no,no,no
33472,unknown,no,yes
33473,no,yes,no
33474,no,no,no
33475,no,no,no
33476,no,no,no
33477,no,yes,no
33478,no,no,no
33479,no,no,yes
33480,unknown,no,no
33481,no,yes,no
33482,no,yes,no
33483,no,yes,no
33484,no,no,no
33485,no,yes,no
33486,no,no,no
33487,no,no,no
33488,unknown,yes,yes
33489,no,yes,no
33490,unknown,yes,no
33491,no,no,no
33492,no,no,no
33493,no,yes,no
33494,no,yes,yes
33495,unknown,no,no
33496,no,no,no
33497,no,yes,no
33498,unknown,yes,no
33499,no,yes,yes
33500,no,yes,no
33501,no,no,no
33502,no,no,no
33503,no,no,no
33504,no,yes,no
33505,no,yes,no
33506,no,yes,no
33507,no,no,no
33508,no,no,no
33509,no,yes,no
33510,no,yes,yes
33511,no,yes,no
33512,no,yes,no
33513,no,no,yes
33514,no,yes,no
33515,no,yes,no
33516,no,yes,no
33517,no,yes,yes
33518,no,yes,no
33519,unknown,yes,no
33520,no,no,no
33521,no,yes,yes
33522,no,no,no
33523,unknown,no,no
33524,unknown,yes,no
33525,no,yes,no
33526,no,yes,no
33527,no,yes,no
33528,no,no,no
33529,no,no,no
33530,no,no,no
33531,no,no,no
33532,no,yes,no
33533,no,yes,no
33534,no,no,no
33535,no,yes,no
33536,no,yes,no
33537,no,yes,yes
33538,no,yes,no
33539,unknown,yes,no
33540,no,yes,no
33541,no,yes,no
33542,no,no,no
33543,no,yes,no
33544,no,no,no
33545,no,yes,no
33546,no,yes,no
33547,no,no,no
33548,no,yes,no
33549,no,yes,no
33550,no,yes,no
33551,no,yes,no
33552,unknown,no,no
33553,no,yes,no
33554,no,yes,no
33555,no,yes,no
33556,unknown,no,no
33557,no,yes,no
33558,no,yes,no
33559,no,yes,yes
33560,unknown,no,no
33561,unknown,no,no
33562,no,no,no
33563,no,no,no
33564,no,no,no
33565,no,yes,no
33566,no,yes,no
33567,no,yes,no
33568,no,no,no
33569,no,no,no
33570,no,no,no
33571,no,yes,no
33572,no,no,no
33573,no,yes,no
33574,no,unknown,unknown
33575,no,yes,no
33576,unknown,unknown,unknown
33577,no,no,no
33578,no,unknown,unknown
33579,no,no,no
33580,unknown,yes,no
33581,unknown,yes,no
33582,no,no,no
33583,no,no,no
33584,no,no,no
33585,no,yes,no
33586,unknown,no,yes
33587,no,no,yes
33588,no,yes,no
33589,unknown,yes,no
33590,no,yes,no
33591,no,yes,no
33592,no,no,no
33593,no,no,no
33594,no,yes,no
33595,no,yes,no
33596,no,yes,no
33597,unknown,no,no
33598,no,no,no
33599,no,no,no
33600,no,yes,no
33601,no,no,yes
33602,no,no,no
33603,no,no,no
33604,no,yes,no
33605,no,yes,no
33606,unknown,yes,yes
33607,no,yes,no
33608,no,yes,no
33609,no,yes,yes
33610,no,no,no
33611,no,no,no
33612,no,yes,yes
33613,no,no,no
33614,no,yes,no
33615,unknown,yes,yes
33616,no,yes,no
33617,unknown,no,no
33618,no,yes,no
33619,no,yes,no
33620,unknown,yes,no
33621,no,yes,no
33622,no,no,yes
33623,no,yes,yes
33624,no,yes,no
33625,no,no,no
33626,unknown,yes,no
33627,no,yes,yes
33628,unknown,yes,no
33629,no,yes,no
33630,no,yes,yes
33631,no,yes,yes
33632,no,yes,yes
33633,no,yes,yes
33634,no,yes,yes
33635,no,yes,yes
33636,no,yes,yes
33637,no,yes,yes
33638,no,yes,no
33639,unknown,yes,no
33640,unknown,yes,no
33641,no,yes,no
33642,no,no,no
33643,unknown,yes,no
33644,no,yes,no
33645,unknown,yes,no
33646,no,yes,no
33647,unknown,yes,no
33648,unknown,unknown,unknown
33649,no,yes,no
33650,unknown,yes,no
33651,no,yes,no
33652,no,yes,yes
33653,unknown,no,no
33654,no,yes,no
33655,no,yes,no
33656,no,yes,no
33657,unknown,yes,no
33658,no,no,no
33659,no,no,no
33660,unknown,yes,no
33661,no,no,no
33662,no,yes,no
33663,unknown,yes,no
33664,unknown,no,no
33665,unknown,yes,no
33666,unknown,yes,yes
33667,no,yes,no
33668,no,no,no
33669,no,yes,yes
33670,no,no,no
33671,no,no,no
33672,no,yes,no
33673,no,yes,no
33674,no,unknown,unknown
33675,no,yes,yes
33676,no,yes,no
33677,no,no,no
33678,no,no,no
33679,no,yes,no
33680,no,yes,no
33681,no,no,no
33682,no,yes,yes
33683,unknown,no,no
33684,no,yes,no
33685,no,yes,no
33686,no,no,no
33687,no,yes,no
33688,no,yes,no
33689,no,no,no
33690,no,yes,no
33691,unknown,yes,yes
33692,no,yes,no
33693,no,yes,no
33694,no,yes,no
33695,no,yes,no
33696,no,yes,no
33697,no,yes,no
33698,no,yes,no
33699,unknown,yes,no
33700,no,yes,no
33701,no,yes,no
33702,no,yes,no
33703,no,yes,yes
33704,no,no,yes
33705,no,yes,yes
33706,no,no,yes
33707,no,yes,no
33708,no,yes,no
33709,no,yes,no
33710,no,no,no
33711,no,yes,no
33712,no,no,yes
33713,unknown,no,no
33714,no,yes,no
33715,no,yes,no
33716,no,yes,no
33717,no,yes,yes
33718,no,yes,no
33719,no,yes,no
33720,unknown,no,no
33721,no,no,no
33722,unknown,yes,no
33723,no,yes,yes
33724,no,yes,yes
33725,no,yes,no
33726,unknown,yes,yes
33727,no,yes,no
33728,unknown,no,no
33729,no,yes,no
33730,no,yes,no
33731,unknown,yes,no
33732,no,yes,no
33733,no,yes,no
33734,no,yes,no
33735,unknown,yes,yes
33736,no,yes,yes
33737,no,no,yes
33738,no,yes,no
33739,unknown,yes,yes
33740,unknown,yes,yes
33741,no,yes,no
33742,no,yes,no
33743,no,yes,no
33744,no,no,yes
33745,no,no,no
33746,no,no,yes
33747,no,no,no
33748,no,yes,no
33749,no,yes,no
33750,no,yes,yes
33751,unknown,no,no
33752,no,no,no
33753,no,no,no
33754,no,no,no
33755,no,yes,no
33756,no,no,no
33757,no,no,no
33758,no,no,yes
33759,no,yes,no
33760,no,yes,yes
33761,no,no,no
33762,unknown,yes,no
33763,unknown,no,no
33764,no,no,no
33765,no,yes,no
33766,no,no,no
33767,no,yes,no
33768,no,yes,no
33769,no,no,no
33770,no,yes,no
33771,no,yes,no
33772,no,yes,no
33773,no,no,no
33774,no,no,no
33775,no,yes,yes
33776,no,no,no
33777,no,yes,no
33778,no,no,no
33779,no,yes,no
33780,unknown,yes,no
33781,no,yes,no
33782,unknown,no,no
33783,no,yes,no
33784,no,no,no
33785,no,yes,no
33786,no,no,no
33787,no,no,no
33788,unknown,no,no
33789,no,yes,no
33790,no,yes,no
33791,unknown,no,no
33792,no,no,no
33793,no,yes,no
33794,no,yes,yes
33795,no,no,no
33796,no,no,no
33797,no,yes,no
33798,no,no,no
33799,no,no,no
33800,no,yes,no
33801,no,no,no
33802,unknown,no,no
33803,no,yes,no
33804,no,no,no
33805,no,no,no
33806,no,yes,no
33807,no,no,no
33808,no,no,no
33809,no,no,no
33810,no,unknown,unknown
33811,unknown,yes,no
33812,no,yes,no
33813,no,yes,no
33814,no,yes,no
33815,no,no,no
33816,unknown,no,no
33817,no,no,no
33818,no,no,yes
33819,unknown,yes,no
33820,unknown,yes,no
33821,unknown,yes,no
33822,no,yes,no
33823,unknown,unknown,unknown
33824,no,yes,no
33825,no,yes,no
33826,no,no,no
33827,no,no,yes
33828,unknown,no,no
33829,no,yes,no
33830,no,no,no
33831,unknown,no,no
33832,no,no,yes
33833,no,no,no
33834,unknown,no,no
33835,no,yes,no
33836,no,yes,no
33837,no,no,no
33838,no,no,no
33839,no,yes,no
33840,no,yes,no
33841,no,yes,no
33842,unknown,no,no
33843,no,no,no
33844,no,yes,no
33845,unknown,no,no
33846,no,yes,yes
33847,no,yes,no
33848,no,no,no
33849,no,unknown,unknown
33850,no,yes,no
33851,no,yes,no
33852,no,no,no
33853,unknown,no,no
33854,no,yes,no
33855,no,yes,no
33856,no,yes,no
33857,no,no,no
33858,unknown,no,no
33859,no,yes,no
33860,no,no,no
33861,no,yes,no
33862,no,yes,no
33863,no,yes,no
33864,no,yes,no
33865,no,yes,yes
33866,no,no,no
33867,no,no,no
33868,no,yes,no
33869,no,yes,no
33870,no,no,no
33871,no,no,no
33872,no,yes,no
33873,no,yes,yes
33874,no,yes,no
33875,no,no,no
33876,no,yes,yes
33877,no,yes,no
33878,unknown,no,no
33879,no,no,no
33880,unknown,yes,no
33881,no,yes,no
33882,no,no,no
33883,no,yes,no
33884,no,yes,no
33885,no,yes,no
33886,no,yes,no
33887,no,no,no
33888,no,yes,no
33889,no,yes,no
33890,unknown,yes,no
33891,no,no,no
33892,no,yes,yes
33893,no,yes,no
33894,no,no,no
33895,unknown,no,no
33896,no,no,no
33897,no,yes,no
33898,no,yes,no
33899,no,yes,no
33900,no,no,yes
33901,no,yes,no
33902,no,no,no
33903,no,yes,no
33904,no,yes,no
33905,no,unknown,unknown
33906,no,yes,no
33907,unknown,yes,no
33908,no,yes,no
33909,unknown,yes,no
33910,no,no,no
33911,no,yes,no
33912,no,no,yes
33913,no,yes,no
33914,no,no,yes
33915,no,yes,no
33916,no,yes,no
33917,no,yes,no
33918,no,yes,yes
33919,no,yes,no
33920,no,no,no
33921,no,yes,no
33922,no,no,yes
33923,no,no,yes
33924,unknown,no,no
33925,no,yes,yes
33926,no,yes,no
33927,no,no,no
33928,no,yes,no
33929,no,yes,no
33930,no,yes,yes
33931,no,yes,yes
33932,no,no,no
33933,no,yes,yes
33934,no,no,no
33935,no,yes,no
33936,no,yes,yes
33937,unknown,no,no
33938,no,yes,no
33939,no,yes,yes
33940,unknown,no,no
33941,no,no,no
33942,unknown,no,no
33943,no,yes,no
33944,no,yes,yes
33945,no,yes,no
33946,no,no,no
33947,no,yes,no
33948,no,yes,yes
33949,no,yes,yes
33950,no,no,no
33951,no,no,no
33952,unknown,yes,no
33953,no,yes,yes
33954,no,no,no
33955,no,yes,no
33956,no,no,yes
33957,no,yes,yes
33958,no,no,no
33959,no,yes,no
33960,no,no,no
33961,no,yes,no
33962,no,no,no
33963,no,no,no
33964,no,no,no
33965,unknown,yes,no
33966,unknown,yes,no
33967,no,yes,no
33968,no,yes,no
33969,no,yes,no
33970,no,yes,no
33971,unknown,yes,no
33972,no,no,no
33973,no,no,no
33974,no,no,yes
33975,no,yes,yes
33976,no,no,no
33977,no,no,no
33978,unknown,yes,no
33979,no,no,no
33980,unknown,no,no
33981,no,no,yes
33982,unknown,no,no
33983,no,yes,no
33984,no,yes,no
33985,unknown,no,no
33986,no,yes,no
33987,no,no,no
33988,no,yes,no
33989,no,no,no
33990,no,no,no
33991,no,no,no
33992,no,yes,no
33993,no,yes,no
33994,no,no,no
33995,no,no,no
33996,no,yes,no
33997,no,yes,no
33998,no,yes,yes
33999,no,yes,no
34000,no,yes,no
34001,no,no,no
34002,no,no,no
34003,no,no,no
34004,no,no,yes
34005,no,no,no
34006,no,no,yes
34007,no,yes,no
34008,no,yes,no
34009,no,yes,yes
34010,no,yes,no
34011,no,yes,no
34012,no,no,no
34013,no,no,no
34014,no,yes,no
34015,no,yes,no
34016,no,yes,no
34017,no,no,no
34018,no,yes,no
34019,no,yes,no
34020,no,yes,no
34021,no,yes,no
34022,no,no,no
34023,unknown,yes,no
34024,no,no,no
34025,no,yes,no
34026,no,yes,no
34027,no,no,no
34028,no,yes,no
34029,no,no,no
34030,no,yes,no
34031,no,yes,no
34032,no,yes,yes
34033,no,yes,no
34034,unknown,yes,no
34035,no,yes,no
34036,unknown,yes,no
34037,no,yes,no
34038,no,yes,no
34039,unknown,no,no
34040,no,yes,no
34041,no,yes,no
34042,no,no,yes
34043,no,yes,no
34044,no,no,no
34045,no,yes,no
34046,no,yes,no
34047,unknown,no,no
34048,no,yes,no
34049,no,no,yes
34050,no,yes,no
34051,unknown,yes,no
34052,unknown,yes,no
34053,no,no,no
34054,no,no,no
34055,unknown,yes,yes
34056,unknown,no,no
34057,no,no,no
34058,no,no,no
34059,unknown,yes,yes
34060,no,yes,no
34061,no,yes,yes
34062,no,yes,no
34063,unknown,yes,no
34064,no,no,no
34065,no,yes,no
34066,no,yes,no
34067,no,yes,yes
34068,no,no,no
34069,no,yes,yes
34070,no,no,no
34071,no,no,yes
34072,no,no,no
34073,no,yes,yes
34074,no,yes,no
34075,no,no,yes
34076,no,yes,yes
34077,no,no,no
34078,no,yes,yes
34079,unknown,no,no
34080,no,yes,no
34081,no,no,no
34082,no,yes,no
34083,no,yes,no
34084,unknown,no,no
34085,no,yes,no
34086,no,yes,yes
34087,no,no,no
34088,unknown,yes,yes
34089,no,yes,no
34090,no,yes,yes
34091,no,no,no
34092,unknown,no,no
34093,no,no,no
34094,no,no,no
34095,no,no,yes
34096,no,no,yes
34097,no,yes,yes
34098,no,yes,no
34099,no,yes,no
34100,no,yes,no
34101,no,no,no
34102,no,no,no
34103,no,no,no
34104,no,yes,no
34105,no,yes,no
34106,no,yes,no
34107,no,no,no
34108,no,unknown,unknown
34109,no,yes,no
34110,no,yes,no
34111,no,yes,no
34112,no,no,no
34113,no,no,yes
34114,no,no,no
34115,no,yes,no
34116,no,no,yes
34117,no,yes,no
34118,no,yes,yes
34119,no,yes,no
34120,no,no,no
34121,unknown,yes,no
34122,no,yes,no
34123,no,yes,no
34124,no,yes,no
34125,unknown,yes,no
34126,no,no,yes
34127,no,yes,no
34128,no,no,no
34129,no,yes,no
34130,unknown,yes,no
34131,no,no,no
34132,no,unknown,unknown
34133,unknown,no,no
34134,no,yes,no
34135,unknown,yes,yes
34136,no,yes,no
34137,no,no,no
34138,no,yes,no
34139,no,yes,yes
34140,no,yes,no
34141,no,no,no
34142,unknown,no,no
34143,no,no,yes
34144,no,yes,no
34145,no,no,no
34146,unknown,yes,no
34147,no,yes,no
34148,no,unknown,unknown
34149,no,yes,no
34150,unknown,no,no
34151,no,yes,no
34152,no,yes,yes
34153,no,no,yes
34154,no,yes,yes
34155,no,no,no
34156,no,yes,no
34157,no,yes,no
34158,no,yes,yes
34159,no,no,no
34160,no,no,no
34161,no,yes,no
34162,unknown,no,yes
34163,no,yes,no
34164,no,no,no
34165,no,no,no
34166,no,no,no
34167,no,yes,no
34168,unknown,yes,no
34169,no,no,no
34170,no,no,no
34171,no,yes,no
34172,no,yes,no
34173,no,no,no
34174,no,no,no
34175,no,no,no
34176,unknown,no,no
34177,no,yes,no
34178,unknown,no,no
34179,no,no,no
34180,unknown,no,no
34181,no,yes,no
34182,no,yes,no
34183,no,no,no
34184,no,yes,no
34185,no,yes,no
34186,no,yes,no
34187,no,no,yes
34188,unknown,yes,no
34189,no,no,no
34190,no,no,no
34191,no,yes,no
34192,no,no,yes
34193,no,yes,no
34194,no,no,yes
34195,no,no,no
34196,no,yes,no
34197,no,yes,no
34198,no,no,yes
34199,no,no,yes
34200,unknown,no,no
34201,unknown,yes,no
34202,no,yes,no
34203,no,yes,no
34204,no,no,yes
34205,no,no,no
34206,no,yes,no
34207,unknown,yes,no
34208,no,yes,no
34209,no,no,yes
34210,no,no,yes
34211,no,yes,no
34212,no,no,no
34213,no,no,no
34214,no,no,no
34215,no,yes,no
34216,no,yes,no
34217,no,no,no
34218,no,no,no
34219,unknown,no,no
34220,no,no,no
34221,no,yes,yes
34222,unknown,yes,no
34223,no,no,no
34224,unknown,yes,no
34225,no,yes,yes
34226,no,yes,no
34227,no,no,no
34228,no,no,yes
34229,unknown,no,no
34230,no,no,no
34231,no,no,no
34232,no,no,no
34233,no,no,no
34234,no,no,no
34235,unknown,yes,no
34236,no,no,no
34237,no,yes,no
34238,no,yes,yes
34239,no,no,no
34240,no,no,yes
34241,unknown,yes,no
34242,no,yes,no
34243,no,no,no
34244,no,yes,no
34245,no,yes,no
34246,unknown,yes,no
34247,no,no,no
34248,no,yes,no
34249,no,yes,yes
34250,no,no,no
34251,no,yes,no
34252,no,yes,yes
34253,no,yes,no
34254,no,no,no
34255,no,yes,no
34256,no,no,no
34257,no,yes,no
34258,no,yes,no
34259,unknown,yes,no
34260,unknown,no,no
34261,no,yes,no
34262,no,no,no
34263,no,no,yes
34264,unknown,yes,yes
34265,unknown,yes,no
34266,no,yes,no
34267,no,unknown,unknown
34268,no,yes,no
34269,no,yes,no
34270,no,yes,no
34271,no,yes,no
34272,no,yes,no
34273,no,yes,no
34274,unknown,yes,yes
34275,no,no,no
34276,no,no,yes
34277,no,no,yes
34278,unknown,yes,no
34279,no,no,no
34280,no,yes,no
34281,no,yes,no
34282,unknown,no,no
34283,no,yes,no
34284,no,no,no
34285,unknown,yes,no
34286,no,no,no
34287,unknown,no,no
34288,no,no,no
34289,no,no,no
34290,unknown,no,no
34291,no,yes,no
34292,unknown,no,no
34293,unknown,yes,no
34294,no,no,no
34295,no,yes,no
34296,no,yes,no
34297,no,no,no
34298,no,no,no
34299,no,unknown,unknown
34300,no,no,no
34301,no,yes,yes
34302,no,yes,no
34303,no,yes,no
34304,no,yes,yes
34305,no,yes,yes
34306,no,yes,yes
34307,no,no,no
34308,no,no,no
34309,no,yes,yes
34310,no,no,no
34311,no,yes,no
34312,no,yes,no
34313,unknown,no,no
34314,unknown,yes,no
34315,no,yes,yes
34316,no,yes,yes
34317,no,yes,yes
34318,no,yes,no
34319,no,yes,no
34320,no,no,no
34321,no,yes,no
34322,no,no,no
34323,no,no,no
34324,no,no,no
34325,unknown,no,no
34326,unknown,no,no
34327,no,no,no
34328,no,no,no
34329,no,yes,no
34330,unknown,no,no
34331,no,no,no
34332,no,yes,no
34333,no,yes,no
34334,unknown,yes,yes
34335,no,yes,no
34336,no,yes,no
34337,unknown,no,no
34338,no,yes,no
34339,no,no,no
34340,no,yes,no
34341,no,no,no
34342,no,no,yes
34343,no,no,yes
34344,no,no,no
34345,unknown,yes,no
34346,no,yes,no
34347,no,no,no
34348,no,no,no
34349,no,yes,yes
34350,no,no,no
34351,no,no,yes
34352,unknown,no,no
34353,no,no,yes
34354,unknown,yes,no
34355,no,no,no
34356,no,yes,no
34357,no,yes,no
34358,no,yes,no
34359,no,yes,no
34360,no,unknown,unknown
34361,no,yes,no
34362,no,yes,no
34363,no,yes,yes
34364,no,no,no
34365,unknown,no,no
34366,no,yes,no
34367,no,yes,no
34368,unknown,yes,no
34369,unknown,yes,no
34370,no,yes,yes
34371,no,no,no
34372,no,yes,no
34373,no,no,no
34374,no,no,no
34375,no,no,no
34376,no,yes,no
34377,no,no,no
34378,no,yes,no
34379,unknown,no,no
34380,no,yes,yes
34381,no,no,no
34382,no,yes,no
34383,no,no,no
34384,no,no,no
34385,no,yes,no
34386,no,no,yes
34387,no,no,no
34388,no,no,yes
34389,no,no,no
34390,no,no,no
34391,no,no,no
34392,no,no,yes
34393,unknown,yes,no
34394,no,no,yes
34395,unknown,yes,no
34396,no,yes,yes
34397,no,yes,no
34398,no,yes,no
34399,no,yes,no
34400,no,no,no
34401,unknown,no,no
34402,no,no,no
34403,unknown,yes,no
34404,no,no,no
34405,no,yes,no
34406,no,yes,yes
34407,no,no,no
34408,unknown,no,no
34409,no,yes,no
34410,no,yes,no
34411,no,no,no
34412,no,no,no
34413,no,no,no
34414,no,yes,no
34415,no,no,no
34416,no,yes,no
34417,no,no,no
34418,unknown,no,no
34419,no,yes,no
34420,no,yes,no
34421,unknown,no,no
34422,no,yes,yes
34423,no,yes,no
34424,no,no,no
34425,no,no,yes
34426,no,no,no
34427,unknown,yes,yes
34428,no,yes,no
34429,no,no,yes
34430,unknown,yes,no
34431,no,yes,no
34432,no,no,no
34433,no,no,no
34434,no,no,no
34435,no,yes,no
34436,no,no,no
34437,no,yes,no
34438,no,yes,no
34439,no,no,no
34440,no,yes,no
34441,no,yes,no
34442,no,no,no
34443,unknown,yes,yes
34444,no,no,no
34445,no,no,no
34446,no,yes,no
34447,no,yes,yes
34448,no,yes,no
34449,unknown,no,no
34450,no,yes,yes
34451,no,no,yes
34452,unknown,yes,no
34453,no,no,no
34454,no,no,no
34455,unknown,yes,no
34456,no,yes,yes
34457,no,no,no
34458,no,no,no
34459,no,yes,no
34460,no,no,no
34461,no,no,no
34462,no,no,no
34463,no,yes,no
34464,no,yes,no
34465,no,no,no
34466,no,yes,no
34467,no,no,yes
34468,no,no,no
34469,no,no,no
34470,no,no,no
34471,unknown,no,no
34472,no,yes,no
34473,no,no,no
34474,no,no,no
34475,no,yes,yes
34476,no,yes,no
34477,no,yes,no
34478,no,no,no
34479,no,yes,no
34480,unknown,no,no
34481,no,no,no
34482,no,yes,no
34483,no,yes,no
34484,no,yes,no
34485,no,no,no
34486,no,yes,yes
34487,no,yes,no
34488,no,unknown,unknown
34489,no,no,yes
34490,no,no,no
34491,no,yes,yes
34492,no,no,no
34493,no,yes,no
34494,no,yes,no
34495,no,no,no
34496,no,yes,no
34497,no,yes,no
34498,no,no,no
34499,no,no,no
34500,unknown,no,yes
34501,no,no,yes
34502,no,yes,no
34503,no,yes,no
34504,no,yes,no
34505,unknown,no,no
34506,no,no,no
34507,no,no,no
34508,no,yes,no
34509,no,yes,yes
34510,no,yes,no
34511,no,yes,no
34512,unknown,yes,no
34513,unknown,yes,no
34514,no,yes,no
34515,no,yes,no
34516,no,no,no
34517,no,no,no
34518,no,no,no
34519,no,no,no
34520,no,yes,no
34521,no,no,no
34522,no,yes,yes
34523,no,yes,no
34524,no,unknown,unknown
34525,no,yes,no
34526,no,yes,no
34527,no,yes,no
34528,no,no,no
34529,no,yes,no
34530,unknown,no,no
34531,no,no,no
34532,no,yes,no
34533,unknown,yes,yes
34534,no,no,no
34535,no,no,no
34536,no,yes,no
34537,no,no,no
34538,unknown,yes,no
34539,unknown,yes,no
34540,no,yes,no
34541,no,no,yes
34542,no,no,no
34543,no,yes,no
34544,no,yes,no
34545,no,yes,no
34546,no,no,no
34547,no,unknown,unknown
34548,no,yes,no
34549,unknown,yes,no
34550,no,yes,no
34551,no,yes,no
34552,no,yes,no
34553,no,yes,no
34554,no,yes,no
34555,no,yes,no
34556,no,yes,no
34557,no,no,no
34558,no,no,no
34559,no,no,no
34560,no,unknown,unknown
34561,no,unknown,unknown
34562,no,no,no
34563,no,yes,no
34564,unknown,yes,no
34565,no,yes,no
34566,unknown,no,no
34567,no,yes,no
34568,no,no,no
34569,unknown,yes,no
34570,no,no,no
34571,no,no,no
34572,no,yes,no
34573,no,yes,no
34574,unknown,yes,no
34575,no,yes,no
34576,no,no,no
34577,no,no,no
34578,no,no,no
34579,no,yes,no
34580,no,yes,no
34581,no,yes,no
34582,no,yes,no
34583,no,yes,no
34584,no,yes,no
34585,no,yes,no
34586,no,no,no
34587,no,yes,no
34588,no,yes,no
34589,no,no,no
34590,no,yes,no
34591,no,yes,no
34592,no,yes,no
34593,no,yes,no
34594,no,yes,no
34595,no,no,no
34596,no,no,no
34597,no,no,yes
34598,no,yes,yes
34599,no,yes,yes
34600,no,yes,no
34601,no,yes,yes
34602,no,no,no
34603,no,yes,no
34604,no,no,no
34605,no,no,no
34606,no,yes,no
34607,no,yes,no
34608,no,yes,no
34609,no,unknown,unknown
34610,no,yes,no
34611,no,yes,yes
34612,unknown,no,no
34613,no,yes,yes
34614,no,yes,no
34615,no,yes,no
34616,no,no,no
34617,no,no,no
34618,unknown,no,no
34619,unknown,unknown,unknown
34620,no,yes,no
34621,no,yes,yes
34622,no,yes,no
34623,no,no,no
34624,no,yes,yes
34625,no,yes,no
34626,no,yes,yes
34627,no,yes,no
34628,no,yes,no
34629,no,no,no
34630,no,yes,no
34631,no,no,no
34632,no,yes,no
34633,no,no,no
34634,no,yes,no
34635,unknown,yes,yes
34636,no,yes,no
34637,no,yes,yes
34638,unknown,yes,no
34639,no,yes,no
34640,no,yes,no
34641,no,no,no
34642,no,no,yes
34643,no,no,no
34644,no,no,no
34645,no,yes,no
34646,no,yes,yes
34647,no,yes,yes
34648,no,yes,no
34649,no,yes,no
34650,no,yes,no
34651,no,yes,no
34652,no,unknown,unknown
34653,no,yes,no
34654,no,no,no
34655,no,no,no
34656,no,no,no
34657,no,unknown,unknown
34658,no,yes,no
34659,no,no,no
34660,no,no,yes
34661,no,no,yes
34662,no,no,no
34663,no,yes,no
34664,unknown,yes,no
34665,no,no,yes
34666,no,yes,no
34667,no,yes,no
34668,no,no,no
34669,no,no,no
34670,no,yes,no
34671,no,yes,no
34672,unknown,no,yes
34673,no,no,yes
34674,no,yes,no
34675,no,no,no
34676,no,yes,no
34677,no,yes,no
34678,no,yes,no
34679,no,no,no
34680,no,no,no
34681,no,no,no
34682,no,no,yes
34683,unknown,yes,no
34684,unknown,yes,no
34685,no,no,no
34686,no,yes,no
34687,unknown,yes,no
34688,no,yes,no
34689,no,yes,yes
34690,no,no,no
34691,no,yes,yes
34692,unknown,yes,yes
34693,unknown,no,yes
34694,unknown,yes,yes
34695,no,yes,no
34696,no,yes,no
34697,unknown,no,yes
34698,no,no,no
34699,no,unknown,unknown
34700,no,yes,yes
34701,no,yes,no
34702,no,no,no
34703,no,no,no
34704,no,yes,no
34705,no,unknown,unknown
34706,no,yes,yes
34707,no,no,no
34708,no,yes,no
34709,no,yes,no
34710,no,yes,no
34711,no,yes,no
34712,no,yes,no
34713,no,yes,no
34714,no,yes,no
34715,no,yes,no
34716,unknown,no,yes
34717,no,yes,no
34718,no,yes,no
34719,no,yes,no
34720,no,yes,no
34721,no,yes,no
34722,no,yes,no
34723,no,no,no
34724,no,no,no
34725,no,no,no
34726,no,yes,no
34727,unknown,yes,no
34728,no,yes,no
34729,no,no,yes
34730,no,yes,yes
34731,no,no,no
34732,no,no,yes
34733,unknown,no,no
34734,no,no,no
34735,no,yes,no
34736,no,yes,no
34737,no,yes,no
34738,unknown,no,no
34739,unknown,yes,no
34740,no,no,no
34741,no,no,no
34742,no,yes,no
34743,no,no,no
34744,unknown,no,no
34745,no,yes,no
34746,unknown,yes,no
34747,no,yes,yes
34748,no,no,no
34749,no,no,yes
34750,no,yes,yes
34751,no,yes,no
34752,no,no,no
34753,unknown,yes,yes
34754,no,no,no
34755,no,yes,no
34756,no,yes,no
34757,unknown,yes,no
34758,unknown,no,yes
34759,no,yes,no
34760,no,no,no
34761,unknown,yes,yes
34762,unknown,yes,no
34763,no,yes,no
34764,unknown,yes,no
34765,no,yes,no
34766,no,yes,no
34767,no,no,no
34768,no,yes,no
34769,no,no,no
34770,no,no,no
34771,no,yes,no
34772,unknown,no,no
34773,no,no,no
34774,no,yes,yes
34775,no,yes,no
34776,no,no,no
34777,no,yes,no
34778,no,no,no
34779,no,yes,no
34780,no,no,no
34781,unknown,no,yes
34782,no,no,no
34783,no,yes,yes
34784,no,no,yes
34785,no,yes,no
34786,no,no,no
34787,no,no,no
34788,no,no,yes
34789,unknown,yes,yes
34790,no,no,yes
34791,unknown,yes,yes
34792,no,yes,no
34793,no,yes,yes
34794,unknown,yes,no
34795,no,yes,yes
34796,no,yes,no
34797,no,no,no
34798,no,yes,no
34799,no,yes,no
34800,no,yes,no
34801,no,yes,no
34802,no,no,no
34803,unknown,no,no
34804,no,no,no
34805,no,no,no
34806,no,no,no
34807,unknown,no,yes
34808,no,no,no
34809,unknown,yes,no
34810,no,yes,no
34811,no,yes,yes
34812,no,no,no
34813,no,yes,no
34814,unknown,no,no
34815,no,yes,no
34816,no,yes,no
34817,no,no,yes
34818,no,yes,no
34819,no,no,yes
34820,no,yes,no
34821,unknown,no,no
34822,no,yes,no
34823,no,yes,yes
34824,unknown,yes,no
34825,no,yes,yes
34826,no,no,no
34827,unknown,unknown,unknown
34828,no,no,yes
34829,no,no,no
34830,no,yes,yes
34831,no,yes,no
34832,no,yes,no
34833,no,yes,no
34834,no,yes,no
34835,no,yes,no
34836,no,no,no
34837,unknown,yes,no
34838,no,no,yes
34839,no,yes,no
34840,no,no,no
34841,no,no,no
34842,no,no,no
34843,no,yes,yes
34844,no,yes,yes
34845,no,no,no
34846,no,yes,no
34847,no,yes,no
34848,no,yes,no
34849,no,unknown,unknown
34850,no,yes,yes
34851,no,yes,no
34852,no,yes,yes
34853,no,no,no
34854,no,yes,yes
34855,no,no,no
34856,no,no,no
34857,no,yes,no
34858,no,yes,no
34859,no,unknown,unknown
34860,no,no,no
34861,no,no,no
34862,no,yes,no
34863,no,yes,no
34864,no,yes,no
34865,no,yes,no
34866,no,yes,no
34867,no,yes,no
34868,no,yes,no
34869,no,yes,no
34870,no,yes,no
34871,no,no,no
34872,no,yes,no
34873,no,yes,no
34874,no,no,no
34875,unknown,yes,yes
34876,no,yes,no
34877,no,yes,no
34878,no,yes,no
34879,no,no,no
34880,no,no,no
34881,no,yes,yes
34882,no,yes,no
34883,no,yes,no
34884,no,yes,no
34885,no,yes,yes
34886,unknown,no,no
34887,no,no,no
34888,no,yes,no
34889,unknown,yes,no
34890,no,yes,no
34891,no,no,no
34892,no,yes,no
34893,no,no,no
34894,no,yes,no
34895,no,no,no
34896,unknown,yes,no
34897,no,yes,yes
34898,no,yes,yes
34899,no,yes,no
34900,no,yes,no
34901,unknown,yes,no
34902,no,no,no
34903,no,yes,no
34904,no,no,no
34905,no,no,no
34906,unknown,no,no
34907,no,no,no
34908,no,no,no
34909,no,yes,no
34910,no,yes,no
34911,no,yes,no
34912,no,no,no
34913,no,yes,no
34914,no,yes,no
34915,no,no,no
34916,no,yes,no
34917,no,yes,yes
34918,no,yes,no
34919,no,no,no
34920,no,yes,no
34921,no,yes,no
34922,no,no,yes
34923,no,no,no
34924,no,yes,no
34925,unknown,yes,yes
34926,no,yes,no
34927,no,yes,no
34928,unknown,yes,no
34929,no,no,no
34930,no,yes,no
34931,no,no,no
34932,unknown,no,no
34933,no,yes,yes
34934,no,yes,no
34935,no,yes,no
34936,no,no,no
34937,no,no,no
34938,unknown,no,no
34939,no,no,no
34940,unknown,yes,no
34941,no,no,no
34942,no,yes,no
34943,no,yes,no
34944,no,no,no
34945,no,yes,no
34946,no,no,no
34947,no,yes,no
34948,no,yes,no
34949,no,no,no
34950,no,yes,no
34951,no,no,no
34952,unknown,yes,no
34953,unknown,no,no
34954,unknown,yes,no
34955,unknown,no,no
34956,no,no,no
34957,no,yes,no
34958,unknown,no,no
34959,no,yes,no
34960,no,yes,no
34961,unknown,yes,no
34962,no,no,no
34963,no,no,no
34964,no,yes,no
34965,no,no,no
34966,no,yes,no
34967,no,yes,no
34968,unknown,yes,no
34969,no,yes,no
34970,no,unknown,unknown
34971,unknown,unknown,unknown
34972,no,no,no
34973,no,yes,no
34974,no,yes,no
34975,no,no,no
34976,unknown,yes,no
34977,no,yes,no
34978,no,yes,no
34979,unknown,yes,no
34980,no,yes,no
34981,no,yes,no
34982,no,no,no
34983,no,yes,no
34984,no,yes,no
34985,no,unknown,unknown
34986,no,yes,no
34987,no,no,yes
34988,no,yes,no
34989,no,yes,no
34990,no,unknown,unknown
34991,no,yes,no
34992,no,yes,no
34993,no,no,no
34994,unknown,yes,no
34995,no,yes,no
34996,no,yes,no
34997,no,yes,no
34998,no,yes,no
34999,no,yes,no
35000,no,yes,no
35001,no,yes,no
35002,no,no,yes
35003,no,yes,no
35004,no,yes,no
35005,unknown,yes,no
35006,no,unknown,unknown
35007,unknown,yes,no
35008,no,yes,yes
35009,unknown,no,no
35010,no,no,no
35011,no,yes,no
35012,no,yes,no
35013,unknown,no,yes
35014,no,yes,no
35015,unknown,yes,no
35016,no,no,yes
35017,no,no,no
35018,no,yes,yes
35019,no,no,no
35020,no,no,no
35021,unknown,yes,no
35022,no,no,no
35023,no,yes,yes
35024,no,no,no
35025,unknown,no,no
35026,no,yes,no
35027,no,unknown,unknown
35028,unknown,yes,yes
35029,no,no,no
35030,no,yes,no
35031,no,yes,no
35032,no,yes,no
35033,no,yes,yes
35034,no,no,no
35035,no,no,no
35036,no,yes,no
35037,no,unknown,unknown
35038,no,no,no
35039,no,no,no
35040,no,yes,no
35041,no,yes,no
35042,no,yes,no
35043,unknown,yes,no
35044,unknown,yes,no
35045,no,yes,no
35046,no,no,no
35047,no,no,yes
35048,no,no,no
35049,no,no,yes
35050,no,yes,no
35051,no,yes,no
35052,no,yes,no
35053,no,no,no
35054,no,yes,no
35055,no,no,yes
35056,no,no,no
35057,no,no,no
35058,no,no,no
35059,no,no,no
35060,no,no,no
35061,no,yes,no
35062,no,yes,yes
35063,no,yes,yes
35064,no,yes,no
35065,no,yes,yes
35066,no,yes,yes
35067,no,yes,no
35068,no,no,yes
35069,unknown,yes,no
35070,unknown,yes,no
35071,no,yes,no
35072,no,yes,no
35073,unknown,yes,no
35074,unknown,no,no
35075,unknown,yes,no
35076,no,yes,no
35077,no,no,yes
35078,no,no,no
35079,no,no,no
35080,no,no,no
35081,no,yes,no
35082,no,no,no
35083,no,yes,no
35084,no,yes,no
35085,no,yes,no
35086,no,yes,no
35087,no,yes,no
35088,unknown,yes,no
35089,no,unknown,unknown
35090,no,no,no
35091,no,yes,no
35092,no,unknown,unknown
35093,no,yes,no
35094,no,no,no
35095,no,yes,no
35096,no,no,no
35097,no,yes,no
35098,no,yes,no
35099,no,no,no
35100,no,no,yes
35101,unknown,no,no
35102,no,no,no
35103,no,no,no
35104,no,yes,no
35105,no,no,no
35106,no,no,no
35107,no,yes,yes
35108,no,yes,no
35109,no,yes,no
35110,no,no,no
35111,no,unknown,unknown
35112,no,no,no
35113,no,no,no
35114,no,no,no
35115,no,yes,yes
35116,no,no,no
35117,no,yes,yes
35118,no,yes,no
35119,no,yes,no
35120,unknown,yes,no
35121,no,yes,no
35122,unknown,no,no
35123,unknown,yes,no
35124,no,yes,yes
35125,no,yes,no
35126,no,yes,no
35127,no,yes,yes
35128,unknown,no,yes
35129,no,yes,no
35130,no,no,no
35131,no,yes,yes
35132,no,yes,no
35133,no,yes,no
35134,no,no,no
35135,unknown,yes,no
35136,unknown,no,yes
35137,no,no,yes
35138,no,unknown,unknown
35139,no,no,no
35140,no,yes,no
35141,no,yes,no
35142,no,yes,no
35143,no,no,yes
35144,unknown,no,no
35145,no,yes,no
35146,no,yes,no
35147,no,no,no
35148,no,yes,no
35149,no,yes,no
35150,unknown,yes,no
35151,no,no,no
35152,no,no,yes
35153,no,no,no
35154,no,yes,no
35155,no,no,no
35156,no,yes,yes
35157,no,no,no
35158,no,yes,no
35159,no,yes,no
35160,unknown,no,no
35161,no,yes,no
35162,no,no,no
35163,no,yes,no
35164,no,yes,no
35165,no,no,no
35166,no,yes,no
35167,no,no,no
35168,no,yes,no
35169,no,no,no
35170,no,yes,no
35171,unknown,yes,no
35172,no,no,no
35173,no,yes,no
35174,no,yes,no
35175,unknown,yes,no
35176,no,no,no
35177,no,yes,yes
35178,unknown,yes,no
35179,no,yes,no
35180,no,no,yes
35181,no,no,no
35182,no,yes,no
35183,unknown,no,no
35184,unknown,yes,no
35185,no,yes,yes
35186,unknown,no,yes
35187,no,no,no
35188,unknown,no,no
35189,no,no,no
35190,no,yes,no
35191,no,yes,no
35192,no,yes,no
35193,no,yes,no
35194,unknown,yes,no
35195,unknown,yes,no
35196,unknown,yes,no
35197,no,yes,no
35198,unknown,yes,no
35199,no,yes,no
35200,unknown,no,no
35201,no,no,no
35202,no,no,no
35203,no,no,no
35204,no,no,no
35205,no,yes,no
35206,no,no,no
35207,no,yes,no
35208,no,no,no
35209,unknown,yes,no
35210,no,no,no
35211,no,yes,no
35212,no,no,no
35213,unknown,no,no
35214,no,yes,no
35215,unknown,yes,no
35216,no,no,no
35217,no,yes,yes
35218,no,yes,no
35219,no,yes,no
35220,no,no,yes
35221,no,no,yes
35222,no,no,no
35223,no,yes,no
35224,unknown,yes,no
35225,no,yes,no
35226,no,yes,no
35227,no,yes,no
35228,unknown,no,no
35229,no,yes,no
35230,no,no,no
35231,no,yes,no
35232,no,unknown,unknown
35233,unknown,yes,no
35234,unknown,no,no
35235,no,yes,no
35236,no,yes,no
35237,no,yes,no
35238,no,yes,no
35239,no,yes,no
35240,no,no,no
35241,no,no,no
35242,unknown,no,no
35243,no,yes,no
35244,no,yes,no
35245,no,no,no
35246,no,no,no
35247,no,yes,no
35248,no,no,no
35249,no,no,no
35250,no,yes,no
35251,no,no,no
35252,no,no,no
35253,no,no,no
35254,no,no,no
35255,no,yes,no
35256,no,yes,no
35257,no,no,no
35258,no,no,no
35259,no,yes,no
35260,no,yes,yes
35261,no,no,no
35262,no,no,yes
35263,unknown,yes,no
35264,no,yes,yes
35265,no,yes,yes
35266,no,yes,no
35267,unknown,yes,no
35268,no,yes,no
35269,no,yes,yes
35270,no,yes,no
35271,no,yes,yes
35272,no,yes,no
35273,no,no,yes
35274,no,no,no
35275,no,yes,yes
35276,no,yes,no
35277,no,yes,yes
35278,no,yes,no
35279,no,yes,yes
35280,no,yes,yes
35281,no,no,no
35282,no,no,no
35283,no,yes,no
35284,no,unknown,unknown
35285,no,yes,no
35286,no,no,no
35287,no,no,no
35288,unknown,no,no
35289,no,no,no
35290,no,yes,no
35291,no,yes,yes
35292,no,no,no
35293,unknown,no,no
35294,no,yes,yes
35295,no,yes,yes
35296,no,yes,no
35297,no,no,no
35298,no,no,no
35299,no,yes,no
35300,no,no,yes
35301,unknown,no,no
35302,no,yes,no
35303,no,yes,no
35304,no,no,no
35305,no,no,no
35306,no,no,no
35307,unknown,yes,no
35308,no,yes,no
35309,no,yes,yes
35310,no,yes,yes
35311,no,no,no
35312,no,no,no
35313,unknown,yes,no
35314,no,no,no
35315,no,no,no
35316,no,yes,no
35317,no,yes,yes
35318,no,yes,no
35319,no,yes,no
35320,no,no,no
35321,no,no,no
35322,no,yes,yes
35323,no,yes,no
35324,no,no,no
35325,no,no,no
35326,no,no,no
35327,no,yes,no
35328,no,yes,no
35329,no,yes,no
35330,no,no,no
35331,no,no,no
35332,no,no,no
35333,no,no,no
35334,no,yes,no
35335,no,yes,yes
35336,no,no,yes
35337,no,no,no
35338,no,yes,no
35339,no,no,no
35340,no,no,no
35341,no,yes,yes
35342,no,no,no
35343,no,no,no
35344,no,yes,no
35345,no,yes,yes
35346,no,no,no
35347,no,no,no
35348,no,yes,no
35349,no,no,yes
35350,no,yes,no
35351,no,yes,yes
35352,no,no,no
35353,no,yes,no
35354,no,no,no
35355,unknown,yes,no
35356,no,yes,no
35357,no,yes,no
35358,no,yes,no
35359,unknown,yes,yes
35360,no,yes,no
35361,no,yes,yes
35362,no,yes,no
35363,no,yes,no
35364,no,yes,no
35365,no,no,no
35366,no,yes,no
35367,no,no,no
35368,no,unknown,unknown
35369,no,yes,no
35370,no,no,no
35371,no,no,no
35372,unknown,yes,no
35373,no,no,no
35374,no,yes,no
35375,no,yes,no
35376,unknown,no,no
35377,no,no,no
35378,no,yes,no
35379,no,yes,yes
35380,no,yes,yes
35381,no,no,no
35382,unknown,no,no
35383,no,yes,no
35384,no,no,no
35385,no,yes,yes
35386,unknown,no,no
35387,no,yes,yes
35388,no,no,no
35389,no,no,no
35390,no,no,no
35391,unknown,no,no
35392,no,yes,yes
35393,no,yes,no
35394,no,yes,yes
35395,no,yes,yes
35396,no,no,no
35397,no,yes,yes
35398,no,yes,no
35399,no,no,no
35400,no,no,no
35401,no,no,no
35402,no,no,no
35403,no,yes,no
35404,no,yes,no
35405,no,no,yes
35406,no,no,yes
35407,no,yes,no
35408,unknown,yes,no
35409,no,yes,no
35410,no,no,yes
35411,no,yes,no
35412,no,yes,no
35413,unknown,no,no
35414,no,no,no
35415,no,no,yes
35416,no,no,no
35417,unknown,no,yes
35418,no,no,no
35419,no,yes,no
35420,no,yes,no
35421,no,yes,no
35422,no,yes,no
35423,no,yes,no
35424,no,no,no
35425,no,no,no
35426,unknown,no,no
35427,no,no,no
35428,no,yes,no
35429,no,no,no
35430,no,no,no
35431,unknown,no,no
35432,no,no,no
35433,unknown,yes,no
35434,no,yes,no
35435,no,yes,yes
35436,no,yes,no
35437,no,yes,no
35438,no,unknown,unknown
35439,unknown,no,no
35440,no,no,no
35441,no,yes,yes
35442,unknown,no,no
35443,no,no,no
35444,no,yes,no
35445,no,yes,no
35446,unknown,yes,yes
35447,no,no,no
35448,no,yes,no
35449,no,no,no
35450,unknown,yes,no
35451,no,yes,yes
35452,no,no,no
35453,no,no,no
35454,unknown,yes,no
35455,no,yes,no
35456,no,no,no
35457,no,yes,no
35458,no,yes,no
35459,no,yes,no
35460,no,no,no
35461,no,yes,no
35462,unknown,yes,no
35463,no,yes,no
35464,no,yes,no
35465,no,yes,no
35466,no,yes,yes
35467,no,yes,no
35468,no,yes,no
35469,no,no,no
35470,no,yes,no
35471,no,yes,yes
35472,no,yes,yes
35473,no,no,no
35474,no,yes,no
35475,unknown,yes,no
35476,no,yes,no
35477,no,yes,no
35478,no,yes,no
35479,unknown,yes,yes
35480,no,yes,no
35481,no,yes,no
35482,no,no,no
35483,no,yes,no
35484,no,no,no
35485,no,no,no
35486,unknown,no,no
35487,no,yes,yes
35488,no,yes,no
35489,unknown,yes,yes
35490,no,yes,yes
35491,no,yes,no
35492,no,no,no
35493,unknown,yes,no
35494,no,no,no
35495,no,no,no
35496,no,no,no
35497,no,yes,no
35498,no,yes,no
35499,no,no,no
35500,no,yes,no
35501,no,yes,no
35502,no,yes,no
35503,no,no,no
35504,no,no,no
35505,no,yes,no
35506,no,no,no
35507,no,unknown,unknown
35508,no,unknown,unknown
35509,no,no,no
35510,no,no,no
35511,no,yes,no
35512,no,no,no
35513,no,no,no
35514,no,no,no
35515,no,no,no
35516,unknown,yes,no
35517,no,no,no
35518,no,yes,no
35519,unknown,no,no
35520,no,yes,no
35521,no,yes,no
35522,unknown,yes,no
35523,no,yes,no
35524,no,no,no
35525,unknown,no,no
35526,no,yes,no
35527,no,yes,no
35528,no,yes,no
35529,no,no,no
35530,no,yes,no
35531,no,yes,no
35532,no,no,no
35533,no,no,no
35534,no,yes,no
35535,unknown,no,no
35536,no,no,no
35537,no,no,no
35538,no,no,no
35539,no,no,no
35540,no,no,no
35541,no,yes,no
35542,no,no,no
35543,no,yes,no
35544,no,yes,no
35545,no,yes,no
35546,no,no,no
35547,no,yes,no
35548,no,yes,yes
35549,no,no,no
35550,no,yes,no
35551,no,no,no
35552,no,yes,no
35553,no,yes,no
35554,no,yes,no
35555,unknown,yes,no
35556,no,yes,no
35557,no,no,no
35558,no,yes,no
35559,no,no,no
35560,no,no,no
35561,no,no,no
35562,no,yes,no
35563,no,yes,no
35564,no,no,yes
35565,no,no,no
35566,no,yes,no
35567,unknown,no,no
35568,no,no,no
35569,no,yes,yes
35570,no,yes,no
35571,unknown,no,no
35572,no,no,no
35573,no,yes,no
35574,no,no,no
35575,no,yes,no
35576,unknown,yes,no
35577,no,yes,no
35578,unknown,yes,yes
35579,unknown,yes,no
35580,no,yes,no
35581,unknown,yes,no
35582,no,yes,no
35583,no,no,no
35584,no,yes,no
35585,unknown,yes,no
35586,no,yes,no
35587,no,no,no
35588,no,yes,no
35589,no,unknown,unknown
35590,no,no,no
35591,no,no,yes
35592,no,yes,yes
35593,no,no,no
35594,no,no,no
35595,no,yes,no
35596,no,yes,no
35597,no,no,no
35598,no,no,yes
35599,no,no,no
35600,no,yes,no
35601,no,no,no
35602,no,yes,no
35603,no,no,yes
35604,no,no,no
35605,no,no,no
35606,no,no,yes
35607,no,yes,no
35608,no,no,no
35609,no,no,no
35610,unknown,yes,no
35611,no,yes,no
35612,no,no,no
35613,no,no,no
35614,no,no,no
35615,no,yes,no
35616,no,no,no
35617,no,yes,no
35618,no,no,yes
35619,no,yes,yes
35620,no,yes,no
35621,no,no,no
35622,no,yes,yes
35623,no,yes,no
35624,no,no,no
35625,no,no,no
35626,no,no,no
35627,no,no,no
35628,no,yes,yes
35629,no,yes,no
35630,no,yes,no
35631,no,yes,no
35632,no,yes,yes
35633,no,yes,no
35634,no,no,yes
35635,no,no,no
35636,no,yes,no
35637,no,yes,no
35638,no,yes,no
35639,no,yes,no
35640,no,yes,no
35641,no,no,no
35642,unknown,yes,no
35643,no,no,no
35644,no,no,no
35645,no,yes,no
35646,no,yes,no
35647,no,yes,no
35648,no,yes,no
35649,no,yes,no
35650,no,yes,yes
35651,no,yes,no
35652,no,yes,no
35653,no,yes,yes
35654,no,no,no
35655,no,no,no
35656,no,no,no
35657,no,yes,yes
35658,unknown,yes,no
35659,no,yes,no
35660,unknown,yes,no
35661,no,yes,no
35662,no,no,yes
35663,unknown,yes,no
35664,unknown,yes,no
35665,no,yes,no
35666,no,yes,no
35667,no,no,no
35668,no,no,no
35669,no,no,no
35670,no,yes,no
35671,no,yes,no
35672,no,yes,no
35673,no,yes,no
35674,unknown,yes,no
35675,no,yes,no
35676,no,yes,no
35677,no,yes,no
35678,no,no,no
35679,no,no,no
35680,no,yes,no
35681,no,yes,no
35682,no,yes,no
35683,no,no,no
35684,no,yes,no
35685,no,yes,no
35686,no,no,no
35687,no,yes,no
35688,no,no,no
35689,no,yes,yes
35690,no,yes,yes
35691,no,unknown,unknown
35692,no,yes,no
35693,no,no,no
35694,no,yes,yes
35695,no,yes,no
35696,no,yes,no
35697,no,yes,yes
35698,no,yes,yes
35699,no,no,no
35700,no,no,no
35701,no,yes,no
35702,no,yes,yes
35703,no,yes,no
35704,no,yes,no
35705,no,no,no
35706,no,no,no
35707,no,yes,yes
35708,no,yes,no
35709,no,unknown,unknown
35710,no,yes,no
35711,no,yes,no
35712,no,no,no
35713,no,yes,no
35714,no,yes,yes
35715,no,yes,no
35716,no,yes,yes
35717,no,yes,no
35718,no,yes,no
35719,no,yes,no
35720,no,yes,no
35721,no,no,no
35722,no,no,no
35723,unknown,yes,no
35724,no,yes,no
35725,no,yes,no
35726,no,yes,no
35727,unknown,yes,no
35728,no,yes,no
35729,no,yes,no
35730,no,yes,no
35731,no,yes,no
35732,no,no,no
35733,no,yes,no
35734,unknown,no,no
35735,no,yes,no
35736,unknown,yes,no
35737,no,no,yes
35738,no,yes,no
35739,no,no,no
35740,no,yes,no
35741,no,no,no
35742,no,no,no
35743,no,yes,no
35744,no,no,no
35745,no,no,no
35746,no,yes,no
35747,no,yes,yes
35748,no,yes,no
35749,unknown,no,no
35750,no,no,no
35751,no,no,no
35752,no,no,no
35753,no,no,no
35754,no,yes,no
35755,unknown,yes,no
35756,no,yes,yes
35757,no,yes,no
35758,no,yes,no
35759,no,unknown,unknown
35760,no,yes,no
35761,unknown,yes,no
35762,no,yes,no
35763,no,yes,no
35764,no,no,no
35765,no,yes,no
35766,no,unknown,unknown
35767,no,yes,no
35768,no,yes,no
35769,no,yes,no
35770,no,no,no
35771,no,no,no
35772,no,yes,no
35773,no,yes,no
35774,no,no,yes
35775,no,no,no
35776,no,yes,no
35777,no,no,no
35778,no,yes,no
35779,no,yes,no
35780,no,unknown,unknown
35781,no,yes,no
35782,no,no,no
35783,no,yes,no
35784,no,no,no
35785,no,yes,no
35786,no,yes,no
35787,unknown,yes,no
35788,no,no,no
35789,no,yes,no
35790,no,no,no
35791,no,yes,yes
35792,no,no,no
35793,no,unknown,unknown
35794,no,yes,no
35795,no,yes,no
35796,no,no,no
35797,no,no,no
35798,no,yes,no
35799,no,yes,no
35800,no,yes,no
35801,unknown,yes,yes
35802,no,no,no
35803,no,no,no
35804,no,yes,no
35805,no,yes,yes
35806,unknown,no,no
35807,no,no,yes
35808,no,yes,no
35809,no,no,no
35810,no,yes,no
35811,no,yes,no
35812,no,yes,no
35813,no,yes,no
35814,no,yes,no
35815,no,yes,no
35816,no,yes,no
35817,no,yes,no
35818,no,unknown,unknown
35819,no,yes,no
35820,no,yes,no
35821,unknown,no,no
35822,no,yes,no
35823,no,no,no
35824,no,yes,no
35825,no,no,yes
35826,unknown,no,yes
35827,unknown,no,no
35828,unknown,no,no
35829,no,no,yes
35830,no,yes,no
35831,no,yes,no
35832,no,yes,yes
35833,no,yes,no
35834,unknown,yes,yes
35835,no,no,no
35836,no,yes,no
35837,no,no,no
35838,no,no,no
35839,no,no,no
35840,no,yes,no
35841,no,yes,no
35842,no,no,no
35843,no,no,no
35844,no,yes,no
35845,no,yes,no
35846,no,yes,no
35847,no,yes,yes
35848,no,yes,no
35849,no,yes,no
35850,no,yes,yes
35851,no,no,yes
35852,no,no,no
35853,no,yes,no
35854,no,yes,no
35855,no,no,yes
35856,no,yes,no
35857,no,yes,yes
35858,no,yes,no
35859,no,yes,no
35860,no,yes,no
35861,no,no,no
35862,no,yes,no
35863,no,yes,no
35864,no,yes,yes
35865,no,yes,no
35866,no,no,no
35867,no,no,no
35868,no,yes,no
35869,no,no,yes
35870,no,no,no
35871,no,yes,yes
35872,no,no,no
35873,no,yes,no
35874,no,yes,no
35875,no,yes,no
35876,no,yes,no
35877,no,no,no
35878,no,yes,no
35879,no,yes,yes
35880,no,no,no
35881,no,no,no
35882,no,yes,yes
35883,no,no,yes
35884,no,no,no
35885,no,no,no
35886,no,yes,no
35887,no,yes,no
35888,no,yes,no
35889,no,no,no
35890,no,yes,yes
35891,no,yes,no
35892,no,yes,no
35893,no,yes,yes
35894,no,yes,no
35895,no,yes,no
35896,no,yes,no
35897,no,no,no
35898,no,yes,no
35899,no,yes,yes
35900,no,no,no
35901,no,yes,yes
35902,no,yes,yes
35903,no,no,yes
35904,no,yes,no
35905,no,yes,no
35906,no,yes,yes
35907,no,yes,no
35908,no,yes,yes
35909,no,no,no
35910,no,yes,yes
35911,no,no,no
35912,no,no,no
35913,no,yes,yes
35914,no,no,no
35915,no,no,no
35916,no,yes,yes
35917,no,no,no
35918,no,yes,yes
35919,no,yes,no
35920,no,no,no
35921,no,no,no
35922,no,no,no
35923,no,yes,no
35924,no,no,no
35925,no,no,yes
35926,no,yes,yes
35927,no,yes,no
35928,no,yes,yes
35929,no,yes,no
35930,no,no,no
35931,no,no,no
35932,no,yes,no
35933,no,no,no
35934,no,no,no
35935,no,no,yes
35936,no,yes,no
35937,no,no,yes
35938,no,yes,no
35939,no,yes,no
35940,no,no,no
35941,no,yes,no
35942,no,no,yes
35943,no,yes,no
35944,unknown,yes,no
35945,no,unknown,unknown
35946,no,no,no
35947,no,yes,yes
35948,no,no,no
35949,no,yes,no
35950,no,no,yes
35951,no,yes,yes
35952,no,yes,no
35953,no,no,yes
35954,no,yes,no
35955,no,no,yes
35956,no,yes,no
35957,no,no,yes
35958,no,yes,no
35959,no,no,no
35960,no,yes,no
35961,no,yes,no
35962,no,no,no
35963,no,yes,no
35964,no,no,yes
35965,no,yes,no
35966,no,yes,no
35967,no,no,yes
35968,no,yes,no
35969,no,yes,no
35970,no,no,no
35971,no,yes,no
35972,no,yes,no
35973,no,no,no
35974,no,yes,no
35975,no,yes,no
35976,no,no,no
35977,no,no,no
35978,no,yes,yes
35979,no,yes,no
35980,no,unknown,unknown
35981,no,yes,no
35982,no,no,yes
35983,no,no,no
35984,no,yes,no
35985,no,yes,no
35986,no,yes,no
35987,no,yes,no
35988,no,yes,no
35989,no,yes,yes
35990,no,no,no
35991,no,yes,no
35992,no,no,yes
35993,no,no,no
35994,no,no,no
35995,no,no,no
35996,no,no,no
35997,no,yes,no
35998,no,yes,no
35999,no,no,no
36000,no,yes,no
36001,no,yes,no
36002,no,no,no
36003,no,yes,no
36004,no,yes,no
36005,no,no,no
36006,no,yes,no
36007,no,yes,no
36008,no,yes,no
36009,no,yes,no
36010,no,no,no
36011,no,yes,no
36012,no,yes,no
36013,no,yes,no
36014,no,yes,yes
36015,no,yes,no
36016,no,yes,no
36017,no,yes,no
36018,no,no,no
36019,no,yes,no
36020,no,yes,yes
36021,no,yes,no
36022,no,yes,yes
36023,no,no,no
36024,no,yes,no
36025,no,yes,no
36026,no,yes,no
36027,no,no,no
36028,no,no,no
36029,no,no,no
36030,no,no,no
36031,no,no,no
36032,no,no,no
36033,no,yes,no
36034,no,yes,no
36035,no,yes,no
36036,no,no,yes
36037,no,yes,no
36038,no,yes,no
36039,no,yes,no
36040,no,no,no
36041,no,no,no
36042,no,no,no
36043,unknown,yes,no
36044,no,yes,no
36045,no,yes,no
36046,no,no,no
36047,no,no,no
36048,no,no,no
36049,no,no,no
36050,no,yes,no
36051,no,yes,no
36052,no,yes,no
36053,no,no,no
36054,no,no,no
36055,no,no,no
36056,no,yes,no
36057,no,yes,yes
36058,no,no,no
36059,no,yes,no
36060,no,yes,no
36061,no,yes,no
36062,no,yes,no
36063,no,yes,yes
36064,no,yes,no
36065,no,yes,no
36066,no,yes,no
36067,no,yes,no
36068,no,yes,no
36069,no,yes,no
36070,no,yes,no
36071,no,yes,no
36072,no,no,no
36073,no,yes,yes
36074,no,yes,no
36075,no,yes,no
36076,no,yes,no
36077,no,yes,no
36078,no,no,no
36079,no,no,no
36080,no,yes,no
36081,no,no,no
36082,no,no,no
36083,no,no,no
36084,no,yes,no
36085,no,no,no
36086,no,yes,no
36087,no,no,no
36088,no,yes,no
36089,no,no,no
36090,no,no,no
36091,no,yes,yes
36092,no,yes,no
36093,no,yes,no
36094,no,yes,no
36095,no,no,no
36096,no,yes,no
36097,no,no,no
36098,no,yes,yes
36099,no,no,no
36100,no,yes,no
36101,no,no,no
36102,no,yes,no
36103,no,yes,no
36104,no,no,no
36105,no,no,no
36106,no,yes,no
36107,no,no,no
36108,no,yes,no
36109,no,yes,no
36110,no,yes,no
36111,no,no,no
36112,no,no,yes
36113,no,unknown,unknown
36114,no,no,no
36115,no,yes,no
36116,no,no,no
36117,no,no,no
36118,no,yes,yes
36119,no,no,no
36120,no,unknown,unknown
36121,no,no,no
36122,no,no,no
36123,no,no,no
36124,no,no,no
36125,no,yes,yes
36126,no,no,no
36127,no,no,no
36128,no,yes,no
36129,no,yes,no
36130,no,no,no
36131,no,no,no
36132,no,no,no
36133,no,no,no
36134,no,no,no
36135,no,yes,yes
36136,no,yes,no
36137,no,no,no
36138,no,yes,no
36139,no,yes,yes
36140,no,yes,no
36141,no,no,no
36142,no,yes,no
36143,no,yes,no
36144,no,yes,yes
36145,no,no,no
36146,no,yes,no
36147,no,yes,no
36148,no,yes,no
36149,no,no,no
36150,no,yes,no
36151,no,yes,no
36152,no,no,no
36153,no,yes,no
36154,no,no,no
36155,no,yes,no
36156,no,no,no
36157,no,no,no
36158,no,no,no
36159,no,yes,yes
36160,no,yes,yes
36161,no,no,no
36162,unknown,yes,no
36163,no,no,no
36164,no,no,no
36165,no,yes,no
36166,no,no,no
36167,no,no,no
36168,no,no,no
36169,no,no,no
36170,no,no,no
36171,no,yes,no
36172,no,no,no
36173,no,yes,no
36174,no,yes,no
36175,no,no,no
36176,no,yes,no
36177,no,no,no
36178,no,yes,no
36179,no,no,yes
36180,no,yes,no
36181,no,no,no
36182,no,unknown,unknown
36183,no,yes,no
36184,no,yes,no
36185,no,no,yes
36186,no,no,no
36187,no,no,no
36188,no,no,no
36189,no,yes,no
36190,no,yes,no
36191,no,yes,no
36192,no,yes,no
36193,no,yes,no
36194,no,no,no
36195,no,yes,no
36196,no,yes,yes
36197,no,yes,no
36198,no,no,no
36199,no,yes,no
36200,no,yes,no
36201,no,yes,no
36202,no,yes,no
36203,no,yes,no
36204,no,no,no
36205,no,no,no
36206,no,no,no
36207,no,yes,no
36208,no,yes,yes
36209,no,yes,yes
36210,no,yes,no
36211,no,yes,no
36212,no,no,no
36213,no,no,no
36214,no,no,no
36215,no,yes,no
36216,no,yes,no
36217,no,no,yes
36218,no,yes,yes
36219,no,yes,no
36220,no,no,no
36221,no,yes,yes
36222,no,yes,yes
36223,no,yes,yes
36224,no,no,no
36225,no,yes,no
36226,no,yes,no
36227,no,yes,no
36228,no,yes,no
36229,no,no,no
36230,no,yes,no
36231,no,yes,no
36232,unknown,no,no
36233,no,yes,no
36234,no,yes,no
36235,no,yes,yes
36236,no,yes,no
36237,no,yes,no
36238,no,yes,no
36239,no,yes,no
36240,no,no,yes
36241,no,yes,no
36242,no,yes,no
36243,no,yes,no
36244,no,yes,no
36245,no,no,no
36246,no,yes,no
36247,no,yes,no
36248,no,no,no
36249,no,yes,no
36250,no,yes,no
36251,no,no,no
36252,no,yes,no
36253,no,no,no
36254,no,yes,no
36255,no,unknown,unknown
36256,no,yes,yes
36257,no,no,no
36258,no,yes,no
36259,no,yes,no
36260,no,no,no
36261,no,no,no
36262,no,yes,no
36263,no,no,no
36264,no,unknown,unknown
36265,no,yes,yes
36266,no,no,no
36267,no,no,no
36268,no,no,no
36269,no,yes,yes
36270,no,no,no
36271,no,no,no
36272,no,no,no
36273,no,no,no
36274,no,no,no
36275,no,no,no
36276,no,yes,no
36277,no,no,no
36278,no,yes,no
36279,no,yes,no
36280,no,no,no
36281,no,no,no
36282,no,no,no
36283,no,unknown,unknown
36284,unknown,yes,no
36285,no,no,no
36286,no,no,no
36287,no,yes,yes
36288,no,no,no
36289,no,unknown,unknown
36290,no,yes,no
36291,unknown,yes,no
36292,no,yes,no
36293,no,no,no
36294,no,no,no
36295,no,yes,no
36296,no,yes,no
36297,no,yes,no
36298,no,no,no
36299,unknown,yes,no
36300,no,no,no
36301,no,no,no
36302,no,no,yes
36303,no,yes,no
36304,no,yes,no
36305,no,yes,no
36306,no,yes,no
36307,no,yes,no
36308,no,yes,no
36309,no,no,no
36310,no,yes,no
36311,no,no,no
36312,no,yes,no
36313,no,yes,no
36314,no,yes,no
36315,no,yes,yes
36316,no,yes,no
36317,no,yes,no
36318,no,yes,no
36319,unknown,yes,no
36320,no,yes,no
36321,no,yes,no
36322,no,yes,no
36323,no,no,yes
36324,unknown,yes,no
36325,no,yes,no
36326,unknown,no,no
36327,no,unknown,unknown
36328,no,yes,no
36329,no,yes,no
36330,no,no,no
36331,no,no,no
36332,no,yes,no
36333,no,no,yes
36334,no,yes,no
36335,no,yes,no
36336,no,yes,no
36337,no,yes,yes
36338,no,yes,no
36339,no,yes,no
36340,no,yes,yes
36341,no,yes,yes
36342,no,yes,no
36343,no,yes,no
36344,no,yes,no
36345,no,no,no
36346,no,yes,no
36347,no,unknown,unknown
36348,no,no,no
36349,unknown,yes,no
36350,no,yes,no
36351,no,yes,no
36352,no,yes,no
36353,no,yes,yes
36354,no,no,no
36355,no,no,no
36356,no,yes,no
36357,no,yes,no
36358,unknown,yes,no
36359,no,no,no
36360,no,yes,no
36361,no,yes,no
36362,no,no,no
36363,no,yes,no
36364,no,yes,yes
36365,no,no,no
36366,no,yes,no
36367,no,yes,no
36368,no,no,no
36369,no,no,no
36370,no,no,no
36371,unknown,yes,yes
36372,no,no,no
36373,no,unknown,unknown
36374,no,no,no
36375,no,yes,no
36376,no,no,no
36377,no,no,yes
36378,no,no,no
36379,no,no,no
36380,no,no,no
36381,no,no,no
36382,no,unknown,unknown
36383,no,no,no
36384,no,unknown,unknown
36385,no,yes,yes
36386,no,yes,no
36387,no,yes,yes
36388,no,no,no
36389,no,yes,no
36390,no,no,yes
36391,no,yes,no
36392,no,no,no
36393,no,yes,no
36394,no,yes,no
36395,no,yes,no
36396,no,yes,no
36397,no,yes,no
36398,no,no,no
36399,no,yes,no
36400,no,yes,yes
36401,no,yes,no
36402,no,unknown,unknown
36403,no,unknown,unknown
36404,no,yes,no
36405,no,yes,no
36406,no,no,no
36407,no,yes,no
36408,no,no,no
36409,no,yes,yes
36410,no,yes,yes
36411,no,yes,no
36412,no,yes,yes
36413,no,no,no
36414,no,yes,yes
36415,no,yes,no
36416,no,yes,no
36417,no,no,no
36418,no,no,yes
36419,no,yes,yes
36420,no,no,no
36421,no,yes,no
36422,no,yes,yes
36423,no,no,yes
36424,no,no,no
36425,no,no,no
36426,no,yes,no
36427,no,yes,no
36428,no,no,no
36429,no,no,no
36430,no,yes,yes
36431,no,no,no
36432,no,yes,no
36433,no,yes,no
36434,no,no,no
36435,no,no,no
36436,no,yes,no
36437,no,yes,no
36438,no,yes,yes
36439,no,no,no
36440,no,yes,no
36441,no,yes,no
36442,no,yes,no
36443,no,no,no
36444,no,yes,no
36445,no,yes,yes
36446,no,no,no
36447,no,yes,yes
36448,no,no,no
36449,no,yes,no
36450,no,no,no
36451,no,no,no
36452,no,yes,no
36453,no,yes,yes
36454,unknown,yes,yes
36455,no,no,no
36456,no,yes,no
36457,no,no,no
36458,no,yes,no
36459,no,yes,no
36460,no,yes,no
36461,no,no,no
36462,no,yes,no
36463,no,no,no
36464,no,no,no
36465,no,yes,no
36466,no,yes,no
36467,no,yes,no
36468,no,no,no
36469,no,no,no
36470,no,yes,no
36471,no,yes,no
36472,no,no,no
36473,no,no,no
36474,no,unknown,unknown
36475,no,yes,no
36476,no,unknown,unknown
36477,no,no,no
36478,no,yes,no
36479,no,yes,no
36480,no,yes,no
36481,no,no,no
36482,no,no,no
36483,no,yes,no
36484,no,no,no
36485,no,yes,no
36486,no,no,no
36487,no,yes,no
36488,no,yes,no
36489,no,yes,no
36490,no,no,no
36491,no,no,no
36492,no,yes,no
36493,no,yes,no
36494,no,yes,no
36495,no,yes,yes
36496,no,no,no
36497,no,yes,no
36498,no,yes,no
36499,no,yes,no
36500,no,yes,no
36501,no,yes,no
36502,no,yes,no
36503,no,yes,no
36504,no,no,no
36505,unknown,no,no
36506,no,yes,no
36507,no,yes,no
36508,no,yes,no
36509,no,yes,no
36510,no,no,no
36511,no,no,no
36512,no,unknown,unknown
36513,no,no,no
36514,no,yes,no
36515,no,yes,no
36516,no,yes,no
36517,no,yes,no
36518,no,yes,no
36519,no,yes,no
36520,no,unknown,unknown
36521,no,yes,no
36522,no,no,no
36523,no,yes,yes
36524,no,no,no
36525,no,yes,no
36526,no,yes,no
36527,no,no,no
36528,unknown,no,no
36529,no,yes,no
36530,no,no,no
36531,no,yes,no
36532,no,yes,no
36533,unknown,yes,no
36534,no,no,no
36535,no,yes,no
36536,no,no,no
36537,no,yes,no
36538,no,yes,no
36539,no,yes,no
36540,no,yes,no
36541,no,yes,no
36542,no,no,no
36543,no,yes,no
36544,no,yes,yes
36545,no,yes,no
36546,no,yes,no
36547,no,yes,no
36548,no,unknown,unknown
36549,no,no,no
36550,no,no,no
36551,no,yes,no
36552,no,yes,yes
36553,no,yes,no
36554,no,yes,yes
36555,no,no,no
36556,no,no,no
36557,no,no,no
36558,no,no,no
36559,no,yes,no
36560,no,no,yes
36561,no,no,no
36562,no,yes,no
36563,no,no,no
36564,no,yes,no
36565,no,no,no
36566,no,no,no
36567,unknown,yes,no
36568,no,yes,no
36569,no,yes,no
36570,no,yes,yes
36571,unknown,no,no
36572,no,no,no
36573,no,yes,yes
36574,no,unknown,unknown
36575,no,no,no
36576,no,yes,no
36577,no,no,no
36578,no,yes,no
36579,no,yes,no
36580,no,no,no
36581,no,no,no
36582,no,yes,no
36583,no,no,no
36584,no,yes,no
36585,no,yes,no
36586,no,no,no
36587,no,yes,no
36588,no,yes,no
36589,no,yes,no
36590,no,no,no
36591,no,yes,no
36592,no,yes,yes
36593,no,yes,no
36594,no,no,yes
36595,no,yes,no
36596,no,no,no
36597,no,yes,no
36598,no,yes,no
36599,no,no,no
36600,no,no,no
36601,no,no,no
36602,no,yes,yes
36603,no,no,no
36604,no,yes,yes
36605,no,yes,yes
36606,no,yes,yes
36607,no,yes,no
36608,no,yes,no
36609,no,no,no
36610,no,yes,no
36611,no,yes,no
36612,no,yes,no
36613,no,no,yes
36614,no,no,no
36615,no,yes,no
36616,no,no,yes
36617,no,yes,yes
36618,no,no,yes
36619,no,no,no
36620,no,yes,no
36621,no,yes,no
36622,no,no,no
36623,no,no,no
36624,no,yes,no
36625,no,no,no
36626,no,yes,no
36627,no,yes,no
36628,no,yes,no
36629,no,no,no
36630,no,no,no
36631,no,yes,no
36632,no,unknown,unknown
36633,no,yes,no
36634,no,no,no
36635,no,yes,yes
36636,no,yes,no
36637,no,no,yes
36638,no,unknown,unknown
36639,no,yes,no
36640,no,yes,no
36641,no,yes,no
36642,no,no,no
36643,no,yes,yes
36644,no,no,yes
36645,no,yes,no
36646,no,no,yes
36647,no,yes,no
36648,no,yes,no
36649,no,unknown,unknown
36650,no,unknown,unknown
36651,no,no,yes
36652,no,no,no
36653,no,no,no
36654,no,yes,no
36655,no,no,no
36656,no,yes,no
36657,no,yes,yes
36658,no,no,no
36659,no,yes,no
36660,no,no,no
36661,no,no,yes
36662,no,no,no
36663,no,yes,no
36664,no,no,no
36665,no,yes,no
36666,no,yes,no
36667,no,no,no
36668,no,yes,no
36669,no,yes,no
36670,no,no,no
36671,no,no,no
36672,no,no,no
36673,no,yes,yes
36674,no,no,no
36675,no,no,no
36676,unknown,yes,no
36677,no,yes,no
36678,no,no,no
36679,no,yes,no
36680,no,yes,no
36681,no,no,no
36682,no,yes,no
36683,no,no,no
36684,no,yes,no
36685,no,yes,no
36686,no,no,no
36687,no,yes,no
36688,no,no,no
36689,no,no,no
36690,no,yes,no
36691,no,yes,no
36692,no,no,yes
36693,no,no,no
36694,no,yes,no
36695,no,no,no
36696,no,yes,no
36697,no,no,no
36698,no,no,no
36699,no,yes,no
36700,no,yes,no
36701,no,yes,yes
36702,no,yes,no
36703,no,yes,no
36704,no,yes,no
36705,no,no,no
36706,no,yes,no
36707,no,yes,no
36708,no,yes,no
36709,no,yes,no
36710,no,yes,no
36711,no,no,yes
36712,no,yes,no
36713,no,no,no
36714,no,no,no
36715,no,no,no
36716,no,no,no
36717,no,yes,no
36718,no,no,no
36719,no,no,no
36720,no,no,no
36721,no,yes,no
36722,no,no,no
36723,no,yes,no
36724,no,no,yes
36725,no,no,no
36726,no,no,no
36727,no,no,no
36728,no,yes,yes
36729,no,no,no
36730,no,no,no
36731,no,no,no
36732,no,no,no
36733,no,yes,no
36734,no,no,no
36735,no,no,no
36736,no,no,no
36737,no,no,no
36738,no,yes,yes
36739,no,yes,no
36740,no,yes,no
36741,no,yes,no
36742,no,no,no
36743,no,no,no
36744,no,yes,no
36745,no,no,no
36746,no,yes,no
36747,no,yes,no
36748,no,yes,no
36749,no,no,no
36750,no,yes,no
36751,no,yes,no
36752,no,yes,yes
36753,no,yes,yes
36754,no,no,no
36755,no,yes,yes
36756,no,yes,no
36757,no,unknown,unknown
36758,no,unknown,unknown
36759,no,no,no
36760,no,no,no
36761,no,yes,no
36762,no,yes,yes
36763,no,no,no
36764,no,yes,no
36765,no,yes,no
36766,no,no,no
36767,no,no,no
36768,no,yes,no
36769,no,no,no
36770,no,no,no
36771,no,yes,no
36772,no,yes,no
36773,no,yes,yes
36774,no,yes,no
36775,no,yes,no
36776,no,yes,yes
36777,no,yes,no
36778,no,yes,no
36779,no,yes,no
36780,no,yes,no
36781,no,yes,no
36782,no,unknown,unknown
36783,no,yes,no
36784,no,no,no
36785,no,no,no
36786,no,yes,no
36787,no,yes,no
36788,no,yes,no
36789,no,yes,no
36790,no,no,no
36791,no,yes,no
36792,no,no,no
36793,no,no,no
36794,no,yes,no
36795,no,no,no
36796,no,no,no
36797,no,no,yes
36798,no,no,yes
36799,no,yes,no
36800,no,yes,no
36801,no,no,no
36802,no,yes,no
36803,no,yes,yes
36804,no,yes,no
36805,no,yes,no
36806,no,yes,no
36807,no,no,no
36808,no,yes,no
36809,no,no,no
36810,no,no,no
36811,no,yes,no
36812,no,yes,no
36813,no,no,yes
36814,no,yes,no
36815,no,no,no
36816,no,no,no
36817,no,yes,no
36818,no,yes,no
36819,no,yes,no
36820,no,no,no
36821,no,yes,no
36822,no,yes,no
36823,no,yes,no
36824,no,no,no
36825,no,yes,no
36826,no,no,yes
36827,no,no,no
36828,no,no,no
36829,no,yes,yes
36830,no,no,no
36831,no,yes,no
36832,no,yes,no
36833,no,yes,no
36834,no,no,no
36835,no,no,no
36836,no,no,no
36837,no,no,no
36838,no,no,no
36839,no,yes,yes
36840,no,yes,no
36841,no,yes,no
36842,no,unknown,unknown
36843,no,no,no
36844,no,no,no
36845,no,no,no
36846,no,yes,no
36847,no,yes,no
36848,no,no,no
36849,no,yes,no
36850,no,no,no
36851,no,no,yes
36852,no,yes,no
36853,no,yes,no
36854,no,no,no
36855,no,yes,no
36856,no,no,no
36857,no,no,no
36858,no,yes,no
36859,no,yes,no
36860,no,yes,no
36861,no,yes,no
36862,no,yes,no
36863,no,no,no
36864,no,no,no
36865,no,no,no
36866,no,yes,no
36867,no,yes,no
36868,no,yes,no
36869,no,no,no
36870,no,yes,no
36871,no,yes,yes
36872,no,yes,no
36873,no,yes,no
36874,no,yes,no
36875,no,yes,no
36876,no,yes,yes
36877,no,yes,no
36878,no,no,yes
36879,no,no,yes
36880,no,no,no
36881,no,yes,no
36882,no,no,no
36883,no,no,no
36884,no,yes,yes
36885,no,yes,no
36886,no,no,yes
36887,no,yes,no
36888,no,no,no
36889,no,no,yes
36890,no,no,no
36891,no,no,no
36892,no,no,yes
36893,no,no,yes
36894,no,yes,no
36895,no,yes,no
36896,no,yes,no
36897,no,yes,yes
36898,no,no,no
36899,no,no,yes
36900,no,yes,no
36901,no,yes,no
36902,no,yes,no
36903,no,yes,yes
36904,no,yes,no
36905,no,no,no
36906,no,no,no
36907,no,yes,no
36908,no,no,no
36909,no,no,yes
36910,no,no,no
36911,no,yes,no
36912,no,no,no
36913,no,no,no
36914,no,yes,yes
36915,no,yes,no
36916,no,yes,no
36917,no,no,no
36918,no,no,no
36919,no,no,no
36920,no,yes,yes
36921,no,yes,no
36922,no,yes,yes
36923,no,no,no
36924,no,no,yes
36925,no,no,yes
36926,no,yes,no
36927,no,no,no
36928,no,yes,yes
36929,no,yes,no
36930,no,no,no
36931,no,unknown,unknown
36932,no,yes,no
36933,no,no,no
36934,no,yes,no
36935,no,no,no
36936,no,no,no
36937,no,yes,no
36938,no,no,no
36939,no,no,no
36940,no,no,no
36941,no,no,no
36942,no,no,no
36943,no,yes,yes
36944,no,no,yes
36945,no,yes,no
36946,no,yes,yes
36947,no,no,yes
36948,no,yes,yes
36949,no,yes,no
36950,no,no,no
36951,no,no,no
36952,no,no,no
36953,no,no,no
36954,no,yes,no
36955,no,yes,no
36956,no,no,no
36957,no,no,yes
36958,no,yes,yes
36959,no,no,no
36960,no,yes,no
36961,no,yes,no
36962,no,no,no
36963,no,yes,no
36964,no,yes,no
36965,no,yes,no
36966,no,no,yes
36967,no,yes,no
36968,no,yes,no
36969,unknown,no,yes
36970,unknown,yes,no
36971,no,no,no
36972,no,yes,no
36973,no,no,no
36974,no,no,no
36975,no,yes,no
36976,no,no,no
36977,no,yes,no
36978,no,yes,no
36979,no,yes,no
36980,no,yes,no
36981,no,yes,no
36982,no,yes,no
36983,no,yes,no
36984,no,no,no
36985,no,yes,no
36986,no,yes,no
36987,no,no,no
36988,no,no,no
36989,no,yes,no
36990,no,yes,no
36991,no,yes,no
36992,no,no,no
36993,no,no,no
36994,no,yes,no
36995,no,no,no
36996,no,yes,no
36997,no,no,no
36998,no,yes,no
36999,no,yes,yes
37000,no,yes,no
37001,no,no,no
37002,no,yes,no
37003,no,yes,yes
37004,no,yes,no
37005,no,no,no
37006,no,yes,no
37007,no,no,no
37008,no,no,yes
37009,no,no,no
37010,no,yes,no
37011,no,yes,no
37012,no,no,no
37013,no,yes,no
37014,no,yes,no
37015,no,yes,no
37016,no,no,no
37017,no,no,no
37018,unknown,yes,no
37019,no,yes,no
37020,no,unknown,unknown
37021,no,yes,no
37022,no,yes,no
37023,no,no,no
37024,no,yes,no
37025,no,yes,no
37026,no,yes,no
37027,no,yes,no
37028,no,no,no
37029,no,no,no
37030,no,no,no
37031,no,yes,no
37032,no,no,no
37033,no,yes,no
37034,no,no,no
37035,no,yes,no
37036,no,yes,no
37037,no,yes,no
37038,no,no,no
37039,no,no,no
37040,no,no,no
37041,no,yes,no
37042,no,yes,no
37043,no,yes,no
37044,no,no,no
37045,no,yes,no
37046,no,no,no
37047,no,yes,no
37048,no,yes,no
37049,no,no,no
37050,no,no,no
37051,no,no,no
37052,no,yes,no
37053,no,yes,no
37054,no,no,no
37055,no,yes,no
37056,no,no,no
37057,no,yes,no
37058,no,unknown,unknown
37059,no,yes,no
37060,no,no,no
37061,no,yes,no
37062,no,yes,no
37063,no,no,no
37064,no,yes,no
37065,no,yes,yes
37066,no,yes,no
37067,no,no,yes
37068,no,no,yes
37069,no,yes,no
37070,no,yes,no
37071,no,yes,no
37072,no,yes,no
37073,no,yes,no
37074,no,yes,no
37075,no,yes,yes
37076,no,yes,no
37077,no,yes,no
37078,no,yes,no
37079,no,no,no
37080,no,yes,no
37081,no,yes,no
37082,no,yes,yes
37083,no,yes,no
37084,no,yes,no
37085,no,no,no
37086,no,yes,no
37087,no,yes,no
37088,no,yes,no
37089,no,yes,no
37090,no,yes,no
37091,no,yes,yes
37092,no,no,no
37093,no,no,yes
37094,no,no,no
37095,no,yes,no
37096,no,unknown,unknown
37097,no,unknown,unknown
37098,no,yes,no
37099,no,yes,no
37100,no,yes,yes
37101,no,no,no
37102,no,no,yes
37103,no,no,no
37104,no,no,yes
37105,no,no,yes
37106,no,no,yes
37107,no,yes,no
37108,no,no,yes
37109,no,no,yes
37110,no,no,no
37111,no,no,no
37112,no,no,yes
37113,no,no,no
37114,no,no,no
37115,no,no,no
37116,no,no,no
37117,no,yes,yes
37118,no,no,no
37119,no,no,no
37120,no,no,no
37121,no,yes,no
37122,no,yes,no
37123,no,no,no
37124,no,yes,no
37125,no,no,no
37126,no,yes,no
37127,no,yes,yes
37128,no,no,no
37129,no,unknown,unknown
37130,no,yes,no
37131,no,yes,no
37132,no,yes,no
37133,no,yes,yes
37134,no,yes,no
37135,no,no,no
37136,no,yes,no
37137,no,no,no
37138,no,no,no
37139,no,yes,no
37140,no,yes,no
37141,no,yes,no
37142,no,no,no
37143,no,yes,no
37144,no,no,no
37145,no,no,no
37146,no,yes,no
37147,no,yes,yes
37148,no,yes,no
37149,no,no,no
37150,no,no,yes
37151,no,yes,no
37152,no,yes,no
37153,no,no,yes
37154,no,unknown,unknown
37155,no,yes,yes
37156,no,no,no
37157,no,no,no
37158,no,yes,yes
37159,no,yes,no
37160,no,no,yes
37161,no,no,no
37162,no,no,no
37163,no,yes,no
37164,no,no,no
37165,no,yes,no
37166,no,no,no
37167,no,no,no
37168,no,no,no
37169,no,no,no
37170,no,yes,yes
37171,unknown,yes,no
37172,no,no,yes
37173,no,no,no
37174,no,yes,no
37175,no,no,no
37176,no,yes,no
37177,no,no,no
37178,no,yes,no
37179,no,yes,no
37180,no,yes,yes
37181,no,no,no
37182,no,no,no
37183,no,yes,no
37184,no,no,no
37185,no,no,no
37186,no,no,no
37187,no,no,no
37188,no,yes,no
37189,no,yes,no
37190,no,no,no
37191,no,no,no
37192,no,yes,no
37193,no,no,no
37194,no,yes,no
37195,no,no,yes
37196,no,no,no
37197,no,yes,yes
37198,no,yes,no
37199,no,yes,no
37200,no,yes,no
37201,no,yes,no
37202,no,no,no
37203,no,no,no
37204,no,yes,yes
37205,no,yes,no
37206,no,yes,no
37207,no,yes,no
37208,no,yes,no
37209,no,no,no
37210,no,yes,no
37211,no,yes,no
37212,no,yes,no
37213,no,yes,no
37214,no,no,no
37215,no,no,no
37216,no,yes,no
37217,no,yes,no
37218,no,yes,yes
37219,no,no,no
37220,no,no,yes
37221,no,yes,no
37222,no,no,no
37223,no,yes,no
37224,no,no,no
37225,no,yes,no
37226,no,no,no
37227,no,yes,no
37228,no,yes,no
37229,no,no,no
37230,no,yes,no
37231,no,yes,no
37232,no,yes,no
37233,no,yes,no
37234,no,no,no
37235,no,yes,no
37236,no,no,no
37237,no,no,yes
37238,no,no,no
37239,no,no,no
37240,no,yes,no
37241,no,yes,no
37242,no,yes,no
37243,no,yes,no
37244,no,no,no
37245,no,no,no
37246,no,no,no
37247,no,yes,no
37248,no,yes,no
37249,no,yes,no
37250,no,yes,no
37251,no,yes,yes
37252,no,yes,no
37253,no,yes,no
37254,no,yes,no
37255,no,no,no
37256,no,yes,yes
37257,no,no,no
37258,no,yes,yes
37259,no,no,no
37260,no,no,no
37261,no,no,no
37262,no,yes,no
37263,no,yes,no
37264,no,yes,no
37265,no,yes,no
37266,no,yes,no
37267,no,no,no
37268,no,unknown,unknown
37269,no,no,no
37270,no,unknown,unknown
37271,no,no,no
37272,no,no,no
37273,no,no,no
37274,no,no,no
37275,no,no,no
37276,no,no,no
37277,no,no,no
37278,no,yes,yes
37279,no,no,no
37280,no,no,no
37281,no,yes,no
37282,no,yes,no
37283,no,no,no
37284,no,no,no
37285,no,no,no
37286,no,yes,no
37287,no,no,no
37288,no,yes,no
37289,no,no,no
37290,no,no,no
37291,no,yes,no
37292,no,no,no
37293,no,no,yes
37294,no,yes,yes
37295,no,no,no
37296,no,no,no
37297,no,yes,no
37298,no,yes,yes
37299,no,yes,no
37300,no,yes,no
37301,no,no,no
37302,no,no,no
37303,no,yes,no
37304,no,yes,no
37305,no,yes,no
37306,no,no,no
37307,no,no,yes
37308,no,yes,no
37309,no,yes,yes
37310,no,yes,no
37311,no,no,no
37312,no,no,no
37313,no,yes,no
37314,no,yes,no
37315,no,no,no
37316,no,yes,no
37317,no,no,no
37318,no,yes,yes
37319,no,yes,no
37320,no,no,no
37321,no,yes,yes
37322,no,no,no
37323,no,no,no
37324,no,no,no
37325,no,no,no
37326,no,no,no
37327,no,no,no
37328,no,no,no
37329,no,yes,yes
37330,no,yes,yes
37331,no,no,no
37332,no,yes,no
37333,no,yes,no
37334,no,yes,no
37335,no,yes,no
37336,no,yes,yes
37337,no,yes,no
37338,unknown,yes,no
37339,no,yes,yes
37340,no,no,no
37341,no,no,no
37342,no,no,no
37343,no,yes,no
37344,no,yes,no
37345,no,yes,no
37346,no,no,no
37347,no,yes,no
37348,no,no,no
37349,no,yes,yes
37350,no,yes,no
37351,unknown,yes,no
37352,no,no,no
37353,no,yes,no
37354,no,no,yes
37355,no,no,yes
37356,unknown,yes,yes
37357,no,no,no
37358,no,no,no
37359,no,yes,yes
37360,no,yes,no
37361,no,no,no
37362,no,yes,no
37363,no,yes,no
37364,no,no,no
37365,no,no,no
37366,no,yes,no
37367,no,no,no
37368,no,unknown,unknown
37369,no,no,no
37370,no,yes,no
37371,no,yes,yes
37372,no,yes,no
37373,no,no,no
37374,no,no,no
37375,no,yes,no
37376,no,yes,no
37377,no,yes,no
37378,no,yes,no
37379,no,no,no
37380,no,yes,no
37381,no,no,no
37382,no,yes,yes
37383,no,yes,no
37384,no,no,no
37385,no,yes,no
37386,no,yes,no
37387,no,no,yes
37388,no,yes,no
37389,no,yes,no
37390,no,no,no
37391,no,no,no
37392,no,yes,yes
37393,no,no,no
37394,no,yes,no
37395,no,yes,no
37396,no,no,no
37397,no,yes,no
37398,no,yes,no
37399,no,no,no
37400,no,yes,no
37401,no,yes,no
37402,no,no,no
37403,no,no,no
37404,no,yes,no
37405,no,yes,no
37406,no,no,no
37407,no,yes,no
37408,no,no,no
37409,no,unknown,unknown
37410,no,yes,no
37411,no,no,no
37412,no,yes,no
37413,no,yes,no
37414,no,no,no
37415,no,no,no
37416,no,yes,no
37417,no,no,no
37418,no,no,no
37419,no,yes,no
37420,no,yes,no
37421,no,no,no
37422,no,yes,no
37423,no,yes,no
37424,no,no,no
37425,no,no,no
37426,no,yes,no
37427,no,yes,no
37428,no,yes,no
37429,no,no,no
37430,no,no,no
37431,no,no,no
37432,no,no,no
37433,no,yes,no
37434,no,no,no
37435,no,no,no
37436,no,yes,no
37437,no,unknown,unknown
37438,no,unknown,unknown
37439,no,no,no
37440,no,no,no
37441,no,no,no
37442,no,yes,no
37443,unknown,yes,no
37444,unknown,no,no
37445,no,yes,no
37446,no,yes,no
37447,no,yes,no
37448,no,no,no
37449,no,no,no
37450,no,yes,no
37451,no,yes,yes
37452,no,unknown,unknown
37453,no,no,yes
37454,no,no,no
37455,no,no,no
37456,no,no,no
37457,no,no,no
37458,no,no,no
37459,no,no,yes
37460,no,yes,yes
37461,no,yes,no
37462,no,yes,no
37463,no,no,no
37464,no,yes,no
37465,no,yes,no
37466,no,yes,yes
37467,no,yes,no
37468,no,no,no
37469,unknown,yes,no
37470,unknown,yes,no
37471,no,yes,no
37472,no,yes,yes
37473,no,yes,no
37474,no,no,no
37475,no,no,no
37476,unknown,yes,no
37477,no,yes,no
37478,no,no,no
37479,no,yes,no
37480,no,no,no
37481,no,yes,no
37482,no,yes,no
37483,unknown,yes,yes
37484,no,no,yes
37485,no,no,no
37486,no,yes,no
37487,no,yes,no
37488,no,yes,no
37489,no,no,no
37490,no,no,no
37491,no,no,no
37492,no,no,no
37493,no,yes,no
37494,no,no,no
37495,no,no,no
37496,no,yes,no
37497,no,no,no
37498,no,yes,no
37499,no,yes,yes
37500,no,no,no
37501,no,no,no
37502,no,no,no
37503,no,no,yes
37504,no,no,no
37505,no,yes,no
37506,no,no,yes
37507,no,yes,yes
37508,no,no,no
37509,no,no,yes
37510,no,yes,no
37511,no,no,no
37512,no,no,no
37513,no,yes,no
37514,no,no,no
37515,no,no,yes
37516,no,no,yes
37517,no,no,no
37518,unknown,no,no
37519,no,yes,no
37520,no,yes,no
37521,no,yes,no
37522,no,yes,no
37523,no,no,no
37524,no,yes,no
37525,no,no,no
37526,no,yes,no
37527,no,yes,no
37528,no,no,no
37529,no,unknown,unknown
37530,no,yes,no
37531,unknown,no,no
37532,no,no,no
37533,no,yes,yes
37534,no,no,no
37535,no,no,no
37536,no,no,no
37537,no,yes,yes
37538,no,no,no
37539,no,yes,no
37540,no,yes,no
37541,no,yes,no
37542,no,yes,yes
37543,no,yes,no
37544,no,yes,no
37545,no,no,no
37546,no,no,no
37547,no,no,no
37548,no,yes,no
37549,no,yes,no
37550,no,no,no
37551,no,yes,no
37552,no,yes,no
37553,unknown,yes,no
37554,no,no,no
37555,no,yes,yes
37556,no,yes,no
37557,no,no,no
37558,no,no,no
37559,no,yes,no
37560,no,yes,no
37561,no,no,no
37562,no,yes,no
37563,no,yes,no
37564,no,no,no
37565,no,yes,yes
37566,no,no,no
37567,no,yes,no
37568,no,yes,no
37569,no,yes,no
37570,no,no,no
37571,no,yes,no
37572,no,no,no
37573,no,yes,no
37574,no,yes,no
37575,no,no,no
37576,no,no,no
37577,no,yes,no
37578,no,no,no
37579,no,yes,no
37580,no,unknown,unknown
37581,no,no,no
37582,no,yes,no
37583,no,no,no
37584,no,yes,no
37585,no,yes,no
37586,no,no,no
37587,no,no,no
37588,no,no,no
37589,no,yes,no
37590,no,no,no
37591,no,no,no
37592,no,yes,yes
37593,no,no,no
37594,no,no,no
37595,no,no,no
37596,no,no,no
37597,no,yes,no
37598,no,no,no
37599,no,no,no
37600,no,yes,no
37601,no,no,no
37602,no,no,no
37603,no,no,no
37604,no,yes,yes
37605,no,no,no
37606,no,no,no
37607,no,yes,no
37608,no,no,no
37609,no,no,no
37610,no,no,no
37611,no,yes,no
37612,no,no,no
37613,no,yes,yes
37614,no,no,no
37615,no,no,no
37616,no,no,no
37617,no,no,no
37618,no,no,no
37619,no,unknown,unknown
37620,no,no,no
37621,no,no,no
37622,no,no,no
37623,no,yes,no
37624,no,no,no
37625,no,yes,no
37626,no,no,no
37627,no,yes,no
37628,no,yes,no
37629,no,unknown,unknown
37630,no,no,no
37631,no,no,no
37632,no,yes,no
37633,no,unknown,unknown
37634,no,yes,no
37635,no,no,no
37636,no,yes,no
37637,no,yes,no
37638,no,yes,no
37639,no,yes,no
37640,no,no,no
37641,no,no,no
37642,no,yes,no
37643,no,yes,no
37644,no,no,no
37645,no,no,no
37646,no,yes,no
37647,no,no,yes
37648,no,no,no
37649,no,no,yes
37650,no,yes,no
37651,no,yes,no
37652,no,no,no
37653,no,yes,yes
37654,no,no,no
37655,no,yes,no
37656,no,yes,no
37657,no,yes,no
37658,no,no,yes
37659,no,yes,no
37660,no,unknown,unknown
37661,no,no,no
37662,unknown,unknown,unknown
37663,no,no,no
37664,no,no,no
37665,no,yes,no
37666,no,yes,no
37667,no,yes,no
37668,unknown,no,no
37669,no,yes,no
37670,no,yes,no
37671,no,no,no
37672,no,no,no
37673,no,no,no
37674,no,no,no
37675,no,yes,no
37676,no,yes,no
37677,no,yes,no
37678,no,yes,no
37679,no,yes,no
37680,no,no,no
37681,no,yes,yes
37682,no,yes,no
37683,no,yes,no
37684,no,no,no
37685,no,no,no
37686,no,no,no
37687,no,yes,no
37688,no,yes,no
37689,no,yes,no
37690,no,yes,no
37691,no,yes,yes
37692,no,yes,no
37693,unknown,no,no
37694,no,yes,no
37695,no,yes,no
37696,no,no,no
37697,no,no,no
37698,no,no,no
37699,no,no,no
37700,no,no,yes
37701,no,yes,no
37702,no,yes,yes
37703,no,no,no
37704,no,yes,no
37705,no,no,no
37706,no,yes,no
37707,no,yes,no
37708,no,yes,no
37709,no,yes,no
37710,no,yes,no
37711,no,no,no
37712,no,no,no
37713,no,no,no
37714,no,no,no
37715,no,yes,no
37716,no,no,no
37717,no,yes,no
37718,no,yes,no
37719,no,no,no
37720,no,no,no
37721,no,yes,no
37722,no,no,yes
37723,no,no,no
37724,no,no,no
37725,no,no,no
37726,no,yes,no
37727,no,yes,no
37728,no,yes,no
37729,no,no,no
37730,no,yes,no
37731,no,yes,yes
37732,no,no,no
37733,no,yes,yes
37734,no,no,no
37735,no,yes,yes
37736,no,yes,no
37737,no,no,no
37738,no,yes,yes
37739,no,yes,no
37740,no,yes,yes
37741,no,yes,no
37742,no,yes,yes
37743,no,yes,yes
37744,no,no,no
37745,no,yes,no
37746,no,yes,yes
37747,no,no,no
37748,no,yes,no
37749,no,yes,no
37750,no,yes,yes
37751,no,yes,yes
37752,no,no,no
37753,no,no,no
37754,no,yes,no
37755,no,no,no
37756,no,yes,no
37757,no,no,no
37758,no,yes,no
37759,no,yes,no
37760,no,yes,no
37761,no,yes,yes
37762,no,yes,no
37763,no,no,no
37764,no,yes,yes
37765,no,yes,no
37766,no,yes,no
37767,no,no,no
37768,no,yes,no
37769,no,yes,no
37770,unknown,yes,no
37771,no,yes,no
37772,no,yes,no
37773,no,no,yes
37774,no,no,no
37775,no,yes,no
37776,no,yes,no
37777,no,yes,no
37778,no,yes,no
37779,no,yes,no
37780,no,yes,no
37781,no,no,no
37782,no,no,no
37783,no,no,no
37784,unknown,yes,no
37785,no,no,no
37786,no,no,no
37787,no,no,yes
37788,no,yes,yes
37789,no,no,no
37790,no,yes,no
37791,no,no,no
37792,no,yes,no
37793,no,no,no
37794,no,yes,no
37795,no,yes,no
37796,no,yes,no
37797,no,no,no
37798,no,no,no
37799,no,no,no
37800,unknown,no,no
37801,no,no,no
37802,unknown,no,no
37803,no,yes,no
37804,no,yes,no
37805,no,no,no
37806,no,yes,no
37807,no,yes,no
37808,no,no,yes
37809,no,yes,no
37810,no,no,yes
37811,no,yes,no
37812,no,no,no
37813,no,yes,no
37814,no,no,no
37815,no,yes,no
37816,no,yes,no
37817,no,yes,no
37818,no,yes,no
37819,no,yes,no
37820,no,yes,no
37821,no,no,yes
37822,no,yes,no
37823,no,no,no
37824,no,no,no
37825,no,no,no
37826,no,no,no
37827,no,yes,no
37828,no,no,no
37829,no,unknown,unknown
37830,no,yes,no
37831,no,yes,no
37832,no,no,yes
37833,no,yes,no
37834,no,no,no
37835,no,no,no
37836,no,yes,no
37837,no,yes,no
37838,no,unknown,unknown
37839,no,no,no
37840,unknown,yes,no
37841,no,yes,no
37842,no,yes,no
37843,no,yes,no
37844,unknown,yes,no
37845,unknown,no,no
37846,unknown,yes,no
37847,unknown,yes,no
37848,unknown,yes,no
37849,no,no,no
37850,no,yes,no
37851,no,no,no
37852,no,no,no
37853,no,no,no
37854,no,yes,no
37855,no,no,yes
37856,no,yes,yes
37857,no,no,no
37858,no,yes,no
37859,no,no,no
37860,no,yes,no
37861,no,yes,no
37862,no,yes,yes
37863,no,yes,no
37864,no,no,no
37865,no,yes,no
37866,no,yes,no
37867,no,yes,no
37868,no,no,no
37869,no,no,no
37870,no,no,no
37871,no,unknown,unknown
37872,no,unknown,unknown
37873,no,yes,no
37874,no,yes,no
37875,no,yes,no
37876,no,yes,no
37877,no,yes,yes
37878,no,yes,no
37879,no,yes,no
37880,no,yes,no
37881,no,yes,no
37882,no,yes,no
37883,no,yes,yes
37884,no,yes,no
37885,no,yes,no
37886,no,yes,no
37887,no,yes,no
37888,unknown,yes,no
37889,no,yes,yes
37890,no,no,no
37891,no,yes,no
37892,no,yes,no
37893,no,yes,yes
37894,no,no,no
37895,no,no,no
37896,no,no,no
37897,no,yes,no
37898,no,yes,yes
37899,no,yes,no
37900,no,yes,no
37901,no,yes,no
37902,no,yes,no
37903,no,yes,yes
37904,no,yes,no
37905,no,yes,no
37906,no,no,no
37907,no,yes,no
37908,no,no,no
37909,no,unknown,unknown
37910,no,yes,no
37911,no,yes,no
37912,no,yes,no
37913,no,yes,yes
37914,no,yes,yes
37915,no,yes,yes
37916,no,yes,no
37917,no,no,no
37918,no,yes,no
37919,no,yes,no
37920,no,yes,no
37921,no,no,no
37922,no,yes,yes
37923,no,no,no
37924,no,yes,yes
37925,no,yes,no
37926,no,yes,no
37927,no,yes,no
37928,no,yes,no
37929,no,yes,no
37930,no,no,no
37931,no,yes,no
37932,no,yes,yes
37933,no,no,no
37934,no,yes,yes
37935,no,unknown,unknown
37936,no,yes,no
37937,no,yes,no
37938,no,yes,yes
37939,no,yes,yes
37940,no,yes,no
37941,no,yes,no
37942,no,no,yes
37943,no,yes,yes
37944,no,no,no
37945,no,no,no
37946,no,yes,no
37947,no,yes,no
37948,no,no,no
37949,no,yes,no
37950,no,yes,no
37951,no,yes,yes
37952,no,no,no
37953,no,no,no
37954,no,yes,no
37955,no,no,no
37956,no,yes,no
37957,no,no,no
37958,no,no,no
37959,no,no,no
37960,no,yes,no
37961,no,yes,no
37962,no,no,no
37963,no,yes,yes
37964,no,yes,no
37965,no,no,no
37966,no,yes,no
37967,no,no,yes
37968,no,yes,yes
37969,no,no,no
37970,no,yes,yes
37971,no,no,no
37972,no,no,yes
37973,no,yes,no
37974,no,yes,no
37975,no,yes,no
37976,no,yes,no
37977,no,no,no
37978,no,no,no
37979,no,yes,no
37980,no,no,no
37981,no,yes,no
37982,no,yes,no
37983,no,yes,yes
37984,no,no,no
37985,no,no,no
37986,no,no,no
37987,no,yes,no
37988,no,no,no
37989,no,yes,no
37990,no,no,no
37991,no,no,no
37992,no,no,no
37993,no,no,no
37994,no,no,no
37995,no,yes,no
37996,no,no,no
37997,no,no,no
37998,no,yes,no
37999,no,no,no
38000,no,no,no
38001,no,no,no
38002,no,no,no
38003,no,yes,no
38004,no,yes,yes
38005,no,yes,no
38006,no,no,no
38007,no,unknown,unknown
38008,no,no,no
38009,no,no,no
38010,no,no,no
38011,no,yes,no
38012,no,no,no
38013,no,yes,yes
38014,no,no,no
38015,no,yes,yes
38016,no,yes,no
38017,no,no,no
38018,no,no,no
38019,no,yes,yes
38020,no,yes,no
38021,no,yes,no
38022,no,yes,no
38023,no,yes,yes
38024,no,yes,no
38025,no,yes,yes
38026,no,no,no
38027,unknown,no,no
38028,no,yes,no
38029,no,no,no
38030,no,yes,no
38031,no,yes,yes
38032,no,no,no
38033,no,no,yes
38034,no,yes,no
38035,no,yes,no
38036,no,yes,no
38037,no,yes,no
38038,no,no,no
38039,no,yes,no
38040,no,no,no
38041,no,yes,no
38042,no,yes,no
38043,no,no,no
38044,no,yes,no
38045,no,yes,no
38046,no,yes,no
38047,no,no,no
38048,no,yes,no
38049,no,yes,no
38050,no,yes,no
38051,no,yes,no
38052,no,yes,no
38053,no,yes,no
38054,no,yes,no
38055,no,yes,no
38056,no,no,yes
38057,no,yes,no
38058,no,yes,no
38059,no,yes,no
38060,no,no,no
38061,no,yes,no
38062,no,no,no
38063,no,yes,no
38064,no,yes,no
38065,no,yes,no
38066,no,yes,no
38067,no,no,no
38068,no,yes,no
38069,no,yes,yes
38070,no,no,no
38071,no,yes,no
38072,no,no,no
38073,no,yes,no
38074,no,yes,no
38075,no,no,no
38076,no,yes,no
38077,no,yes,no
38078,no,yes,yes
38079,no,unknown,unknown
38080,no,yes,no
38081,no,yes,no
38082,no,yes,yes
38083,no,no,no
38084,no,no,no
38085,no,no,no
38086,no,no,no
38087,no,yes,yes
38088,no,yes,no
38089,no,no,no
38090,unknown,yes,no
38091,no,no,no
38092,no,no,no
38093,no,no,no
38094,no,yes,no
38095,no,no,no
38096,no,no,no
38097,no,no,no
38098,no,no,no
38099,no,yes,no
38100,no,no,no
38101,no,yes,no
38102,no,no,no
38103,no,yes,no
38104,no,yes,no
38105,no,no,no
38106,no,no,no
38107,no,no,no
38108,no,no,no
38109,no,no,no
38110,no,yes,no
38111,no,no,no
38112,no,no,no
38113,no,yes,no
38114,no,yes,no
38115,no,yes,yes
38116,no,yes,yes
38117,no,yes,yes
38118,no,yes,no
38119,no,yes,yes
38120,no,yes,no
38121,no,yes,yes
38122,no,no,no
38123,no,no,no
38124,no,yes,yes
38125,no,yes,no
38126,no,yes,no
38127,no,no,no
38128,no,yes,no
38129,no,yes,no
38130,no,no,no
38131,no,yes,no
38132,no,yes,no
38133,no,yes,no
38134,no,yes,no
38135,unknown,no,no
38136,unknown,yes,no
38137,no,yes,no
38138,no,no,no
38139,no,no,no
38140,no,yes,no
38141,no,no,no
38142,no,no,no
38143,no,yes,no
38144,no,yes,no
38145,no,no,no
38146,no,yes,no
38147,no,no,no
38148,no,no,no
38149,no,yes,no
38150,no,yes,no
38151,no,yes,yes
38152,no,yes,no
38153,no,yes,yes
38154,no,no,no
38155,no,yes,no
38156,no,yes,no
38157,no,no,no
38158,no,yes,no
38159,no,yes,no
38160,no,no,no
38161,no,yes,no
38162,no,yes,no
38163,no,yes,no
38164,no,no,no
38165,no,no,no
38166,no,yes,no
38167,no,yes,no
38168,no,yes,no
38169,no,yes,no
38170,no,no,no
38171,no,yes,no
38172,no,yes,no
38173,no,yes,yes
38174,no,yes,no
38175,no,yes,no
38176,no,yes,no
38177,no,yes,no
38178,unknown,yes,no
38179,unknown,yes,no
38180,no,yes,no
38181,no,yes,yes
38182,no,yes,no
38183,no,yes,no
38184,no,no,no
38185,no,yes,no
38186,no,no,no
38187,no,yes,no
38188,no,yes,no
38189,no,yes,no
38190,no,no,no
38191,no,no,no
38192,no,yes,yes
38193,no,yes,no
38194,no,no,no
38195,no,yes,no
38196,no,no,no
38197,no,yes,no
38198,no,no,no
38199,no,yes,no
38200,no,no,no
38201,no,no,no
38202,no,yes,no
38203,no,yes,no
38204,no,yes,yes
38205,no,no,no
38206,no,no,no
38207,no,unknown,unknown
38208,no,yes,yes
38209,no,no,no
38210,no,no,yes
38211,no,yes,no
38212,no,yes,no
38213,no,no,no
38214,no,yes,no
38215,no,no,no
38216,no,yes,no
38217,no,no,no
38218,no,yes,no
38219,no,yes,no
38220,no,yes,no
38221,no,yes,yes
38222,no,no,no
38223,no,no,no
38224,no,no,no
38225,no,no,no
38226,no,yes,no
38227,no,yes,no
38228,no,yes,no
38229,no,no,no
38230,no,no,no
38231,no,yes,no
38232,unknown,no,no
38233,no,no,no
38234,no,yes,no
38235,no,no,no
38236,no,no,no
38237,no,no,no
38238,no,yes,no
38239,no,no,no
38240,no,yes,no
38241,no,yes,no
38242,no,no,no
38243,no,yes,yes
38244,no,no,no
38245,no,no,no
38246,no,yes,no
38247,no,no,yes
38248,no,yes,no
38249,no,no,yes
38250,no,yes,no
38251,no,yes,no
38252,no,no,no
38253,no,yes,yes
38254,no,unknown,unknown
38255,no,yes,no
38256,no,no,no
38257,no,unknown,unknown
38258,no,no,no
38259,no,yes,no
38260,no,yes,no
38261,no,no,no
38262,no,no,no
38263,no,no,yes
38264,no,no,yes
38265,no,yes,no
38266,no,no,no
38267,no,no,no
38268,no,no,yes
38269,no,yes,no
38270,no,no,yes
38271,no,yes,no
38272,no,yes,no
38273,no,no,no
38274,no,yes,no
38275,no,no,yes
38276,no,yes,yes
38277,no,no,yes
38278,no,yes,no
38279,no,yes,no
38280,no,no,no
38281,no,no,no
38282,no,no,no
38283,no,no,no
38284,no,unknown,unknown
38285,no,no,no
38286,no,no,no
38287,no,no,no
38288,no,yes,no
38289,no,yes,yes
38290,no,yes,no
38291,no,yes,no
38292,no,no,no
38293,no,no,no
38294,no,yes,no
38295,no,yes,no
38296,no,no,no
38297,no,no,no
38298,no,yes,yes
38299,no,no,no
38300,no,no,no
38301,no,no,no
38302,no,yes,no
38303,no,yes,no
38304,no,no,no
38305,no,no,no
38306,no,no,no
38307,no,no,no
38308,no,no,no
38309,no,yes,no
38310,no,no,no
38311,no,no,no
38312,no,yes,no
38313,no,yes,no
38314,no,yes,no
38315,no,yes,no
38316,no,yes,no
38317,no,yes,no
38318,no,no,no
38319,no,no,no
38320,no,yes,no
38321,no,yes,yes
38322,no,no,no
38323,no,no,no
38324,no,yes,yes
38325,no,yes,no
38326,no,yes,no
38327,unknown,yes,no
38328,no,no,no
38329,no,no,yes
38330,no,unknown,unknown
38331,no,no,no
38332,no,yes,no
38333,no,yes,yes
38334,no,yes,no
38335,no,yes,no
38336,no,no,no
38337,no,yes,no
38338,no,yes,no
38339,no,yes,no
38340,no,yes,yes
38341,no,no,no
38342,no,yes,no
38343,no,yes,no
38344,no,no,no
38345,no,no,no
38346,no,yes,no
38347,no,no,no
38348,no,unknown,unknown
38349,no,no,no
38350,no,no,no
38351,no,no,no
38352,unknown,no,no
38353,no,yes,no
38354,no,no,no
38355,no,no,no
38356,no,yes,no
38357,no,no,no
38358,no,no,no
38359,no,yes,no
38360,no,no,no
38361,no,no,no
38362,no,no,yes
38363,no,no,no
38364,no,no,no
38365,no,yes,no
38366,no,yes,no
38367,no,yes,no
38368,no,yes,no
38369,no,no,no
38370,no,no,no
38371,no,no,no
38372,no,no,no
38373,no,no,yes
38374,no,no,yes
38375,no,yes,no
38376,no,yes,no
38377,no,yes,no
38378,no,yes,no
38379,no,no,no
38380,no,no,no
38381,no,yes,yes
38382,no,unknown,unknown
38383,no,no,no
38384,no,no,no
38385,no,unknown,unknown
38386,no,no,no
38387,no,no,no
38388,no,no,no
38389,no,no,no
38390,no,yes,no
38391,no,yes,no
38392,no,yes,no
38393,no,yes,no
38394,no,yes,no
38395,no,yes,no
38396,no,unknown,unknown
38397,no,yes,no
38398,no,yes,no
38399,no,yes,no
38400,no,yes,no
38401,no,yes,no
38402,no,yes,no
38403,no,yes,no
38404,no,yes,no
38405,no,yes,no
38406,no,yes,no
38407,no,yes,no
38408,no,yes,no
38409,no,yes,no
38410,no,no,yes
38411,no,yes,no
38412,no,yes,no
38413,no,yes,no
38414,no,no,no
38415,no,yes,no
38416,no,no,no
38417,no,yes,no
38418,no,no,no
38419,no,yes,no
38420,no,yes,no
38421,no,no,no
38422,no,no,yes
38423,no,yes,no
38424,no,yes,no
38425,no,yes,no
38426,no,yes,no
38427,no,yes,no
38428,no,no,no
38429,no,no,no
38430,no,yes,no
38431,no,yes,no
38432,no,unknown,unknown
38433,no,no,no
38434,no,yes,no
38435,no,no,no
38436,no,yes,no
38437,no,no,no
38438,no,yes,no
38439,no,no,no
38440,no,yes,no
38441,no,yes,yes
38442,no,no,yes
38443,no,no,no
38444,no,no,no
38445,no,yes,no
38446,no,no,no
38447,no,yes,no
38448,no,yes,no
38449,no,yes,no
38450,no,yes,no
38451,no,yes,no
38452,no,yes,no
38453,unknown,yes,no
38454,no,yes,no
38455,no,no,no
38456,unknown,yes,no
38457,no,no,no
38458,no,no,no
38459,no,no,no
38460,no,yes,no
38461,no,no,no
38462,no,yes,no
38463,no,no,no
38464,no,unknown,unknown
38465,no,no,no
38466,no,no,no
38467,no,no,no
38468,no,yes,no
38469,no,yes,yes
38470,no,no,no
38471,no,yes,no
38472,no,yes,no
38473,no,yes,no
38474,no,no,no
38475,no,yes,no
38476,no,no,no
38477,no,no,no
38478,no,yes,no
38479,no,yes,no
38480,no,yes,yes
38481,no,yes,no
38482,no,yes,yes
38483,no,yes,no
38484,no,no,no
38485,no,no,no
38486,no,no,no
38487,unknown,no,yes
38488,no,yes,yes
38489,no,no,no
38490,no,no,no
38491,no,no,no
38492,no,yes,no
38493,no,no,no
38494,no,no,no
38495,no,no,no
38496,no,unknown,unknown
38497,no,no,no
38498,no,no,no
38499,no,yes,no
38500,no,yes,no
38501,no,yes,no
38502,no,yes,no
38503,no,no,no
38504,no,yes,no
38505,no,no,no
38506,unknown,yes,yes
38507,no,yes,no
38508,no,no,yes
38509,no,yes,no
38510,no,yes,no
38511,no,yes,no
38512,no,yes,no
38513,no,yes,no
38514,no,yes,no
38515,no,no,no
38516,no,no,no
38517,no,yes,no
38518,no,no,no
38519,no,yes,no
38520,no,yes,no
38521,no,no,no
38522,no,yes,no
38523,no,yes,no
38524,no,yes,yes
38525,no,yes,no
38526,no,yes,yes
38527,no,yes,no
38528,no,no,no
38529,no,yes,no
38530,no,yes,no
38531,no,no,no
38532,no,no,no
38533,no,yes,no
38534,no,no,no
38535,no,yes,no
38536,no,yes,no
38537,no,yes,no
38538,no,no,no
38539,no,no,no
38540,no,no,no
38541,no,no,yes
38542,no,yes,no
38543,no,yes,yes
38544,no,no,no
38545,no,yes,no
38546,no,no,no
38547,no,yes,no
38548,no,no,no
38549,no,yes,no
38550,no,no,no
38551,no,no,no
38552,no,no,no
38553,no,no,no
38554,no,yes,no
38555,no,yes,yes
38556,no,no,no
38557,no,yes,yes
38558,no,yes,no
38559,no,no,no
38560,no,no,yes
38561,no,yes,yes
38562,unknown,no,no
38563,no,no,no
38564,no,yes,no
38565,no,no,no
38566,no,yes,no
38567,no,no,yes
38568,no,no,no
38569,no,yes,yes
38570,no,yes,no
38571,no,no,no
38572,no,yes,no
38573,no,yes,no
38574,no,no,no
38575,no,no,no
38576,no,yes,no
38577,no,no,no
38578,no,yes,no
38579,no,yes,no
38580,no,yes,no
38581,no,no,no
38582,no,yes,yes
38583,no,no,no
38584,no,no,no
38585,no,no,no
38586,no,yes,no
38587,no,yes,no
38588,no,no,no
38589,unknown,yes,no
38590,unknown,no,yes
38591,unknown,yes,no
38592,no,no,no
38593,no,no,no
38594,no,yes,no
38595,no,no,no
38596,no,no,no
38597,no,yes,yes
38598,no,no,yes
38599,no,yes,no
38600,no,no,no
38601,no,no,no
38602,no,no,no
38603,no,no,no
38604,no,yes,no
38605,no,yes,no
38606,no,no,no
38607,no,yes,no
38608,no,yes,no
38609,no,no,yes
38610,no,no,no
38611,no,yes,no
38612,no,yes,no
38613,no,no,no
38614,no,no,no
38615,no,no,no
38616,no,yes,yes
38617,no,yes,no
38618,no,yes,no
38619,no,yes,no
38620,no,yes,yes
38621,no,yes,no
38622,no,yes,no
38623,no,yes,yes
38624,no,unknown,unknown
38625,no,yes,yes
38626,no,yes,no
38627,no,no,no
38628,no,no,no
38629,no,yes,no
38630,no,yes,no
38631,no,yes,no
38632,no,no,no
38633,no,yes,no
38634,no,no,no
38635,no,no,yes
38636,no,yes,no
38637,no,yes,no
38638,no,no,no
38639,no,yes,no
38640,no,no,no
38641,no,unknown,unknown
38642,no,no,no
38643,no,no,yes
38644,no,no,yes
38645,no,yes,no
38646,no,no,yes
38647,no,yes,no
38648,no,no,no
38649,no,no,no
38650,no,no,no
38651,no,yes,yes
38652,no,yes,no
38653,no,yes,no
38654,no,yes,no
38655,no,yes,no
38656,no,no,no
38657,no,yes,yes
38658,no,yes,yes
38659,no,no,no
38660,no,no,no
38661,no,no,no
38662,no,yes,no
38663,no,no,no
38664,no,yes,yes
38665,no,yes,no
38666,no,yes,no
38667,no,no,yes
38668,no,yes,no
38669,no,no,yes
38670,no,yes,no
38671,no,no,no
38672,no,yes,no
38673,no,no,no
38674,no,unknown,unknown
38675,no,no,no
38676,no,yes,no
38677,no,no,yes
38678,no,yes,no
38679,no,no,no
38680,no,yes,no
38681,no,no,no
38682,no,yes,no
38683,no,yes,no
38684,no,yes,no
38685,no,yes,no
38686,no,yes,no
38687,no,no,yes
38688,no,no,no
38689,no,no,no
38690,no,yes,no
38691,no,unknown,unknown
38692,no,no,yes
38693,no,yes,no
38694,no,no,yes
38695,no,yes,no
38696,no,no,yes
38697,no,no,no
38698,unknown,yes,no
38699,no,no,no
38700,no,no,no
38701,unknown,yes,no
38702,no,yes,no
38703,no,no,no
38704,no,no,no
38705,no,no,no
38706,no,no,no
38707,no,no,no
38708,no,yes,no
38709,no,no,no
38710,no,yes,no
38711,no,yes,no
38712,no,yes,no
38713,no,no,no
38714,no,no,no
38715,no,no,no
38716,no,yes,no
38717,no,yes,no
38718,no,yes,no
38719,no,yes,no
38720,no,no,no
38721,no,yes,no
38722,no,no,no
38723,no,no,yes
38724,no,yes,no
38725,no,no,no
38726,no,no,yes
38727,no,yes,no
38728,no,no,no
38729,no,no,no
38730,unknown,yes,no
38731,no,unknown,unknown
38732,no,no,no
38733,no,unknown,unknown
38734,no,yes,yes
38735,no,no,no
38736,no,yes,no
38737,no,no,no
38738,no,no,yes
38739,no,no,no
38740,no,no,yes
38741,no,yes,no
38742,no,yes,no
38743,no,no,yes
38744,no,no,no
38745,no,yes,no
38746,no,yes,no
38747,no,no,yes
38748,no,no,no
38749,no,no,no
38750,no,no,no
38751,no,no,yes
38752,no,yes,no
38753,no,no,yes
38754,no,unknown,unknown
38755,no,no,yes
38756,no,yes,no
38757,no,yes,no
38758,no,no,yes
38759,no,no,yes
38760,no,no,no
38761,no,yes,no
38762,no,no,no
38763,no,yes,no
38764,no,no,no
38765,no,yes,yes
38766,no,yes,no
38767,no,no,no
38768,no,no,no
38769,no,no,no
38770,no,yes,no
38771,no,no,no
38772,no,yes,no
38773,no,yes,no
38774,no,no,no
38775,no,no,no
38776,no,no,no
38777,no,no,no
38778,no,yes,no
38779,no,yes,no
38780,no,yes,no
38781,no,yes,no
38782,no,no,no
38783,no,no,no
38784,no,yes,no
38785,no,no,no
38786,no,no,no
38787,no,yes,no
38788,no,no,no
38789,no,yes,no
38790,no,yes,no
38791,no,yes,no
38792,no,yes,yes
38793,no,yes,no
38794,no,yes,no
38795,no,yes,no
38796,no,yes,yes
38797,no,no,no
38798,no,no,no
38799,no,yes,no
38800,no,no,no
38801,no,yes,no
38802,no,no,no
38803,no,yes,no
38804,no,no,no
38805,no,no,no
38806,no,yes,no
38807,no,no,no
38808,no,yes,no
38809,no,yes,no
38810,no,yes,yes
38811,no,yes,yes
38812,no,no,no
38813,no,yes,no
38814,no,no,no
38815,no,no,yes
38816,no,no,no
38817,no,no,no
38818,no,yes,no
38819,no,no,no
38820,no,yes,no
38821,no,yes,no
38822,no,yes,no
38823,no,yes,no
38824,no,yes,no
38825,no,yes,no
38826,no,yes,no
38827,no,no,no
38828,no,no,no
38829,no,no,yes
38830,no,yes,no
38831,no,no,no
38832,no,yes,no
38833,no,no,no
38834,no,yes,no
38835,no,no,no
38836,no,no,no
38837,no,yes,no
38838,no,yes,no
38839,no,no,no
38840,no,no,yes
38841,no,yes,no
38842,no,no,no
38843,no,yes,no
38844,no,no,no
38845,no,no,no
38846,no,yes,no
38847,no,no,no
38848,no,no,no
38849,no,yes,no
38850,no,yes,no
38851,no,yes,no
38852,no,yes,no
38853,no,yes,no
38854,no,no,yes
38855,no,yes,no
38856,no,unknown,unknown
38857,no,yes,no
38858,no,yes,yes
38859,no,yes,no
38860,no,no,no
38861,no,yes,yes
38862,no,unknown,unknown
38863,no,no,no
38864,no,no,no
38865,no,no,no
38866,no,yes,no
38867,no,yes,no
38868,no,yes,no
38869,no,yes,no
38870,no,no,no
38871,no,yes,no
38872,no,yes,no
38873,no,yes,no
38874,no,yes,no
38875,no,yes,no
38876,no,yes,no
38877,no,no,no
38878,no,no,no
38879,no,yes,no
38880,no,no,no
38881,no,no,no
38882,no,no,no
38883,no,no,no
38884,no,yes,no
38885,no,no,no
38886,no,no,yes
38887,no,yes,no
38888,no,yes,no
38889,no,yes,no
38890,no,yes,no
38891,no,yes,no
38892,no,yes,no
38893,no,yes,no
38894,no,yes,yes
38895,no,yes,no
38896,no,yes,no
38897,no,yes,no
38898,no,yes,no
38899,no,yes,no
38900,no,yes,no
38901,no,no,no
38902,no,no,no
38903,no,no,no
38904,no,no,no
38905,no,no,no
38906,no,no,no
38907,no,yes,no
38908,no,no,yes
38909,no,no,no
38910,no,yes,yes
38911,no,yes,no
38912,no,yes,no
38913,no,yes,no
38914,no,yes,no
38915,no,yes,no
38916,no,yes,no
38917,no,no,yes
38918,no,yes,no
38919,no,no,no
38920,no,no,no
38921,no,no,no
38922,no,no,no
38923,no,no,no
38924,no,no,no
38925,no,yes,no
38926,no,no,no
38927,no,yes,no
38928,no,no,no
38929,no,yes,no
38930,no,yes,no
38931,no,no,no
38932,no,yes,no
38933,no,yes,no
38934,no,yes,no
38935,no,yes,no
38936,no,yes,no
38937,no,yes,no
38938,no,no,yes
38939,no,yes,no
38940,no,yes,no
38941,no,no,no
38942,no,yes,yes
38943,no,no,no
38944,unknown,yes,no
38945,no,no,no
38946,no,no,no
38947,no,no,no
38948,no,yes,no
38949,no,yes,no
38950,no,yes,no
38951,no,no,yes
38952,no,yes,no
38953,no,yes,no
38954,no,yes,no
38955,no,no,no
38956,no,yes,yes
38957,no,yes,no
38958,no,yes,yes
38959,unknown,yes,no
38960,no,yes,yes
38961,no,yes,no
38962,no,yes,no
38963,no,no,no
38964,no,yes,no
38965,no,yes,no
38966,no,yes,no
38967,no,yes,no
38968,no,no,no
38969,no,yes,no
38970,no,no,yes
38971,no,no,no
38972,no,no,yes
38973,no,no,no
38974,no,no,no
38975,unknown,no,yes
38976,no,yes,no
38977,no,no,no
38978,no,yes,no
38979,no,yes,no
38980,no,no,no
38981,no,yes,no
38982,no,unknown,unknown
38983,no,no,no
38984,no,no,no
38985,no,no,yes
38986,no,no,no
38987,no,no,no
38988,no,yes,no
38989,no,no,yes
38990,no,unknown,unknown
38991,no,no,no
38992,no,no,no
38993,no,unknown,unknown
38994,no,no,yes
38995,no,yes,no
38996,no,no,no
38997,no,yes,no
38998,no,yes,yes
38999,no,yes,no
39000,no,no,no
39001,no,yes,no
39002,no,no,no
39003,no,yes,no
39004,no,no,no
39005,no,no,no
39006,no,no,no
39007,no,unknown,unknown
39008,no,no,no
39009,no,no,no
39010,no,no,no
39011,no,yes,yes
39012,no,no,no
39013,no,unknown,unknown
39014,no,yes,no
39015,no,no,no
39016,no,yes,no
39017,no,yes,no
39018,no,no,no
39019,no,yes,no
39020,no,no,no
39021,no,yes,yes
39022,no,no,no
39023,no,no,no
39024,no,yes,no
39025,no,no,no
39026,no,yes,yes
39027,no,no,no
39028,no,no,no
39029,no,no,no
39030,no,no,yes
39031,no,no,no
39032,no,yes,no
39033,no,yes,no
39034,no,no,no
39035,no,no,no
39036,no,yes,no
39037,no,yes,no
39038,no,yes,yes
39039,no,yes,yes
39040,no,yes,no
39041,no,yes,no
39042,unknown,yes,no
39043,no,no,no
39044,unknown,yes,no
39045,no,no,no
39046,no,yes,yes
39047,unknown,yes,no
39048,no,yes,no
39049,no,yes,no
39050,no,yes,no
39051,no,no,no
39052,no,yes,no
39053,no,no,no
39054,no,yes,no
39055,no,yes,no
39056,no,no,no
39057,no,no,no
39058,no,no,no
39059,no,yes,yes
39060,no,yes,no
39061,no,yes,no
39062,no,no,yes
39063,no,unknown,unknown
39064,no,yes,no
39065,no,yes,yes
39066,no,yes,no
39067,no,no,no
39068,no,yes,no
39069,no,yes,yes
39070,no,no,no
39071,no,yes,no
39072,no,no,no
39073,no,yes,no
39074,no,no,no
39075,no,yes,no
39076,no,no,no
39077,no,yes,no
39078,no,yes,no
39079,no,no,yes
39080,no,no,yes
39081,no,yes,no
39082,no,yes,no
39083,no,yes,no
39084,no,yes,no
39085,no,yes,no
39086,no,yes,no
39087,no,yes,no
39088,no,yes,no
39089,no,yes,no
39090,no,yes,no
39091,no,no,yes
39092,no,no,no
39093,no,yes,no
39094,no,yes,no
39095,no,yes,no
39096,no,no,no
39097,no,yes,yes
39098,no,yes,yes
39099,no,yes,no
39100,no,yes,no
39101,no,no,no
39102,no,no,no
39103,no,yes,yes
39104,no,no,yes
39105,no,yes,no
39106,no,yes,no
39107,no,yes,yes
39108,no,yes,no
39109,unknown,yes,no
39110,no,no,no
39111,no,yes,no
39112,no,no,no
39113,no,no,yes
39114,no,yes,no
39115,no,yes,no
39116,no,yes,no
39117,no,yes,no
39118,no,yes,no
39119,no,yes,no
39120,no,yes,no
39121,no,no,yes
39122,no,yes,no
39123,no,yes,no
39124,no,no,no
39125,no,no,yes
39126,no,yes,no
39127,no,yes,no
39128,no,yes,no
39129,no,no,no
39130,no,yes,no
39131,no,yes,no
39132,no,yes,no
39133,no,yes,no
39134,no,yes,no
39135,no,yes,no
39136,no,no,yes
39137,no,yes,no
39138,no,no,no
39139,no,yes,no
39140,no,yes,yes
39141,no,no,yes
39142,no,yes,no
39143,no,unknown,unknown
39144,no,no,no
39145,no,no,no
39146,no,yes,no
39147,no,no,no
39148,no,yes,no
39149,no,yes,no
39150,no,no,no
39151,no,yes,no
39152,no,yes,no
39153,no,yes,no
39154,no,no,no
39155,no,no,no
39156,no,yes,no
39157,no,yes,no
39158,no,yes,no
39159,no,no,no
39160,no,no,no
39161,no,yes,no
39162,no,yes,no
39163,no,yes,no
39164,no,no,no
39165,no,yes,yes
39166,no,yes,no
39167,no,yes,no
39168,unknown,yes,no
39169,no,no,yes
39170,no,no,no
39171,no,no,no
39172,no,no,no
39173,no,yes,yes
39174,no,no,no
39175,no,yes,no
39176,no,no,no
39177,no,yes,no
39178,no,yes,no
39179,no,yes,no
39180,no,yes,no
39181,no,no,no
39182,no,yes,no
39183,no,yes,yes
39184,no,no,no
39185,no,no,no
39186,no,yes,no
39187,no,no,no
39188,no,no,no
39189,no,no,no
39190,no,no,no
39191,no,no,yes
39192,no,no,no
39193,no,no,no
39194,no,yes,no
39195,no,no,no
39196,no,yes,no
39197,no,yes,no
39198,no,yes,no
39199,no,yes,no
39200,no,yes,no
39201,no,no,no
39202,no,no,no
39203,no,yes,no
39204,no,yes,no
39205,no,yes,no
39206,no,yes,no
39207,unknown,yes,no
39208,unknown,no,no
39209,no,yes,no
39210,unknown,no,no
39211,no,yes,no
39212,no,yes,no
39213,no,no,no
39214,unknown,no,no
39215,no,no,no
39216,no,no,no
39217,no,no,no
39218,no,yes,yes
39219,no,no,no
39220,no,yes,yes
39221,no,yes,no
39222,no,no,no
39223,no,yes,yes
39224,no,no,yes
39225,no,no,no
39226,no,no,yes
39227,no,no,yes
39228,no,no,no
39229,no,no,no
39230,no,yes,no
39231,no,yes,yes
39232,no,no,no
39233,no,no,yes
39234,no,yes,no
39235,no,yes,no
39236,no,yes,yes
39237,no,yes,yes
39238,no,yes,no
39239,no,no,no
39240,no,yes,no
39241,no,yes,no
39242,no,no,yes
39243,no,yes,no
39244,no,yes,no
39245,no,no,no
39246,no,yes,no
39247,no,yes,no
39248,no,yes,no
39249,no,no,no
39250,no,yes,no
39251,no,no,no
39252,no,yes,no
39253,no,yes,no
39254,no,no,no
39255,no,no,no
39256,no,no,no
39257,no,yes,no
39258,no,no,no
39259,no,no,no
39260,no,no,no
39261,no,yes,no
39262,no,no,no
39263,no,no,no
39264,no,yes,no
39265,no,yes,no
39266,no,no,no
39267,no,yes,no
39268,no,yes,yes
39269,no,yes,no
39270,no,no,yes
39271,no,yes,no
39272,no,yes,yes
39273,no,no,no
39274,no,yes,no
39275,no,no,no
39276,no,yes,no
39277,no,no,no
39278,no,no,no
39279,no,no,no
39280,no,yes,no
39281,no,yes,no
39282,no,no,no
39283,no,yes,no
39284,no,yes,no
39285,no,yes,no
39286,no,yes,no
39287,no,yes,no
39288,no,no,no
39289,no,yes,no
39290,no,yes,no
39291,no,yes,no
39292,no,no,no
39293,no,yes,no
39294,no,yes,no
39295,no,yes,yes
39296,no,no,no
39297,no,no,no
39298,no,unknown,unknown
39299,no,unknown,unknown
39300,no,no,no
39301,no,yes,no
39302,no,yes,yes
39303,no,no,no
39304,no,yes,no
39305,no,no,no
39306,no,unknown,unknown
39307,no,no,no
39308,no,no,no
39309,no,yes,no
39310,no,no,no
39311,no,no,no
39312,no,unknown,unknown
39313,no,yes,no
39314,no,yes,no
39315,no,yes,no
39316,no,yes,yes
39317,no,yes,no
39318,no,yes,no
39319,no,no,no
39320,no,no,no
39321,no,yes,no
39322,no,yes,no
39323,no,no,no
39324,no,no,no
39325,no,yes,no
39326,no,no,yes
39327,no,yes,no
39328,no,no,no
39329,no,no,no
39330,no,no,no
39331,no,no,no
39332,no,no,no
39333,no,no,no
39334,no,no,no
39335,no,no,yes
39336,no,yes,no
39337,no,yes,no
39338,no,no,no
39339,no,no,no
39340,no,no,no
39341,no,no,no
39342,no,yes,no
39343,no,yes,no
39344,no,no,no
39345,no,no,no
39346,no,no,no
39347,no,no,no
39348,no,yes,no
39349,no,no,no
39350,no,yes,no
39351,no,no,no
39352,no,no,no
39353,unknown,no,no
39354,no,yes,no
39355,no,yes,no
39356,no,yes,no
39357,no,yes,no
39358,no,no,no
39359,no,no,no
39360,no,no,no
39361,no,yes,no
39362,no,no,no
39363,no,yes,yes
39364,no,no,no
39365,no,no,no
39366,no,no,no
39367,no,yes,no
39368,no,yes,no
39369,no,no,no
39370,no,yes,no
39371,no,no,no
39372,no,no,no
39373,no,yes,no
39374,no,no,no
39375,no,yes,no
39376,no,no,no
39377,no,yes,no
39378,unknown,yes,no
39379,no,yes,no
39380,no,yes,no
39381,no,yes,no
39382,no,yes,no
39383,no,unknown,unknown
39384,no,yes,no
39385,no,no,no
39386,no,yes,no
39387,no,yes,no
39388,no,no,no
39389,no,yes,no
39390,no,no,no
39391,no,yes,no
39392,no,yes,no
39393,no,yes,no
39394,no,yes,no
39395,no,yes,yes
39396,no,no,yes
39397,no,yes,no
39398,no,yes,no
39399,no,no,no
39400,no,yes,no
39401,no,yes,no
39402,no,no,no
39403,no,no,no
39404,no,yes,no
39405,no,yes,yes
39406,no,yes,no
39407,no,no,no
39408,no,no,yes
39409,no,no,no
39410,no,yes,no
39411,no,no,no
39412,no,unknown,unknown
39413,no,no,no
39414,no,no,no
39415,no,yes,no
39416,no,yes,no
39417,no,yes,yes
39418,no,no,no
39419,no,no,yes
39420,no,yes,no
39421,no,no,no
39422,no,unknown,unknown
39423,no,yes,no
39424,no,yes,no
39425,no,yes,no
39426,no,no,no
39427,no,yes,no
39428,no,yes,no
39429,no,yes,no
39430,no,yes,no
39431,no,no,no
39432,no,no,no
39433,no,yes,no
39434,unknown,no,no
39435,no,yes,no
39436,no,yes,no
39437,no,no,no
39438,no,no,no
39439,no,no,no
39440,no,yes,no
39441,no,yes,no
39442,no,no,no
39443,no,no,no
39444,no,yes,yes
39445,no,yes,yes
39446,no,yes,yes
39447,no,yes,yes
39448,no,yes,yes
39449,no,yes,yes
39450,no,yes,yes
39451,no,yes,no
39452,no,no,no
39453,no,no,no
39454,no,yes,yes
39455,no,yes,no
39456,no,yes,no
39457,no,yes,yes
39458,no,no,no
39459,no,yes,no
39460,no,no,no
39461,no,yes,no
39462,no,yes,no
39463,no,yes,no
39464,no,yes,no
39465,no,yes,no
39466,no,yes,no
39467,no,yes,yes
39468,no,no,no
39469,no,yes,no
39470,no,no,no
39471,no,no,no
39472,no,no,no
39473,no,yes,no
39474,no,no,yes
39475,no,no,no
39476,unknown,no,no
39477,unknown,yes,no
39478,unknown,no,no
39479,no,no,no
39480,unknown,yes,no
39481,no,yes,no
39482,no,yes,no
39483,no,yes,no
39484,no,no,no
39485,no,yes,no
39486,no,yes,no
39487,no,yes,no
39488,no,yes,no
39489,no,yes,no
39490,no,yes,yes
39491,no,no,no
39492,no,yes,no
39493,no,yes,no
39494,no,yes,no
39495,no,yes,no
39496,no,yes,no
39497,no,yes,no
39498,no,yes,no
39499,no,yes,yes
39500,no,yes,yes
39501,no,no,no
39502,no,yes,no
39503,no,yes,no
39504,no,yes,no
39505,no,no,no
39506,no,yes,yes
39507,no,no,yes
39508,no,yes,no
39509,no,no,no
39510,no,yes,no
39511,no,no,no
39512,no,yes,no
39513,no,yes,no
39514,no,no,no
39515,no,yes,yes
39516,no,yes,no
39517,no,yes,yes
39518,no,no,no
39519,no,yes,no
39520,no,no,no
39521,no,no,no
39522,no,no,no
39523,no,no,no
39524,no,no,no
39525,no,yes,no
39526,no,yes,yes
39527,no,no,no
39528,no,yes,no
39529,no,yes,no
39530,no,yes,no
39531,no,no,no
39532,no,yes,no
39533,no,yes,no
39534,no,no,no
39535,no,no,no
39536,no,yes,no
39537,no,yes,no
39538,no,yes,no
39539,no,yes,no
39540,no,yes,no
39541,no,yes,no
39542,no,no,no
39543,no,yes,no
39544,no,no,no
39545,no,yes,no
39546,no,yes,no
39547,no,no,no
39548,no,no,no
39549,no,no,no
39550,no,no,no
39551,no,yes,no
39552,no,yes,no
39553,no,yes,no
39554,no,yes,no
39555,no,no,yes
39556,no,yes,no
39557,no,yes,yes
39558,no,yes,no
39559,no,no,no
39560,no,yes,no
39561,no,no,no
39562,no,no,yes
39563,no,yes,no
39564,no,no,yes
39565,no,yes,no
39566,no,yes,yes
39567,no,yes,no
39568,no,yes,yes
39569,no,no,no
39570,no,yes,no
39571,no,no,no
39572,no,no,no
39573,no,no,no
39574,no,no,no
39575,no,yes,no
39576,no,yes,no
39577,no,yes,no
39578,no,no,no
39579,no,no,no
39580,no,no,no
39581,no,yes,no
39582,no,yes,no
39583,no,no,yes
39584,no,yes,no
39585,no,no,no
39586,no,no,no
39587,no,yes,no
39588,no,yes,no
39589,no,no,no
39590,no,yes,no
39591,no,yes,no
39592,no,yes,no
39593,no,yes,no
39594,no,no,no
39595,no,no,no
39596,no,yes,no
39597,no,no,no
39598,no,yes,no
39599,no,yes,no
39600,no,yes,no
39601,no,yes,no
39602,no,yes,no
39603,no,yes,no
39604,no,yes,no
39605,no,no,no
39606,no,yes,yes
39607,no,no,no
39608,no,no,no
39609,no,yes,no
39610,no,yes,no
39611,no,yes,no
39612,no,no,no
39613,no,no,no
39614,no,no,no
39615,no,yes,no
39616,no,no,no
39617,no,yes,no
39618,no,no,no
39619,no,no,yes
39620,no,no,no
39621,no,yes,no
39622,no,no,no
39623,unknown,yes,yes
39624,no,yes,no
39625,no,no,no
39626,unknown,yes,no
39627,no,yes,no
39628,no,no,no
39629,no,no,no
39630,no,yes,no
39631,no,yes,no
39632,no,yes,no
39633,no,yes,no
39634,no,yes,no
39635,no,yes,no
39636,no,unknown,unknown
39637,no,yes,no
39638,no,yes,no
39639,no,yes,no
39640,no,yes,no
39641,no,yes,no
39642,no,yes,no
39643,no,no,no
39644,no,no,no
39645,no,yes,no
39646,no,no,no
39647,no,yes,no
39648,no,yes,no
39649,no,yes,no
39650,no,no,no
39651,no,yes,no
39652,no,no,no
39653,no,yes,no
39654,no,yes,no
39655,no,yes,no
39656,no,yes,no
39657,no,no,no
39658,no,yes,no
39659,no,yes,no
39660,no,yes,no
39661,no,no,no
39662,no,yes,no
39663,no,yes,no
39664,no,yes,no
39665,no,yes,no
39666,no,yes,no
39667,no,yes,no
39668,no,yes,yes
39669,no,no,no
39670,no,no,no
39671,no,yes,no
39672,no,no,yes
39673,no,no,no
39674,no,yes,no
39675,no,yes,yes
39676,no,yes,no
39677,no,yes,no
39678,no,yes,no
39679,no,yes,yes
39680,no,yes,yes
39681,no,yes,no
39682,no,yes,no
39683,no,yes,yes
39684,no,yes,no
39685,no,yes,no
39686,no,yes,no
39687,no,yes,yes
39688,no,no,no
39689,no,yes,no
39690,no,no,no
39691,no,yes,yes
39692,no,yes,no
39693,no,yes,no
39694,no,yes,yes
39695,no,no,no
39696,no,no,no
39697,no,no,no
39698,no,no,yes
39699,no,unknown,unknown
39700,no,no,yes
39701,no,yes,no
39702,no,yes,no
39703,no,no,no
39704,no,yes,yes
39705,no,yes,no
39706,no,no,no
39707,no,yes,no
39708,no,no,no
39709,no,unknown,unknown
39710,no,yes,no
39711,no,unknown,unknown
39712,no,yes,yes
39713,no,yes,no
39714,no,no,no
39715,no,yes,no
39716,no,yes,no
39717,no,no,no
39718,no,unknown,unknown
39719,no,no,yes
39720,no,no,no
39721,no,yes,no
39722,no,yes,no
39723,no,yes,yes
39724,no,yes,no
39725,no,yes,no
39726,no,no,no
39727,no,no,no
39728,no,no,no
39729,no,no,no
39730,no,yes,no
39731,no,no,no
39732,no,yes,no
39733,no,yes,no
39734,no,no,no
39735,unknown,no,no
39736,no,yes,no
39737,no,no,no
39738,no,yes,no
39739,no,no,no
39740,no,no,yes
39741,no,yes,no
39742,no,yes,no
39743,no,no,no
39744,no,no,no
39745,no,yes,no
39746,no,yes,yes
39747,no,yes,no
39748,no,yes,no
39749,no,no,yes
39750,no,no,no
39751,no,yes,no
39752,no,yes,no
39753,no,yes,no
39754,no,no,no
39755,no,yes,yes
39756,no,no,no
39757,unknown,yes,yes
39758,no,yes,no
39759,no,yes,no
39760,no,no,no
39761,no,no,yes
39762,no,yes,no
39763,no,no,no
39764,no,no,no
39765,no,unknown,unknown
39766,no,no,no
39767,no,yes,yes
39768,no,yes,no
39769,no,no,no
39770,no,no,yes
39771,no,yes,no
39772,no,yes,yes
39773,no,no,no
39774,no,no,no
39775,no,yes,yes
39776,no,yes,yes
39777,no,no,no
39778,no,no,no
39779,no,no,no
39780,no,yes,no
39781,no,yes,no
39782,no,yes,yes
39783,no,yes,no
39784,no,no,no
39785,no,yes,no
39786,no,yes,no
39787,no,yes,no
39788,no,yes,no
39789,no,yes,no
39790,no,yes,no
39791,no,yes,yes
39792,no,no,yes
39793,unknown,yes,yes
39794,no,no,no
39795,no,no,no
39796,no,no,no
39797,no,yes,no
39798,no,no,yes
39799,no,yes,no
39800,no,yes,no
39801,no,yes,no
39802,no,no,no
39803,no,no,no
39804,no,no,no
39805,no,yes,no
39806,no,yes,no
39807,no,yes,no
39808,no,yes,no
39809,no,yes,yes
39810,no,no,yes
39811,no,yes,no
39812,no,no,yes
39813,no,no,no
39814,no,yes,no
39815,no,no,yes
39816,no,no,yes
39817,no,yes,no
39818,no,yes,no
39819,no,yes,no
39820,no,no,no
39821,no,yes,no
39822,no,unknown,unknown
39823,no,no,no
39824,no,yes,no
39825,no,yes,no
39826,no,no,no
39827,no,yes,no
39828,no,yes,no
39829,no,yes,no
39830,no,no,no
39831,no,no,no
39832,no,yes,no
39833,no,no,no
39834,no,yes,no
39835,no,no,no
39836,no,no,yes
39837,no,no,no
39838,no,no,no
39839,no,yes,no
39840,no,no,no
39841,no,yes,no
39842,no,unknown,unknown
39843,no,no,yes
39844,no,no,no
39845,no,yes,no
39846,no,yes,no
39847,no,yes,no
39848,no,no,no
39849,no,yes,no
39850,no,yes,no
39851,no,no,no
39852,no,no,no
39853,no,no,yes
39854,no,yes,no
39855,no,yes,no
39856,no,no,no
39857,no,yes,no
39858,no,no,yes
39859,no,no,no
39860,no,yes,no
39861,no,no,no
39862,no,no,no
39863,no,yes,no
39864,no,yes,no
39865,no,no,no
39866,no,no,yes
39867,no,yes,no
39868,no,yes,no
39869,no,yes,no
39870,no,yes,no
39871,no,unknown,unknown
39872,no,yes,no
39873,no,yes,no
39874,no,yes,no
39875,no,yes,yes
39876,no,yes,no
39877,no,yes,no
39878,no,yes,no
39879,no,yes,no
39880,no,yes,no
39881,no,no,no
39882,no,yes,no
39883,no,no,no
39884,no,yes,no
39885,no,yes,yes
39886,no,yes,yes
39887,no,yes,yes
39888,no,yes,yes
39889,no,yes,no
39890,no,yes,no
39891,no,no,no
39892,no,no,yes
39893,no,no,no
39894,no,yes,no
39895,no,no,yes
39896,no,no,no
39897,no,no,yes
39898,no,yes,no
39899,no,yes,no
39900,no,yes,no
39901,no,yes,no
39902,no,no,no
39903,no,no,no
39904,no,yes,no
39905,no,no,no
39906,no,no,no
39907,no,no,no
39908,no,no,no
39909,no,no,yes
39910,no,yes,no
39911,no,yes,no
39912,no,no,no
39913,no,yes,yes
39914,no,no,no
39915,no,yes,yes
39916,no,no,no
39917,no,yes,yes
39918,no,no,no
39919,no,yes,no
39920,no,no,no
39921,no,yes,no
39922,no,yes,no
39923,no,no,no
39924,no,no,no
39925,no,yes,no
39926,no,yes,no
39927,no,no,no
39928,no,yes,yes
39929,no,yes,no
39930,no,yes,no
39931,no,no,no
39932,no,yes,yes
39933,no,yes,no
39934,no,no,no
39935,no,no,no
39936,no,no,no
39937,no,yes,no
39938,no,yes,no
39939,no,yes,no
39940,no,no,no
39941,no,yes,no
39942,no,no,no
39943,no,no,yes
39944,no,no,no
39945,no,yes,yes
39946,no,yes,no
39947,no,yes,no
39948,no,no,yes
39949,no,no,no
39950,no,yes,no
39951,no,yes,no
39952,no,yes,no
39953,no,yes,yes
39954,unknown,yes,no
39955,no,no,no
39956,no,yes,no
39957,no,no,no
39958,no,no,no
39959,no,no,yes
39960,no,yes,no
39961,no,no,no
39962,no,no,no
39963,no,no,no
39964,unknown,no,no
39965,no,yes,no
39966,no,yes,no
39967,no,no,no
39968,unknown,yes,no
39969,no,no,no
39970,no,yes,no
39971,no,no,no
39972,no,no,no
39973,no,no,no
39974,no,no,no
39975,unknown,yes,no
39976,unknown,yes,no
39977,no,no,no
39978,no,no,no
39979,no,no,no
39980,no,no,no
39981,no,yes,no
39982,no,yes,no
39983,no,yes,yes
39984,no,no,no
39985,no,yes,no
39986,no,no,no
39987,no,no,no
39988,no,yes,no
39989,no,no,no
39990,no,yes,no
39991,no,yes,no
39992,no,no,no
39993,no,no,no
39994,no,yes,no
39995,no,yes,no
39996,no,no,no
39997,no,yes,no
39998,no,yes,no
39999,no,yes,no
40000,no,yes,no
40001,no,yes,no
40002,unknown,no,no
40003,no,yes,yes
40004,no,no,no
40005,no,yes,yes
40006,no,no,yes
40007,no,yes,no
40008,no,yes,yes
40009,no,no,no
40010,no,yes,yes
40011,no,no,no
40012,no,yes,yes
40013,no,yes,no
40014,no,no,no
40015,no,yes,yes
40016,no,no,no
40017,no,no,no
40018,no,no,no
40019,no,no,no
40020,no,no,no
40021,no,yes,no
40022,no,no,no
40023,no,yes,no
40024,no,yes,yes
40025,no,yes,no
40026,no,yes,no
40027,no,no,no
40028,no,unknown,unknown
40029,no,no,yes
40030,no,yes,yes
40031,no,yes,no
40032,no,no,no
40033,no,no,no
40034,no,yes,no
40035,no,yes,no
40036,no,yes,yes
40037,no,no,no
40038,no,yes,no
40039,no,yes,no
40040,no,yes,no
40041,no,yes,no
40042,no,yes,no
40043,no,yes,no
40044,no,yes,no
40045,no,no,no
40046,no,yes,yes
40047,no,no,no
40048,no,no,no
40049,no,yes,yes
40050,no,no,no
40051,no,yes,no
40052,no,yes,yes
40053,no,yes,no
40054,no,no,no
40055,no,yes,yes
40056,no,yes,no
40057,no,no,no
40058,no,no,no
40059,no,yes,no
40060,no,yes,no
40061,no,yes,no
40062,no,yes,no
40063,no,unknown,unknown
40064,no,yes,yes
40065,no,no,yes
40066,no,no,no
40067,no,no,no
40068,no,yes,no
40069,no,no,no
40070,no,yes,no
40071,no,yes,yes
40072,no,no,no
40073,no,yes,no
40074,no,no,no
40075,no,no,no
40076,no,yes,no
40077,unknown,yes,no
40078,no,yes,no
40079,no,no,yes
40080,no,yes,no
40081,no,yes,no
40082,no,yes,no
40083,no,yes,no
40084,no,yes,no
40085,no,no,yes
40086,no,no,yes
40087,no,no,yes
40088,no,yes,no
40089,no,yes,no
40090,no,no,yes
40091,no,no,no
40092,no,yes,yes
40093,no,yes,yes
40094,no,no,yes
40095,no,no,yes
40096,no,no,yes
40097,no,no,yes
40098,no,no,no
40099,no,unknown,unknown
40100,no,no,no
40101,no,yes,no
40102,unknown,no,yes
40103,no,yes,yes
40104,no,no,no
40105,no,no,yes
40106,no,yes,yes
40107,no,no,no
40108,no,yes,no
40109,no,no,no
40110,no,yes,no
40111,no,yes,no
40112,unknown,no,no
40113,no,yes,no
40114,no,yes,yes
40115,no,yes,no
40116,no,no,no
40117,no,no,no
40118,no,yes,no
40119,no,yes,yes
40120,no,no,no
40121,no,no,no
40122,no,yes,no
40123,no,yes,no
40124,no,unknown,unknown
40125,no,yes,yes
40126,no,yes,no
40127,no,yes,no
40128,no,yes,no
40129,no,no,no
40130,no,yes,yes
40131,no,yes,no
40132,no,yes,no
40133,no,yes,no
40134,no,yes,no
40135,no,no,no
40136,no,yes,no
40137,no,yes,no
40138,no,yes,no
40139,no,yes,no
40140,no,yes,no
40141,no,yes,no
40142,no,yes,no
40143,no,yes,no
40144,no,yes,no
40145,no,no,no
40146,no,yes,no
40147,no,yes,no
40148,no,yes,yes
40149,no,yes,no
40150,no,yes,no
40151,no,no,no
40152,no,yes,no
40153,no,yes,no
40154,no,yes,no
40155,no,yes,no
40156,no,no,no
40157,no,yes,no
40158,no,no,yes
40159,no,no,no
40160,no,no,no
40161,no,yes,no
40162,no,yes,no
40163,no,no,no
40164,no,no,no
40165,no,no,no
40166,no,no,no
40167,no,yes,no
40168,no,yes,no
40169,no,yes,yes
40170,no,no,no
40171,no,yes,no
40172,no,yes,no
40173,no,yes,no
40174,no,no,no
40175,no,no,no
40176,no,no,no
40177,no,no,no
40178,no,no,no
40179,no,no,yes
40180,no,yes,yes
40181,no,no,no
40182,no,no,no
40183,no,yes,no
40184,no,yes,no
40185,no,yes,no
40186,no,no,no
40187,no,no,yes
40188,no,no,yes
40189,no,yes,no
40190,no,no,no
40191,no,no,yes
40192,no,yes,no
40193,no,yes,no
40194,no,yes,no
40195,no,no,no
40196,no,yes,no
40197,no,yes,no
40198,no,yes,no
40199,no,no,no
40200,no,yes,no
40201,no,yes,no
40202,no,yes,no
40203,no,yes,no
40204,no,yes,yes
40205,no,no,no
40206,no,yes,no
40207,no,no,yes
40208,no,no,yes
40209,no,yes,no
40210,no,yes,no
40211,no,no,no
40212,no,yes,no
40213,no,no,no
40214,no,no,no
40215,no,no,no
40216,no,no,no
40217,no,no,no
40218,no,yes,no
40219,no,no,no
40220,no,no,no
40221,no,yes,no
40222,no,yes,yes
40223,no,no,no
40224,no,yes,no
40225,no,yes,no
40226,no,yes,yes
40227,no,yes,no
40228,no,yes,no
40229,no,no,no
40230,no,yes,no
40231,no,yes,no
40232,no,yes,no
40233,no,no,no
40234,no,no,no
40235,no,no,no
40236,no,yes,no
40237,no,yes,no
40238,no,no,yes
40239,no,no,no
40240,no,yes,no
40241,no,no,no
40242,no,yes,yes
40243,no,no,no
40244,no,no,no
40245,no,yes,no
40246,no,yes,no
40247,no,no,no
40248,no,yes,no
40249,no,yes,no
40250,no,yes,no
40251,no,no,no
40252,no,yes,no
40253,no,no,no
40254,no,no,no
40255,no,no,no
40256,no,yes,yes
40257,no,no,no
40258,no,no,no
40259,no,yes,no
40260,no,no,no
40261,no,yes,yes
40262,no,yes,no
40263,no,yes,yes
40264,no,no,no
40265,no,yes,no
40266,no,no,no
40267,no,no,no
40268,no,yes,no
40269,no,no,no
40270,no,no,yes
40271,no,yes,yes
40272,no,yes,no
40273,no,yes,yes
40274,no,unknown,unknown
40275,no,no,no
40276,no,yes,no
40277,no,yes,yes
40278,no,yes,yes
40279,no,no,no
40280,no,unknown,unknown
40281,no,no,yes
40282,no,yes,no
40283,no,no,no
40284,no,no,no
40285,no,no,yes
40286,no,yes,yes
40287,no,no,no
40288,no,no,no
40289,no,yes,yes
40290,no,no,no
40291,no,no,no
40292,no,no,yes
40293,no,yes,no
40294,no,no,no
40295,no,yes,no
40296,no,no,no
40297,no,no,no
40298,no,yes,no
40299,no,yes,no
40300,no,no,no
40301,no,yes,no
40302,no,no,no
40303,no,yes,no
40304,no,yes,no
40305,no,yes,no
40306,no,no,no
40307,no,no,no
40308,no,no,yes
40309,no,yes,no
40310,no,yes,no
40311,no,yes,no
40312,no,yes,no
40313,no,yes,yes
40314,no,no,no
40315,no,yes,no
40316,no,yes,no
40317,no,unknown,unknown
40318,no,yes,no
40319,no,no,no
40320,no,yes,no
40321,no,no,no
40322,no,yes,no
40323,no,no,no
40324,no,no,yes
40325,no,no,no
40326,no,no,no
40327,no,no,no
40328,no,no,no
40329,no,yes,no
40330,no,yes,no
40331,no,yes,no
40332,no,yes,no
40333,no,yes,no
40334,no,yes,no
40335,no,no,no
40336,no,no,no
40337,no,no,no
40338,no,yes,no
40339,no,no,no
40340,no,no,no
40341,no,yes,yes
40342,no,yes,no
40343,no,yes,no
40344,no,yes,no
40345,no,no,no
40346,no,no,no
40347,no,no,no
40348,no,no,no
40349,no,yes,no
40350,no,yes,yes
40351,no,no,yes
40352,no,no,no
40353,no,yes,no
40354,no,yes,no
40355,no,no,no
40356,no,no,yes
40357,no,no,no
40358,no,no,no
40359,no,yes,no
40360,no,yes,no
40361,no,yes,yes
40362,unknown,yes,no
40363,no,yes,no
40364,no,yes,no
40365,no,yes,no
40366,no,yes,no
40367,no,no,no
40368,no,unknown,unknown
40369,no,no,no
40370,no,no,no
40371,no,no,no
40372,no,no,yes
40373,no,no,no
40374,no,yes,no
40375,no,yes,no
40376,no,no,no
40377,no,yes,no
40378,no,yes,no
40379,no,yes,no
40380,no,yes,no
40381,no,yes,no
40382,no,no,no
40383,no,yes,no
40384,no,yes,yes
40385,no,yes,no
40386,no,no,no
40387,no,no,no
40388,no,yes,yes
40389,no,no,no
40390,no,yes,no
40391,no,no,no
40392,no,yes,no
40393,no,no,no
40394,unknown,no,no
40395,no,unknown,unknown
40396,no,no,no
40397,no,no,no
40398,no,yes,no
40399,no,no,no
40400,no,yes,no
40401,no,no,no
40402,no,yes,no
40403,no,yes,no
40404,no,no,no
40405,no,yes,no
40406,no,yes,no
40407,no,yes,no
40408,no,yes,no
40409,no,no,no
40410,no,yes,yes
40411,no,no,no
40412,no,no,no
40413,no,no,no
40414,no,yes,no
40415,unknown,yes,no
40416,no,yes,no
40417,no,yes,no
40418,no,no,no
40419,no,no,no
40420,no,yes,no
40421,no,yes,no
40422,no,yes,no
40423,no,yes,no
40424,no,yes,no
40425,no,yes,no
40426,no,yes,yes
40427,no,no,no
40428,no,unknown,unknown
40429,no,yes,no
40430,no,no,no
40431,no,unknown,unknown
40432,no,no,no
40433,no,no,no
40434,no,no,no
40435,no,yes,no
40436,no,yes,no
40437,no,yes,no
40438,unknown,yes,no
40439,no,yes,no
40440,no,no,no
40441,no,yes,no
40442,no,no,no
40443,no,no,no
40444,no,yes,no
40445,no,yes,no
40446,unknown,yes,no
40447,no,no,no
40448,no,no,no
40449,no,no,no
40450,no,no,yes
40451,no,no,yes
40452,no,no,no
40453,no,no,no
40454,no,yes,no
40455,no,yes,no
40456,no,yes,no
40457,no,yes,yes
40458,no,no,no
40459,no,yes,no
40460,no,yes,no
40461,no,no,no
40462,no,yes,no
40463,no,yes,no
40464,no,yes,no
40465,no,yes,no
40466,no,yes,yes
40467,no,yes,no
40468,no,yes,no
40469,no,no,no
40470,no,no,yes
40471,no,no,no
40472,no,yes,no
40473,no,yes,no
40474,no,yes,no
40475,no,yes,yes
40476,no,yes,no
40477,no,no,no
40478,no,yes,no
40479,no,no,no
40480,no,yes,no
40481,no,yes,no
40482,no,no,no
40483,no,no,no
40484,no,yes,no
40485,no,yes,no
40486,no,no,no
40487,no,yes,no
40488,no,yes,no
40489,no,no,no
40490,no,no,no
40491,no,no,no
40492,no,unknown,unknown
40493,no,yes,no
40494,no,yes,yes
40495,no,no,no
40496,no,yes,no
40497,no,yes,no
40498,no,no,no
40499,no,no,no
40500,no,no,no
40501,no,no,no
40502,no,no,no
40503,no,no,no
40504,no,yes,yes
40505,no,no,no
40506,no,no,no
40507,no,no,no
40508,no,no,no
40509,no,yes,no
40510,no,yes,no
40511,no,no,no
40512,no,no,no
40513,no,no,no
40514,no,no,no
40515,no,yes,no
40516,no,yes,yes
40517,no,no,no
40518,no,no,no
40519,no,no,no
40520,no,no,no
40521,no,no,no
40522,no,yes,no
40523,no,yes,yes
40524,no,no,no
40525,no,unknown,unknown
40526,no,yes,no
40527,no,yes,no
40528,no,yes,no
40529,no,no,no
40530,no,no,no
40531,no,unknown,unknown
40532,no,yes,no
40533,no,no,no
40534,no,yes,no
40535,no,no,no
40536,no,yes,no
40537,no,yes,no
40538,no,no,no
40539,no,yes,no
40540,no,yes,no
40541,no,yes,no
40542,no,yes,no
40543,no,no,no
40544,no,unknown,unknown
40545,no,yes,no
40546,no,no,no
40547,no,no,no
40548,no,yes,no
40549,no,no,no
40550,no,no,no
40551,no,yes,no
40552,no,yes,no
40553,no,yes,no
40554,no,yes,no
40555,no,no,no
40556,no,yes,no
40557,no,yes,yes
40558,no,yes,no
40559,no,yes,no
40560,no,yes,no
40561,no,yes,no
40562,no,yes,no
40563,no,no,no
40564,no,no,yes
40565,no,yes,yes
40566,no,yes,no
40567,no,yes,yes
40568,no,no,no
40569,no,yes,no
40570,no,yes,no
40571,no,yes,yes
40572,no,yes,no
40573,no,no,no
40574,no,no,no
40575,no,no,no
40576,no,no,no
40577,no,no,no
40578,no,yes,no
40579,no,yes,no
40580,no,yes,no
40581,no,yes,no
40582,no,yes,no
40583,no,yes,no
40584,no,yes,no
40585,no,yes,no
40586,no,yes,no
40587,no,no,no
40588,no,no,no
40589,no,yes,no
40590,no,no,no
40591,no,no,no
40592,no,yes,no
40593,no,no,no
40594,no,no,no
40595,no,no,no
40596,no,yes,no
40597,no,yes,no
40598,no,yes,yes
40599,no,no,no
40600,no,no,no
40601,no,no,no
40602,no,no,no
40603,no,yes,no
40604,no,yes,yes
40605,no,no,no
40606,no,yes,yes
40607,no,yes,no
40608,no,unknown,unknown
40609,no,unknown,unknown
40610,no,unknown,unknown
40611,no,no,no
40612,no,no,no
40613,no,yes,no
40614,no,yes,no
40615,no,yes,yes
40616,no,no,no
40617,no,yes,no
40618,no,no,no
40619,no,no,no
40620,no,no,no
40621,no,no,no
40622,no,no,no
40623,no,yes,no
40624,no,yes,no
40625,no,yes,no
40626,no,yes,no
40627,no,no,no
40628,no,unknown,unknown
40629,no,no,yes
40630,no,no,yes
40631,no,yes,no
40632,no,yes,no
40633,no,yes,no
40634,no,no,no
40635,no,yes,no
40636,no,yes,no
40637,no,no,no
40638,no,no,no
40639,no,no,no
40640,no,yes,no
40641,no,no,no
40642,no,yes,no
40643,no,yes,no
40644,no,yes,no
40645,no,no,no
40646,no,yes,no
40647,no,yes,yes
40648,no,yes,no
40649,no,yes,no
40650,no,yes,no
40651,no,no,no
40652,no,yes,no
40653,no,no,no
40654,no,no,no
40655,no,no,no
40656,no,no,no
40657,unknown,yes,no
40658,no,no,yes
40659,no,unknown,unknown
40660,no,yes,no
40661,no,no,no
40662,no,unknown,unknown
40663,no,no,no
40664,no,yes,no
40665,no,no,no
40666,no,no,no
40667,no,yes,no
40668,no,yes,no
40669,no,yes,no
40670,no,yes,no
40671,no,yes,no
40672,no,yes,yes
40673,unknown,no,no
40674,unknown,no,no
40675,no,yes,no
40676,no,yes,no
40677,no,no,no
40678,no,yes,no
40679,no,yes,no
40680,no,no,no
40681,no,yes,no
40682,no,no,no
40683,no,yes,no
40684,no,no,no
40685,no,no,no
40686,no,yes,no
40687,no,no,no
40688,no,yes,no
40689,no,yes,no
40690,no,no,no
40691,no,yes,yes
40692,no,unknown,unknown
40693,no,no,no
40694,no,yes,yes
40695,no,yes,no
40696,no,no,no
40697,no,no,no
40698,no,no,no
40699,no,yes,no
40700,no,yes,yes
40701,no,yes,no
40702,no,no,no
40703,unknown,no,no
40704,no,no,no
40705,no,no,no
40706,no,yes,no
40707,no,no,no
40708,no,yes,no
40709,no,no,no
40710,no,no,no
40711,no,no,no
40712,no,no,no
40713,no,no,no
40714,no,no,no
40715,unknown,no,no
40716,no,yes,yes
40717,no,no,no
40718,no,no,no
40719,unknown,yes,yes
40720,no,no,no
40721,no,yes,yes
40722,no,no,no
40723,no,yes,yes
40724,no,no,no
40725,no,no,no
40726,no,unknown,unknown
40727,no,no,no
40728,unknown,yes,no
40729,no,yes,yes
40730,no,no,yes
40731,no,no,no
40732,no,yes,no
40733,no,unknown,unknown
40734,no,yes,no
40735,no,yes,no
40736,no,no,no
40737,no,no,no
40738,no,no,yes
40739,no,no,no
40740,no,yes,no
40741,no,no,no
40742,no,no,no
40743,no,no,yes
40744,no,yes,no
40745,no,yes,no
40746,no,no,yes
40747,no,no,yes
40748,no,yes,no
40749,no,yes,no
40750,no,yes,no
40751,no,yes,no
40752,no,yes,no
40753,no,yes,no
40754,no,no,no
40755,no,no,no
40756,no,yes,yes
40757,no,yes,no
40758,no,yes,no
40759,no,yes,yes
40760,no,yes,yes
40761,no,no,no
40762,no,yes,no
40763,no,yes,no
40764,no,no,no
40765,no,unknown,unknown
40766,no,no,no
40767,no,yes,no
40768,no,no,no
40769,no,no,no
40770,no,no,no
40771,no,yes,no
40772,no,yes,no
40773,no,no,no
40774,no,no,yes
40775,no,yes,no
40776,no,no,no
40777,no,yes,no
40778,no,yes,no
40779,no,no,no
40780,no,yes,no
40781,no,yes,yes
40782,no,no,no
40783,no,no,yes
40784,no,no,no
40785,no,yes,no
40786,no,no,no
40787,no,no,no
40788,no,yes,yes
40789,no,no,no
40790,no,yes,no
40791,no,yes,no
40792,no,yes,no
40793,no,unknown,unknown
40794,no,no,no
40795,no,yes,no
40796,no,yes,no
40797,no,yes,no
40798,no,no,no
40799,no,no,no
40800,no,no,yes
40801,no,no,no
40802,no,no,no
40803,no,no,no
40804,no,no,no
40805,no,yes,no
40806,no,yes,no
40807,no,yes,no
40808,no,yes,no
40809,no,yes,no
40810,no,yes,no
40811,no,yes,no
40812,no,no,no
40813,no,no,no
40814,no,no,no
40815,no,no,no
40816,no,no,no
40817,no,yes,no
40818,no,yes,yes
40819,no,yes,no
40820,no,yes,no
40821,no,yes,no
40822,no,yes,no
40823,no,yes,no
40824,no,yes,no
40825,no,no,no
40826,no,no,no
40827,no,yes,no
40828,no,no,no
40829,no,no,no
40830,no,yes,no
40831,no,no,no
40832,no,no,no
40833,no,unknown,unknown
40834,no,yes,no
40835,no,yes,no
40836,no,yes,no
40837,no,yes,no
40838,no,no,no
40839,no,yes,no
40840,no,yes,no
40841,no,yes,no
40842,no,yes,no
40843,no,no,no
40844,no,no,no
40845,no,yes,no
40846,no,no,no
40847,no,no,no
40848,no,yes,yes
40849,no,no,yes
40850,no,yes,no
40851,no,yes,no
40852,no,yes,no
40853,no,no,yes
40854,no,yes,no
40855,no,no,no
40856,no,no,no
40857,no,yes,no
40858,no,no,no
40859,no,yes,yes
40860,no,no,no
40861,no,yes,no
40862,no,yes,no
40863,no,yes,no
40864,no,no,yes
40865,no,yes,no
40866,no,yes,no
40867,no,no,no
40868,no,no,no
40869,no,no,no
40870,no,no,no
40871,no,yes,yes
40872,no,yes,yes
40873,no,yes,no
40874,no,yes,no
40875,no,no,no
40876,no,unknown,unknown
40877,no,no,no
40878,no,yes,no
40879,no,no,no
40880,no,yes,no
40881,no,no,no
40882,no,yes,no
40883,no,no,no
40884,no,yes,no
40885,no,yes,yes
40886,no,no,no
40887,unknown,no,no
40888,no,yes,no
40889,no,no,no
40890,no,no,no
40891,no,yes,no
40892,no,yes,no
40893,no,yes,no
40894,no,yes,no
40895,no,no,no
40896,no,unknown,unknown
40897,no,yes,no
40898,no,yes,no
40899,no,yes,no
40900,no,yes,no
40901,no,yes,no
40902,no,no,yes
40903,no,yes,no
40904,no,yes,no
40905,no,no,no
40906,no,yes,no
40907,no,no,no
40908,no,yes,yes
40909,no,yes,yes
40910,no,no,no
40911,no,no,no
40912,no,no,no
40913,no,yes,no
40914,no,yes,yes
40915,no,no,no
40916,no,no,no
40917,no,no,no
40918,no,no,no
40919,no,no,no
40920,no,no,yes
40921,no,yes,no
40922,no,yes,no
40923,no,yes,no
40924,no,no,no
40925,no,yes,no
40926,no,yes,no
40927,no,no,no
40928,no,yes,yes
40929,no,no,no
40930,no,yes,yes
40931,no,yes,no
40932,no,yes,yes
40933,no,no,no
40934,no,no,no
40935,no,no,no
40936,no,no,no
40937,no,no,no
40938,no,yes,no
40939,no,no,no
40940,no,no,no
40941,unknown,no,no
40942,unknown,unknown,unknown
40943,no,yes,yes
40944,no,no,no
40945,no,yes,no
40946,no,no,no
40947,no,yes,no
40948,no,yes,yes
40949,no,no,no
40950,no,no,no
40951,no,yes,no
40952,no,no,no
40953,no,yes,no
40954,no,yes,no
40955,no,no,no
40956,no,yes,no
40957,no,yes,no
40958,no,no,no
40959,no,yes,no
40960,no,no,no
40961,no,no,no
40962,no,no,no
40963,no,no,no
40964,no,yes,no
40965,no,no,yes
40966,no,yes,no
40967,no,yes,no
40968,no,yes,no
40969,no,no,no
40970,unknown,yes,no
40971,no,yes,no
40972,no,yes,no
40973,no,yes,no
40974,no,yes,yes
40975,no,yes,no
40976,no,yes,yes
40977,no,no,no
40978,no,yes,yes
40979,no,yes,no
40980,no,yes,yes
40981,no,yes,no
40982,no,yes,no
40983,no,yes,no
40984,no,yes,no
40985,no,no,no
40986,no,no,no
40987,unknown,yes,yes
40988,no,yes,no
40989,no,yes,yes
40990,no,no,yes
40991,no,unknown,unknown
40992,no,yes,no
40993,no,yes,yes
40994,no,yes,no
40995,no,yes,yes
40996,no,no,no
40997,no,yes,no
40998,no,yes,no
40999,no,yes,no
41000,no,yes,no
41001,no,yes,no
41002,no,no,no
41003,no,yes,no
41004,no,yes,no
41005,no,yes,no
41006,no,no,no
41007,no,no,no
41008,no,no,no
41009,no,yes,no
41010,no,no,no
41011,no,yes,no
41012,no,no,no
41013,no,yes,no
41014,no,no,no
41015,no,unknown,unknown
41016,no,unknown,unknown
41017,no,yes,no
41018,no,yes,no
41019,no,yes,no
41020,no,yes,no
41021,no,yes,no
41022,no,yes,no
41023,no,no,yes
41024,no,no,no
41025,no,no,no
41026,no,no,no
41027,no,yes,yes
41028,no,yes,yes
41029,no,yes,no
41030,no,unknown,unknown
41031,no,no,no
41032,no,yes,no
41033,no,yes,no
41034,no,yes,no
41035,no,yes,no
41036,no,yes,no
41037,no,yes,no
41038,no,yes,no
41039,no,yes,no
41040,no,yes,no
41041,no,yes,no
41042,no,yes,no
41043,no,yes,no
41044,no,yes,no
41045,no,no,no
41046,no,yes,no
41047,no,no,no
41048,no,no,no
41049,no,yes,no
41050,no,no,no
41051,no,no,no
41052,no,no,no
41053,no,no,no
41054,no,no,no
41055,no,no,no
41056,no,yes,no
41057,no,no,yes
41058,no,no,yes
41059,no,yes,no
41060,no,no,no
41061,no,yes,no
41062,no,yes,no
41063,no,yes,no
41064,no,yes,no
41065,no,no,no
41066,no,no,no
41067,no,no,no
41068,no,no,no
41069,no,yes,no
41070,no,no,yes
41071,no,no,no
41072,no,no,no
41073,no,yes,yes
41074,no,no,no
41075,no,yes,no
41076,no,no,no
41077,no,yes,no
41078,no,yes,yes
41079,no,no,no
41080,no,yes,no
41081,no,no,yes
41082,no,yes,no
41083,no,no,no
41084,no,yes,yes
41085,no,yes,no
41086,no,yes,yes
41087,no,yes,no
41088,no,yes,no
41089,no,yes,no
41090,no,yes,no
41091,no,no,yes
41092,no,yes,no
41093,no,yes,no
41094,no,no,no
41095,no,yes,no
41096,no,yes,no
41097,no,yes,no
41098,no,no,no
41099,no,yes,yes
41100,no,no,no
41101,no,yes,no
41102,no,yes,no
41103,no,no,no
41104,no,yes,no
41105,no,yes,no
41106,no,no,no
41107,no,no,no
41108,no,yes,no
41109,no,no,no
41110,no,yes,no
41111,no,yes,no
41112,no,no,yes
41113,no,yes,no
41114,no,no,no
41115,no,no,no
41116,no,unknown,unknown
41117,no,no,no
41118,no,no,no
41119,no,yes,no
41120,no,yes,no
41121,no,no,no
41122,no,yes,no
41123,no,no,no
41124,no,no,no
41125,no,yes,no
41126,no,yes,no
41127,no,yes,no
41128,no,yes,yes
41129,no,yes,no
41130,no,no,no
41131,no,yes,no
41132,no,yes,no
41133,no,no,no
41134,no,yes,no
41135,no,no,no
41136,no,yes,no
41137,no,yes,no
41138,no,yes,no
41139,no,yes,no
41140,no,yes,no
41141,no,yes,no
41142,no,yes,no
41143,no,yes,no
41144,no,no,yes
41145,no,yes,no
41146,no,no,no
41147,no,yes,no
41148,no,yes,no
41149,no,yes,no
41150,no,yes,no
41151,no,yes,no
41152,no,no,no
41153,no,yes,no
41154,no,yes,no
41155,no,yes,no
41156,no,no,no
41157,no,yes,no
41158,no,no,no
41159,no,no,no
41160,no,yes,no
41161,no,no,no
41162,no,yes,no
41163,no,yes,no
41164,no,yes,no
41165,no,no,no
41166,no,no,no
41167,no,no,no
41168,no,yes,no
41169,no,no,no
41170,no,yes,no
41171,no,yes,no
41172,no,yes,no
41173,no,yes,no
41174,no,yes,no
41175,no,yes,no
41176,no,yes,no
41177,no,yes,yes
41178,no,yes,no
41179,no,no,no
41180,no,yes,no
41181,no,no,no
41182,no,yes,no
41183,no,yes,no
41184,no,yes,no
41185,no,no,no
41186,no,yes,no
41187,no,no,no
41188,no,yes,no
